-- Adminer 4.7.7 MySQL dump

SET NAMES utf8;
SET time_zone = '+00:00';
SET foreign_key_checks = 0;
SET sql_mode = 'NO_AUTO_VALUE_ON_ZERO';

DROP TABLE IF EXISTS `countries`;
CREATE TABLE `countries` (
  `countries_id` int(11) NOT NULL AUTO_INCREMENT,
  `countries_name` varchar(64) NOT NULL DEFAULT '',
  `countries_iso_code` varchar(2) NOT NULL,
  `countries_isd_code` varchar(7) DEFAULT NULL,
  PRIMARY KEY (`countries_id`)
) ENGINE=InnoDB AUTO_INCREMENT=100 DEFAULT CHARSET=utf8;

INSERT INTO `countries` (`countries_id`, `countries_name`, `countries_iso_code`, `countries_isd_code`) VALUES
(57,	'Denmark',	'DK',	'45'),
(99,	'India',	'IN',	'91');

SET NAMES utf8mb4;

DROP TABLE IF EXISTS `current_location`;
CREATE TABLE `current_location` (
  `id` int(11) NOT NULL AUTO_INCREMENT,
  `order_id` int(11) NOT NULL,
  `user_id` int(11) NOT NULL,
  `delivery_boy` int(11) NOT NULL,
  `latitude` varchar(50) NOT NULL,
  `longitude` varchar(50) NOT NULL,
  `created_at` timestamp NOT NULL DEFAULT CURRENT_TIMESTAMP ON UPDATE CURRENT_TIMESTAMP,
  `updated_at` timestamp NULL DEFAULT NULL,
  PRIMARY KEY (`id`)
) ENGINE=InnoDB AUTO_INCREMENT=48 DEFAULT CHARSET=utf8mb4;

INSERT INTO `current_location` (`id`, `order_id`, `user_id`, `delivery_boy`, `latitude`, `longitude`, `created_at`, `updated_at`) VALUES
(36,	10,	0,	176,	'18.7629167',	'79.4773947',	'2020-12-07 08:29:37',	'2020-12-07 08:29:37'),
(37,	7,	0,	174,	'30.7046',	'76.7179',	'2020-12-09 10:55:48',	'2020-12-09 10:55:48'),
(38,	20,	0,	174,	'30.7046',	'76.7179',	'2020-12-12 12:19:59',	'2020-12-12 12:19:59'),
(39,	21,	0,	178,	'18.7635174',	'79.4772436',	'2020-12-13 07:36:32',	'2020-12-13 07:36:32'),
(40,	22,	0,	178,	'18.7629775',	'79.4773506',	'2020-12-15 16:19:36',	'2020-12-15 16:19:36'),
(41,	22,	0,	178,	'18.7629749',	'79.4773523',	'2020-12-15 16:19:46',	'2020-12-15 16:19:46'),
(42,	22,	0,	178,	'18.7629749',	'79.4773523',	'2020-12-15 16:19:56',	'2020-12-15 16:19:56'),
(46,	39,	0,	181,	'37.4218531',	'-122.0839539',	'2020-12-30 11:21:31',	'2020-12-30 11:21:31'),
(47,	39,	0,	181,	'37.4218531',	'-122.0839539',	'2020-12-30 11:22:11',	'2020-12-30 11:22:11');

DROP TABLE IF EXISTS `device_detail`;
CREATE TABLE `device_detail` (
  `id` int(11) NOT NULL AUTO_INCREMENT,
  `user_id` int(11) NOT NULL,
  `user_type` enum('customer','store') NOT NULL,
  `device_type` enum('android','ios') NOT NULL DEFAULT 'android',
  `device_token` varchar(255) NOT NULL,
  `status` int(11) NOT NULL DEFAULT '1',
  `created_at` timestamp NULL DEFAULT NULL ON UPDATE CURRENT_TIMESTAMP,
  `updated_at` timestamp NULL DEFAULT NULL ON UPDATE CURRENT_TIMESTAMP,
  PRIMARY KEY (`id`)
) ENGINE=MyISAM AUTO_INCREMENT=34 DEFAULT CHARSET=latin1;

INSERT INTO `device_detail` (`id`, `user_id`, `user_type`, `device_type`, `device_token`, `status`, `created_at`, `updated_at`) VALUES
(27,	178,	'customer',	'android',	'ftDgpkajQJGWTep9cliF1Q:APA91bEHDO4lPeEpQArk7fvIcPr1TKCdatF-BEz3UNJFEZ1EapVUR8OGpljPlgqPEoN6ig9sdTm11CZDm8-Grz7LOXVz9s5M1MjCwtxfcvpOwz6BMLICvfNOsVwXaKUIoUThPjE3GtbG',	1,	'2020-12-30 12:06:20',	'2020-12-30 12:06:20'),
(25,	46,	'customer',	'ios',	'cvfSnNWn9ECXrOoNQwvJ-a:APA91bFyOMexXjkMzy2tT7fbRjTkp7VNCRsDNZ1S7tsfDX2d4um8qjL-ihiuXZ3IvyyLCjhgCDB4f35yFPpjb80YQeqR8CLkVQcghKg2ZNbzK0I4_KHMygkYRlIEPpcnUmZXbQUtzhGs',	1,	'2020-12-12 09:39:51',	'2020-12-12 09:39:51'),
(26,	47,	'customer',	'android',	'czfgqbeiRKSSfIUZISzvfu:APA91bH59bjYHpNC2nqW0jIBJK3VE9oW6ESoV2TzFoAMY16xhqKdLj1_Ew5M49kclXz-asJRO53Rt7WLlROQUIoMjhQQlUwUP1a70HyeWzKx4K9n8LYs7UCbAqmd5hq_krUdZAs2M3sY',	1,	'2020-12-13 07:17:24',	'2020-12-13 07:17:24'),
(23,	177,	'customer',	'android',	'cNVwpHBiRGCnpyhZ2F8OdC:APA91bHmvI9dX8AQdET-2I2xA0lhvGY6T2YKF595wvp4yFQ2SkxkfeGzJoZr_BO-EpCAmD6NjMjRW-3jGGmPWzKaTbwrRPspmzrwCaobTtok7Z2WaA6MtRUinBkphQ_15uV3hq5q7meL',	1,	'2020-12-07 08:39:45',	'2020-12-07 08:39:45'),
(22,	176,	'customer',	'android',	'c6EttKSDRoqs6XifnXoJoV:APA91bE1Pl5-4OlyDrYP1ieuPkFzhzK67Q0AGerRc7oba4G9VMyfmHooivYhCEAm3rs35U4lyTVXLg_p9afCApkdjlTY1nnIM3wJjkFCucH3tRL6BiNPf6k9ZuPC46x5hSwDfrM_eNAu',	1,	'2020-12-05 07:13:04',	'2020-12-05 07:13:04'),
(20,	45,	'customer',	'android',	'eeG7Mv8HQlO8PRiM5-vnVI:APA91bFb9JfXT1m5KQaxV4NrShIgD4SgqbI4ocY8_yViO72pw-FprruemIac2DN1G0lWhbNqdPklB0r2LW76ToyDCNNMg60iawCJMoyDc0F4CRZM6glmwTcmRO51R69j2f8FlX7tc9oB',	1,	'2020-12-04 11:32:09',	'2020-12-04 11:32:09'),
(21,	175,	'customer',	'android',	'dmtKaj2NTjGhtCG2nyzf_o:APA91bFERInZM5jCpzLWna_SzkDEcqXCOHsAFnqmv8k-ZSETKPiM6RTB71imofr6a9d96qpOM_jTKhoiwLAa-HYgzY8t2Ug4wWc8ZRyZcP-kPHZTdoW9lziDEanKpw6XkuEBmI6yKO5I',	1,	'2020-12-30 12:14:09',	'2020-12-30 12:14:09'),
(19,	44,	'customer',	'android',	'cziiHg1NTXinqW8Z_NZOtI:APA91bF9TJ-LJR7mBpnO3ucNAUBIkykTw0xPmbSmEcFzGINbKgPWH2OMpSqJT_4VdxHY91q6PsPP6dZ9D2T671POZ8hBS0dxkKLjNxM6yn5H-IFUzOk0Hnfo1ozodWwznXJnB88KI2to',	1,	'2020-12-03 17:53:09',	'2020-12-03 17:53:09'),
(18,	173,	'customer',	'android',	'cxIEsiDWTGSYB86ni4lhVe:APA91bHy5nRXTdeKQXoOMzSFsAWirm2mddyH0dOhgQOQnyWx7JCEaWDGytc-OX6VtxphYVzga76T9ug8QNp9ZyE6TS0DYX99PM6SiwvAXTkv2ewx3N_Hek-Z92FAG8Sh-4eeUIMDKL1E',	1,	'2020-12-14 10:15:53',	'2020-12-14 10:15:53'),
(24,	174,	'customer',	'android',	'f6X4R5njQTm-NMMbSxu7DH:APA91bELqS7URkTLlxpum89NcA5qFADR5V8JzQ3N81KsxX2Dlxd1LyTIcbvy-Xka08_NAOmT2C0TKbm2qNycxa2uZExIbpAUzcF-HFMECPPv0DdQ2p7c6fA-Zpx4WYO44FbNUx2-3dcw',	1,	'2020-12-19 09:03:41',	'2020-12-19 09:03:41'),
(28,	179,	'customer',	'android',	'cncCLGAWS6K5jvBGP3JDaP:APA91bGjlukxtYS_HVxexnpdxEMjYNYVa-GwGT4U2WpKAZgKfoDkjuRRvJyLV4pcXsxhiZR-_E9qhwYOv4-cyTRSp0OjZrnYbqLTqMqzADCBo4_Y_n_TzKyAl8M9PQIk2uWCNLIEWo8m',	1,	'2020-12-15 17:00:14',	'2020-12-15 17:00:14'),
(29,	180,	'customer',	'android',	'askjdakdlaksdaksd',	1,	'2020-12-22 19:17:45',	'2020-12-22 19:17:45'),
(31,	181,	'customer',	'android',	'eICHyqmmQY61CElihO8tEE:APA91bGau9gNvjFJPCtHyny84fbx2JeuLAWsVos5tzgyTNw2JOYFDxy9WeAYm6Y4Ytk1gEvqai6cPHrAtFlfY83EyiGgaF4Q9EDdCvSeVxbHgDFzDgW8rltkH17dLR0o9dqNJxPYrnsx',	1,	'2020-12-30 11:18:15',	'2020-12-30 11:18:15'),
(30,	50,	'customer',	'android',	'chkRgITvS5ix0Iijv7Brs5:APA91bH4hQLVUv8eZYuSxpSdFZnOCy5Z9_-wuQn33qOCuwd3g6UbqnutkTxHkBWsMfqCYU2be3rUyGqhGiCSlSrBdoLla93gWXLzdWDRmKtwpBPSLKPrzKRgb4cNSUM8mMG8_jyLkZyo',	1,	'2020-12-19 12:12:58',	'2020-12-19 12:12:58'),
(32,	52,	'customer',	'android',	'd6tCrscxQ2isx_urotiRsv:APA91bF5htPfzateaC2kE0k2PgYm0b4eqEjlYH-dt9yrZx2Rsccow-n02Tc4ZUbHrz-HkdqrDVRy6BkPdLcYZUoD-0vgCZJrNQywGWEdyLXUZwrrT1UxC7zilwbpgK1MnFPoUG8cyVWK',	1,	'2020-12-30 12:47:45',	'2020-12-30 12:47:45'),
(33,	51,	'customer',	'android',	'dIaCStghTSmd8RUqVwrsrA:APA91bHG1S5M7nUU2RaZIlitmhiG07NHRigHlNncnDKIFCwS6svBzZehju81AIBMnJmxsOYngsTPcyGiCKBxHoBZJMTqrd6vxbDy48GnXRABCP-hJpw9eRHSXe_8mC4B6bU_lDzDoKPU',	1,	'2021-01-02 06:23:49',	'2021-01-02 06:23:49');

DROP TABLE IF EXISTS `migrations`;
CREATE TABLE `migrations` (
  `id` int(10) unsigned NOT NULL AUTO_INCREMENT,
  `migration` varchar(191) COLLATE utf8mb4_unicode_ci NOT NULL,
  `batch` int(11) NOT NULL,
  PRIMARY KEY (`id`)
) ENGINE=MyISAM AUTO_INCREMENT=26 DEFAULT CHARSET=utf8mb4 COLLATE=utf8mb4_unicode_ci;

INSERT INTO `migrations` (`id`, `migration`, `batch`) VALUES
(8,	'2014_10_12_000000_create_users_table',	1),
(9,	'2014_10_12_100000_create_password_resets_table',	1),
(10,	'2018_04_08_055516_create_permission_tables',	1),
(11,	'2018_04_08_184453_create_websitesettings_table',	1),
(12,	'2018_04_11_183511_create_organizationmasters_table',	1),
(14,	'2018_04_16_173443_create_jobmasters_table',	2),
(16,	'2018_04_24_171105_create_candidatemasters_table',	3),
(17,	'2018_04_26_183446_create_keywords_table',	4),
(18,	'2018_04_26_183603_create_skills_table',	4),
(25,	'2018_05_06_093229_create_interview_schedules_table',	5);

DROP TABLE IF EXISTS `model_has_permissions`;
CREATE TABLE `model_has_permissions` (
  `permission_id` int(10) unsigned NOT NULL,
  `model_id` int(10) unsigned NOT NULL,
  `model_type` varchar(191) COLLATE utf8mb4_unicode_ci NOT NULL,
  PRIMARY KEY (`permission_id`,`model_id`,`model_type`),
  KEY `model_has_permissions_model_id_model_type_index` (`model_id`,`model_type`)
) ENGINE=MyISAM DEFAULT CHARSET=utf8mb4 COLLATE=utf8mb4_unicode_ci;


DROP TABLE IF EXISTS `model_has_roles`;
CREATE TABLE `model_has_roles` (
  `role_id` int(10) unsigned NOT NULL,
  `model_id` int(10) unsigned NOT NULL,
  `model_type` varchar(191) COLLATE utf8mb4_unicode_ci NOT NULL,
  PRIMARY KEY (`role_id`,`model_id`,`model_type`),
  KEY `model_has_roles_model_id_model_type_index` (`model_id`,`model_type`)
) ENGINE=MyISAM DEFAULT CHARSET=utf8mb4 COLLATE=utf8mb4_unicode_ci;

INSERT INTO `model_has_roles` (`role_id`, `model_id`, `model_type`) VALUES
(1,	1,	'App\\User'),
(2,	13,	'App\\User'),
(2,	16,	'App\\User'),
(2,	35,	'App\\User'),
(2,	37,	'App\\User'),
(2,	40,	'App\\User'),
(2,	45,	'App\\User'),
(2,	55,	'App\\User'),
(2,	59,	'App\\User'),
(2,	61,	'App\\User'),
(2,	62,	'App\\User'),
(2,	63,	'App\\User'),
(3,	14,	'App\\User'),
(3,	15,	'App\\User'),
(3,	16,	'App\\User'),
(3,	20,	'App\\User'),
(3,	22,	'App\\User'),
(3,	29,	'App\\User'),
(3,	32,	'App\\User'),
(3,	39,	'App\\User'),
(3,	41,	'App\\User'),
(3,	48,	'App\\User'),
(3,	53,	'App\\User'),
(3,	54,	'App\\User'),
(3,	56,	'App\\User'),
(3,	60,	'App\\User'),
(3,	64,	'App\\User'),
(4,	23,	'App\\User'),
(4,	24,	'App\\User'),
(4,	33,	'App\\User'),
(4,	34,	'App\\User'),
(4,	36,	'App\\User'),
(4,	38,	'App\\User'),
(4,	42,	'App\\User'),
(4,	46,	'App\\User'),
(4,	50,	'App\\User'),
(4,	51,	'App\\User'),
(4,	52,	'App\\User'),
(4,	57,	'App\\User'),
(5,	27,	'App\\User'),
(5,	43,	'App\\User'),
(5,	44,	'App\\User'),
(5,	47,	'App\\User'),
(5,	49,	'App\\User'),
(5,	58,	'App\\User'),
(7,	65,	'App\\User'),
(13,	66,	'App\\User'),
(18,	67,	'App\\User'),
(18,	70,	'App\\User'),
(18,	78,	'App\\User'),
(18,	80,	'App\\User'),
(18,	82,	'App\\User'),
(18,	83,	'App\\User'),
(18,	86,	'App\\User'),
(18,	97,	'App\\User'),
(18,	99,	'App\\User'),
(18,	101,	'App\\User'),
(18,	102,	'App\\User'),
(18,	116,	'App\\User'),
(18,	121,	'App\\User'),
(18,	123,	'App\\User'),
(18,	129,	'App\\User'),
(18,	130,	'App\\User'),
(18,	132,	'App\\User'),
(18,	134,	'App\\User'),
(18,	140,	'App\\User'),
(18,	141,	'App\\User'),
(19,	76,	'App\\User'),
(19,	79,	'App\\User'),
(19,	81,	'App\\User'),
(19,	84,	'App\\User'),
(19,	85,	'App\\User'),
(19,	90,	'App\\User'),
(19,	91,	'App\\User'),
(19,	93,	'App\\User'),
(19,	94,	'App\\User'),
(19,	106,	'App\\User'),
(19,	110,	'App\\User'),
(19,	118,	'App\\User'),
(19,	131,	'App\\User'),
(19,	135,	'App\\User'),
(19,	137,	'App\\User'),
(20,	68,	'App\\User'),
(20,	69,	'App\\User'),
(20,	72,	'App\\User'),
(20,	73,	'App\\User'),
(20,	75,	'App\\User'),
(20,	77,	'App\\User'),
(20,	95,	'App\\User'),
(20,	96,	'App\\User'),
(20,	100,	'App\\User'),
(20,	103,	'App\\User'),
(20,	104,	'App\\User'),
(20,	105,	'App\\User'),
(20,	113,	'App\\User'),
(20,	114,	'App\\User'),
(20,	115,	'App\\User'),
(20,	122,	'App\\User'),
(20,	125,	'App\\User'),
(20,	128,	'App\\User'),
(20,	133,	'App\\User'),
(20,	139,	'App\\User'),
(20,	142,	'App\\User'),
(20,	143,	'App\\User'),
(20,	145,	'App\\User'),
(20,	146,	'App\\User'),
(20,	147,	'App\\User'),
(20,	148,	'App\\User'),
(20,	149,	'App\\User'),
(20,	150,	'App\\User'),
(20,	151,	'App\\User'),
(20,	152,	'App\\User'),
(20,	153,	'App\\User'),
(20,	155,	'App\\User'),
(20,	168,	'App\\User'),
(20,	173,	'App\\User'),
(20,	175,	'App\\User'),
(20,	179,	'App\\User'),
(20,	180,	'App\\User'),
(25,	71,	'App\\User'),
(25,	74,	'App\\User'),
(25,	87,	'App\\User'),
(25,	88,	'App\\User'),
(25,	89,	'App\\User'),
(25,	107,	'App\\User'),
(25,	108,	'App\\User'),
(25,	109,	'App\\User'),
(25,	119,	'App\\User'),
(25,	136,	'App\\User'),
(25,	138,	'App\\User'),
(32,	92,	'App\\User'),
(32,	111,	'App\\User'),
(32,	112,	'App\\User'),
(32,	120,	'App\\User'),
(33,	117,	'App\\User'),
(33,	124,	'App\\User'),
(33,	126,	'App\\User'),
(33,	127,	'App\\User'),
(36,	144,	'App\\User'),
(36,	154,	'App\\User'),
(37,	157,	'App\\User'),
(37,	158,	'App\\User'),
(37,	159,	'App\\User'),
(37,	160,	'App\\User'),
(37,	161,	'App\\User'),
(37,	162,	'App\\User'),
(37,	163,	'App\\User'),
(37,	164,	'App\\User'),
(37,	165,	'App\\User'),
(37,	166,	'App\\User'),
(37,	167,	'App\\User'),
(37,	169,	'App\\User'),
(37,	170,	'App\\User'),
(37,	171,	'App\\User'),
(37,	172,	'App\\User'),
(37,	174,	'App\\User'),
(37,	176,	'App\\User'),
(37,	177,	'App\\User'),
(37,	178,	'App\\User'),
(37,	181,	'App\\User'),
(38,	156,	'App\\User');

DROP TABLE IF EXISTS `notification`;
CREATE TABLE `notification` (
  `id` int(11) NOT NULL AUTO_INCREMENT,
  `sent_by` int(11) DEFAULT NULL,
  `sent_to` int(11) NOT NULL,
  `noti_type` varchar(100) DEFAULT NULL,
  `is_read` int(11) NOT NULL DEFAULT '0',
  `status` int(11) unsigned NOT NULL,
  `message` text,
  `created_at` timestamp NOT NULL DEFAULT CURRENT_TIMESTAMP,
  `updated_at` timestamp NOT NULL DEFAULT CURRENT_TIMESTAMP ON UPDATE CURRENT_TIMESTAMP,
  PRIMARY KEY (`id`)
) ENGINE=InnoDB AUTO_INCREMENT=166 DEFAULT CHARSET=utf8mb4;

INSERT INTO `notification` (`id`, `sent_by`, `sent_to`, `noti_type`, `is_read`, `status`, `message`, `created_at`, `updated_at`) VALUES
(66,	NULL,	46,	'Order Placed (#AMG1725947)',	0,	0,	'Your order has been placed successfully! ',	'2020-12-12 09:56:07',	'2020-12-12 09:56:07'),
(67,	NULL,	175,	'New Order',	0,	0,	'You have recive new order with order id : AMG1725947',	'2020-12-12 09:56:07',	'2020-12-12 09:56:07'),
(68,	NULL,	174,	'New Order',	0,	0,	'Your have got new order with order id : AMG5620403',	'2020-12-12 10:06:14',	'2020-12-12 10:06:14'),
(69,	NULL,	46,	'Order Placed (#AMG5620403)',	0,	0,	'Your order has been placed successfully! ',	'2020-12-12 10:06:14',	'2020-12-12 10:06:14'),
(70,	NULL,	173,	'New Order',	0,	0,	'You have recive new order with order id : AMG5620403',	'2020-12-12 10:06:14',	'2020-12-12 10:06:14'),
(71,	NULL,	174,	'New Order',	0,	0,	'Your have got new order with order id : AMG7556382',	'2020-12-12 11:44:37',	'2020-12-12 11:44:37'),
(72,	NULL,	46,	'Order Placed (#AMG7556382)',	0,	0,	'Your order has been placed successfully! ',	'2020-12-12 11:44:38',	'2020-12-12 11:44:38'),
(73,	NULL,	173,	'New Order',	0,	0,	'You have recive new order with order id : AMG7556382',	'2020-12-12 11:44:38',	'2020-12-12 11:44:38'),
(74,	NULL,	46,	'Preparing',	0,	0,	'Your order is being prepared!.',	'2020-12-12 12:18:30',	'2020-12-12 12:18:30'),
(75,	NULL,	46,	'Picked',	0,	0,	'Rajesh Thakur has picked up your order.',	'2020-12-12 12:19:46',	'2020-12-12 12:19:46'),
(76,	NULL,	46,	'Delivered',	0,	0,	'Your order has been delivered successfully!.',	'2020-12-12 12:22:34',	'2020-12-12 12:22:34'),
(77,	NULL,	173,	'Payment Recive',	0,	0,	'Payment  successfully recived with order id : AMG7556382',	'2020-12-12 12:22:44',	'2020-12-12 12:22:44'),
(78,	NULL,	47,	'Order Placed (#AMG0683000)',	0,	0,	'Your order has been placed successfully! ',	'2020-12-13 07:18:21',	'2020-12-13 07:18:21'),
(79,	NULL,	175,	'New Order',	0,	0,	'You have recive new order with order id : AMG0683000',	'2020-12-13 07:18:21',	'2020-12-13 07:18:21'),
(80,	NULL,	47,	'Preparing',	0,	0,	'Your order is being prepared!.',	'2020-12-13 07:20:05',	'2020-12-13 07:20:05'),
(81,	NULL,	178,	'Order Assign',	0,	0,	'Order has been successfully assign.',	'2020-12-13 07:34:49',	'2020-12-13 07:34:49'),
(82,	NULL,	47,	'Picked',	0,	0,	'ram has picked up your order.',	'2020-12-13 07:35:44',	'2020-12-13 07:35:44'),
(83,	NULL,	47,	'Delivered',	0,	0,	'Your order has been delivered successfully!.',	'2020-12-13 07:36:44',	'2020-12-13 07:36:44'),
(84,	NULL,	175,	'Payment Recive',	0,	0,	'Payment  successfully recived with order id : AMG0683000',	'2020-12-13 07:36:46',	'2020-12-13 07:36:46'),
(85,	NULL,	47,	'Order Placed (#AMG6232048)',	0,	0,	'Your order has been placed successfully! ',	'2020-12-15 15:50:53',	'2020-12-15 15:50:53'),
(86,	NULL,	175,	'New Order',	0,	0,	'You have recive new order with order id : AMG6232048',	'2020-12-15 15:50:53',	'2020-12-15 15:50:53'),
(87,	NULL,	47,	'Preparing',	0,	0,	'Your order is being prepared!.',	'2020-12-15 15:55:46',	'2020-12-15 15:55:46'),
(88,	NULL,	178,	'Order Assign',	0,	0,	'Order has been successfully assign.',	'2020-12-15 15:57:14',	'2020-12-15 15:57:14'),
(89,	NULL,	47,	'Picked',	0,	0,	'ram has picked up your order.',	'2020-12-15 16:19:21',	'2020-12-15 16:19:21'),
(90,	NULL,	47,	'Delivered',	0,	0,	'Your order has been delivered successfully!.',	'2020-12-15 16:37:10',	'2020-12-15 16:37:10'),
(91,	NULL,	175,	'Payment Recive',	0,	0,	'Payment  successfully recived with order id : AMG6232048',	'2020-12-15 16:37:12',	'2020-12-15 16:37:12'),
(92,	NULL,	47,	'Order Placed (#AMG1156338)',	0,	0,	'Your order has been placed successfully! ',	'2020-12-15 16:39:39',	'2020-12-15 16:39:39'),
(93,	NULL,	175,	'New Order',	0,	0,	'You have recive new order with order id : AMG1156338',	'2020-12-15 16:39:39',	'2020-12-15 16:39:39'),
(94,	NULL,	177,	'New Order',	0,	0,	'Your have got new order with order id : AMG3766908',	'2020-12-15 17:38:52',	'2020-12-15 17:38:52'),
(95,	NULL,	47,	'Order Placed (#AMG3766908)',	0,	0,	'Your order has been placed successfully! ',	'2020-12-15 17:38:52',	'2020-12-15 17:38:52'),
(96,	NULL,	175,	'New Order',	0,	0,	'You have recive new order with order id : AMG3766908',	'2020-12-15 17:38:52',	'2020-12-15 17:38:52'),
(97,	NULL,	46,	'Order Placed (#AMG7886465)',	0,	0,	'Your order has been placed successfully! ',	'2020-12-19 11:51:58',	'2020-12-19 11:51:58'),
(98,	NULL,	175,	'New Order',	0,	0,	'You have recive new order with order id : AMG7886465',	'2020-12-19 11:51:59',	'2020-12-19 11:51:59'),
(99,	NULL,	50,	'Order Placed (#AMG9425835)',	0,	0,	'Your order has been placed successfully! ',	'2020-12-19 12:18:41',	'2020-12-19 12:18:41'),
(100,	NULL,	175,	'New Order',	0,	0,	'You have recive new order with order id : AMG9425835',	'2020-12-19 12:18:41',	'2020-12-19 12:18:41'),
(101,	NULL,	50,	'Order Placed (#AMG0523260)',	0,	0,	'Your order has been placed successfully! ',	'2020-12-19 16:34:57',	'2020-12-19 16:34:57'),
(102,	NULL,	175,	'New Order',	0,	0,	'You have recive new order with order id : AMG0523260',	'2020-12-19 16:34:57',	'2020-12-19 16:34:57'),
(103,	NULL,	50,	'Order Placed (#AMG7007877)',	0,	0,	'Your order has been placed successfully! ',	'2020-12-19 16:35:15',	'2020-12-19 16:35:15'),
(104,	NULL,	175,	'New Order',	0,	0,	'You have recive new order with order id : AMG7007877',	'2020-12-19 16:35:15',	'2020-12-19 16:35:15'),
(105,	NULL,	50,	'Order Placed (#AMG8498813)',	0,	0,	'Your order has been placed successfully! ',	'2020-12-19 16:35:16',	'2020-12-19 16:35:16'),
(106,	NULL,	175,	'New Order',	0,	0,	'You have recive new order with order id : AMG8498813',	'2020-12-19 16:35:16',	'2020-12-19 16:35:16'),
(107,	NULL,	50,	'Order Placed (#AMG1425070)',	0,	0,	'Your order has been placed successfully! ',	'2020-12-19 16:37:11',	'2020-12-19 16:37:11'),
(108,	NULL,	175,	'New Order',	0,	0,	'You have recive new order with order id : AMG1425070',	'2020-12-19 16:37:11',	'2020-12-19 16:37:11'),
(109,	NULL,	50,	'Order Placed (#AMG8226648)',	0,	0,	'Your order has been placed successfully! ',	'2020-12-19 16:40:15',	'2020-12-19 16:40:15'),
(110,	NULL,	175,	'New Order',	0,	0,	'You have recive new order with order id : AMG8226648',	'2020-12-19 16:40:15',	'2020-12-19 16:40:15'),
(111,	NULL,	50,	'Order Placed (#AMG6364811)',	0,	0,	'Your order has been placed successfully! ',	'2020-12-19 16:41:33',	'2020-12-19 16:41:33'),
(112,	NULL,	175,	'New Order',	0,	0,	'You have recive new order with order id : AMG6364811',	'2020-12-19 16:41:33',	'2020-12-19 16:41:33'),
(113,	NULL,	50,	'Order Placed (#AMG3225612)',	0,	0,	'Your order has been placed successfully! ',	'2020-12-19 16:42:30',	'2020-12-19 16:42:30'),
(114,	NULL,	175,	'New Order',	0,	0,	'You have recive new order with order id : AMG3225612',	'2020-12-19 16:42:30',	'2020-12-19 16:42:30'),
(115,	NULL,	47,	'Order Placed (#AMG8147407)',	0,	0,	'Your order has been placed successfully! ',	'2020-12-23 09:29:44',	'2020-12-23 09:29:44'),
(116,	NULL,	175,	'New Order',	0,	0,	'You have recive new order with order id : AMG8147407',	'2020-12-23 09:29:44',	'2020-12-23 09:29:44'),
(117,	NULL,	47,	'Preparing',	0,	0,	'Your order is being prepared!.',	'2020-12-23 09:30:21',	'2020-12-23 09:30:21'),
(118,	NULL,	178,	'Order Assign',	0,	0,	'Order has been successfully assign.',	'2020-12-23 09:31:17',	'2020-12-23 09:31:17'),
(119,	NULL,	47,	'Picked',	0,	0,	'ram has picked up your order.',	'2020-12-23 09:36:54',	'2020-12-23 09:36:54'),
(120,	NULL,	47,	'Delivered',	0,	0,	'Your order has been delivered successfully!.',	'2020-12-23 09:38:18',	'2020-12-23 09:38:18'),
(121,	NULL,	175,	'Payment Recive',	0,	0,	'Payment  successfully recived with order id : AMG8147407',	'2020-12-23 09:38:21',	'2020-12-23 09:38:21'),
(122,	NULL,	47,	'Order Placed (#AMG6468247)',	0,	0,	'Your order has been placed successfully! ',	'2020-12-23 09:39:02',	'2020-12-23 09:39:02'),
(123,	NULL,	175,	'New Order',	0,	0,	'You have recive new order with order id : AMG6468247',	'2020-12-23 09:39:02',	'2020-12-23 09:39:02'),
(124,	NULL,	47,	'Preparing',	0,	0,	'Your order is being prepared!.',	'2020-12-23 09:39:23',	'2020-12-23 09:39:23'),
(125,	NULL,	50,	'Order Placed (#AMG1760981)',	0,	0,	'Your order has been placed successfully! ',	'2020-12-30 09:42:50',	'2020-12-30 09:42:50'),
(126,	NULL,	180,	'New Order',	0,	0,	'You have recive new order with order id : AMG1760981',	'2020-12-30 09:42:50',	'2020-12-30 09:42:50'),
(127,	NULL,	50,	'Canceled',	0,	0,	'Your order has been canceled',	'2020-12-30 10:19:43',	'2020-12-30 10:19:43'),
(128,	NULL,	50,	'Order Placed (#AMG9463338)',	0,	0,	'Your order has been placed successfully! ',	'2020-12-30 10:49:10',	'2020-12-30 10:49:10'),
(129,	NULL,	180,	'New Order',	0,	0,	'You have recive new order with order id : AMG9463338',	'2020-12-30 10:49:10',	'2020-12-30 10:49:10'),
(130,	NULL,	50,	'Preparing',	0,	0,	'Your order is ready to pick-up!.',	'2020-12-30 10:50:58',	'2020-12-30 10:50:58'),
(131,	NULL,	50,	'Delivered',	0,	0,	'Your order has been delivered successfully!.',	'2020-12-30 10:59:31',	'2020-12-30 10:59:31'),
(132,	NULL,	50,	'Delivered',	0,	0,	'Your order has been delivered successfully!.',	'2020-12-30 10:59:52',	'2020-12-30 10:59:52'),
(133,	NULL,	180,	'Payment Recive',	0,	0,	'Payment  successfully recived with order id : AMG9463338',	'2020-12-30 10:59:58',	'2020-12-30 10:59:58'),
(134,	NULL,	50,	'Order Placed (#AMG4978118)',	0,	0,	'Your order has been placed successfully! ',	'2020-12-30 11:07:35',	'2020-12-30 11:07:35'),
(135,	NULL,	175,	'New Order',	0,	0,	'You have recive new order with order id : AMG4978118',	'2020-12-30 11:07:35',	'2020-12-30 11:07:35'),
(136,	NULL,	50,	'Order Placed (#AMG6686304)',	0,	0,	'Your order has been placed successfully! ',	'2020-12-30 11:11:59',	'2020-12-30 11:11:59'),
(137,	NULL,	180,	'New Order',	0,	0,	'You have recive new order with order id : AMG6686304',	'2020-12-30 11:11:59',	'2020-12-30 11:11:59'),
(138,	NULL,	50,	'Preparing',	0,	0,	'Your order is being prepared!.',	'2020-12-30 11:13:39',	'2020-12-30 11:13:39'),
(139,	NULL,	181,	'Order Assign',	0,	0,	'Order has been successfully assign.',	'2020-12-30 11:13:49',	'2020-12-30 11:13:49'),
(140,	NULL,	50,	'Picked',	0,	0,	'Mukesh Thakur has picked up your order.',	'2020-12-30 11:21:04',	'2020-12-30 11:21:04'),
(141,	NULL,	52,	'Order Placed (#AMG7268532)',	0,	0,	'Your order has been placed successfully! ',	'2020-12-30 12:50:21',	'2020-12-30 12:50:21'),
(142,	NULL,	175,	'New Order',	0,	0,	'You have recive new order with order id : AMG7268532',	'2020-12-30 12:50:21',	'2020-12-30 12:50:21'),
(143,	NULL,	52,	'Preparing',	0,	0,	'Your order is being prepared!.',	'2020-12-31 06:14:44',	'2020-12-31 06:14:44'),
(144,	NULL,	51,	'Order Placed (#AMG4147311)',	0,	0,	'Your order has been placed successfully! ',	'2021-01-02 06:24:38',	'2021-01-02 06:24:38'),
(145,	NULL,	180,	'New Order',	0,	0,	'You have recive new order with order id : AMG4147311',	'2021-01-02 06:24:38',	'2021-01-02 06:24:38'),
(146,	NULL,	51,	'Order Placed (#AMG7908851)',	0,	0,	'Your order has been placed successfully! ',	'2021-01-02 06:29:41',	'2021-01-02 06:29:41'),
(147,	NULL,	175,	'New Order',	0,	0,	'You have recive new order with order id : AMG7908851',	'2021-01-02 06:29:42',	'2021-01-02 06:29:42'),
(148,	NULL,	51,	'Canceled',	0,	0,	'Your order has been canceled',	'2021-01-02 06:31:21',	'2021-01-02 06:31:21'),
(149,	NULL,	51,	'Canceled',	0,	0,	'Your order has been canceled',	'2021-01-02 06:31:34',	'2021-01-02 06:31:34'),
(150,	NULL,	51,	'Canceled',	0,	0,	'Your order has been canceled',	'2021-01-02 06:32:22',	'2021-01-02 06:32:22'),
(151,	NULL,	47,	'Order Placed (#AMG9957321)',	0,	0,	'Your order has been placed successfully! ',	'2021-01-02 06:32:35',	'2021-01-02 06:32:35'),
(152,	NULL,	175,	'New Order',	0,	0,	'You have recive new order with order id : AMG9957321',	'2021-01-02 06:32:35',	'2021-01-02 06:32:35'),
(153,	NULL,	47,	'Preparing',	0,	0,	'Your order is ready to pick-up!.',	'2021-01-02 06:33:19',	'2021-01-02 06:33:19'),
(154,	NULL,	47,	'Delivered',	0,	0,	'Your order has been delivered successfully!.',	'2021-01-04 07:55:27',	'2021-01-04 07:55:27'),
(155,	NULL,	175,	'Payment Recive',	0,	0,	'Payment  successfully recived with order id : AMG9957321',	'2021-01-04 07:55:32',	'2021-01-04 07:55:32'),
(156,	NULL,	47,	'Order Placed (#AMG7876565)',	0,	0,	'Your order has been placed successfully! ',	'2021-01-04 07:58:14',	'2021-01-04 07:58:14'),
(157,	NULL,	175,	'New Order',	0,	0,	'You have recive new order with order id : AMG7876565',	'2021-01-04 07:58:14',	'2021-01-04 07:58:14'),
(158,	NULL,	47,	'Canceled',	0,	0,	'Your order has been canceled',	'2021-01-04 07:59:58',	'2021-01-04 07:59:58'),
(159,	NULL,	50,	'Preparing',	0,	0,	'Your order is ready to pick-up!.',	'2021-01-04 08:02:04',	'2021-01-04 08:02:04'),
(160,	NULL,	50,	'Preparing',	0,	0,	'Your order is ready to pick-up!.',	'2021-01-04 08:02:09',	'2021-01-04 08:02:09'),
(161,	NULL,	50,	'Preparing',	0,	0,	'Your order is ready to pick-up!.',	'2021-01-04 08:02:11',	'2021-01-04 08:02:11'),
(162,	NULL,	47,	'Delivered',	0,	0,	'Your order has been delivered successfully!.',	'2021-01-04 08:03:08',	'2021-01-04 08:03:08'),
(163,	NULL,	175,	'Payment Recive',	0,	0,	'Payment  successfully recived with order id : AMG6468247',	'2021-01-04 08:03:10',	'2021-01-04 08:03:10'),
(164,	NULL,	51,	'Order Placed (#AMG0902284)',	0,	0,	'Your order has been placed successfully! ',	'2021-02-09 14:58:06',	'2021-02-09 14:58:06'),
(165,	NULL,	175,	'New Order',	0,	0,	'You have recive new order with order id : AMG0902284',	'2021-02-09 14:58:06',	'2021-02-09 14:58:06');

DROP TABLE IF EXISTS `password_resets`;
CREATE TABLE `password_resets` (
  `email` varchar(191) COLLATE utf8mb4_unicode_ci NOT NULL,
  `token` varchar(191) COLLATE utf8mb4_unicode_ci NOT NULL,
  `created_at` timestamp NULL DEFAULT NULL,
  KEY `password_resets_email_index` (`email`)
) ENGINE=MyISAM DEFAULT CHARSET=utf8mb4 COLLATE=utf8mb4_unicode_ci;


DROP TABLE IF EXISTS `permissions`;
CREATE TABLE `permissions` (
  `id` int(10) unsigned NOT NULL AUTO_INCREMENT,
  `name` varchar(191) COLLATE utf8mb4_unicode_ci NOT NULL,
  `guard_name` varchar(191) COLLATE utf8mb4_unicode_ci NOT NULL,
  `parent_id` int(11) NOT NULL DEFAULT '0',
  `permission_action` varchar(100) COLLATE utf8mb4_unicode_ci NOT NULL,
  `url` varchar(100) COLLATE utf8mb4_unicode_ci NOT NULL,
  `permission_order` int(11) NOT NULL DEFAULT '1',
  `created_at` timestamp NULL DEFAULT NULL,
  `updated_at` timestamp NULL DEFAULT NULL,
  PRIMARY KEY (`id`)
) ENGINE=MyISAM AUTO_INCREMENT=26 DEFAULT CHARSET=utf8mb4 COLLATE=utf8mb4_unicode_ci;

INSERT INTO `permissions` (`id`, `name`, `guard_name`, `parent_id`, `permission_action`, `url`, `permission_order`, `created_at`, `updated_at`) VALUES
(5,	'Master',	'web',	0,	'view',	'#',	1,	'2020-10-07 08:04:27',	'2020-10-07 08:04:27'),
(6,	'Category',	'web',	5,	'add,edit,delete,view',	'admin/category',	1,	'2020-10-07 08:06:45',	'2020-10-07 08:06:45'),
(7,	'Unit',	'web',	5,	'add,edit,delete,view',	'admin/unit',	1,	'2020-10-07 08:07:57',	'2020-10-07 08:07:57'),
(8,	'Brand',	'web',	5,	'add,edit,delete,view',	'admin/brand',	1,	'2020-10-07 08:08:29',	'2020-10-07 08:08:29'),
(9,	'Product',	'web',	5,	'add,edit,delete,view',	'admin/product',	1,	'2020-10-07 08:08:58',	'2020-10-07 08:08:58'),
(10,	'Email Template Editor',	'web',	5,	'add,edit,delete,view',	'admin/emailtemplate',	1,	'2020-10-07 08:09:25',	'2020-10-07 08:09:25'),
(11,	'SMS Template Editor',	'web',	5,	'add,edit,delete,view',	'admin/messages',	1,	'2020-10-07 08:10:04',	'2020-10-07 08:10:04'),
(12,	'Create Offer',	'web',	5,	'add,edit,delete,view',	'admin/offer',	1,	'2020-10-07 08:10:32',	'2020-10-07 08:10:32'),
(13,	'Static Page Editor',	'web',	5,	'add,edit,delete,view',	'admin/staticpages',	1,	'2020-10-07 08:11:06',	'2020-10-07 08:11:06'),
(14,	'Customer Management',	'web',	0,	'add,edit,delete,view',	'admin/customer',	1,	'2020-10-07 08:11:54',	'2020-10-07 08:11:54'),
(15,	'User Management',	'web',	0,	'add,edit,delete,view',	'admin/users',	1,	'2020-10-07 08:12:35',	'2020-10-07 08:12:35'),
(16,	'Store Management',	'web',	0,	'add,edit,delete,view',	'admin/store',	1,	'2020-10-07 08:13:04',	'2020-10-07 08:13:04'),
(17,	'Inventory Management',	'web',	0,	'add,edit,delete,view',	'admin/inventory',	1,	'2020-10-07 08:17:22',	'2020-10-07 08:17:22'),
(18,	'Banner Promotion',	'web',	0,	'add,edit,delete,view',	'admin/banner',	1,	'2020-10-07 08:18:23',	'2020-10-07 08:18:23'),
(19,	'Abandoned Cart',	'web',	0,	'add,edit,delete,view',	'admin/abandoned',	1,	'2020-10-07 08:18:55',	'2020-10-07 08:18:55'),
(20,	'Order Managment',	'web',	0,	'add,edit,delete,view',	'admin/order',	1,	'2020-10-07 08:19:26',	'2020-10-07 08:19:26'),
(21,	'Bulk SMS',	'web',	0,	'add,edit,delete,view',	'admin/bulksms',	1,	'2020-10-08 00:54:13',	'2020-10-08 00:54:13'),
(22,	'Send Push Notifications',	'web',	0,	'view',	'admin/pushnotifications',	1,	'2020-10-08 01:45:44',	'2020-10-08 01:45:44'),
(24,	'Plans',	'web',	5,	'add,edit,delete,view',	'admin/plans',	1,	'2020-10-10 13:29:45',	'2020-10-10 13:29:45'),
(25,	'Subscription Details',	'web',	0,	'add,edit,delete,view',	'/getPaymentDetails',	1,	'2020-10-20 09:57:43',	'2020-10-20 09:57:43');

DROP TABLE IF EXISTS `permissions1`;
CREATE TABLE `permissions1` (
  `id` int(10) unsigned NOT NULL AUTO_INCREMENT,
  `name` varchar(191) COLLATE utf8mb4_unicode_ci NOT NULL,
  `guard_name` varchar(191) COLLATE utf8mb4_unicode_ci NOT NULL,
  `parent_id` int(11) NOT NULL DEFAULT '0',
  `permission_order` int(11) NOT NULL DEFAULT '1',
  `created_at` timestamp NULL DEFAULT NULL,
  `updated_at` timestamp NULL DEFAULT NULL,
  PRIMARY KEY (`id`)
) ENGINE=MyISAM AUTO_INCREMENT=106 DEFAULT CHARSET=utf8mb4 COLLATE=utf8mb4_unicode_ci;

INSERT INTO `permissions1` (`id`, `name`, `guard_name`, `parent_id`, `permission_order`, `created_at`, `updated_at`) VALUES
(2,	'Customer Managment',	'web',	0,	2,	'2018-10-31 06:51:07',	'2018-10-31 06:51:07'),
(1,	'User Managment',	'web',	0,	1,	'2018-09-30 18:30:00',	NULL),
(20,	'Delete',	'web',	1,	1,	NULL,	NULL),
(19,	'View',	'web',	1,	1,	NULL,	NULL),
(18,	'View',	'web',	2,	1,	NULL,	NULL),
(17,	'Delete',	'web',	2,	1,	NULL,	NULL),
(3,	'Store Managment',	'web',	0,	3,	'2018-10-31 06:51:14',	'2018-10-31 06:51:14'),
(4,	'Inventory Managment',	'web',	0,	4,	'2018-10-31 06:51:21',	'2018-10-31 06:51:21'),
(5,	'Report module',	'web',	0,	5,	'2018-10-31 06:51:29',	'2018-10-31 06:51:29'),
(15,	'Add',	'web',	2,	1,	NULL,	NULL),
(16,	'Edit',	'web',	2,	1,	NULL,	NULL),
(21,	'Add',	'web',	1,	1,	NULL,	NULL),
(22,	'Edit',	'web',	1,	1,	NULL,	NULL),
(23,	'View',	'web',	3,	1,	NULL,	NULL),
(24,	'Delete',	'web',	3,	1,	NULL,	NULL),
(25,	'Add',	'web',	3,	1,	NULL,	NULL),
(26,	'Edit',	'web',	3,	1,	NULL,	NULL),
(27,	'View',	'web',	4,	1,	NULL,	NULL),
(28,	'Delete',	'web',	4,	1,	NULL,	NULL),
(29,	'Add',	'web',	4,	1,	NULL,	NULL),
(30,	'Edit',	'web',	4,	1,	NULL,	NULL),
(31,	'View',	'web',	5,	1,	NULL,	NULL),
(49,	'Log Module',	'web',	0,	6,	'2019-09-06 06:08:01',	'2019-09-06 06:08:01'),
(50,	'view',	'web',	49,	1,	'2019-09-06 06:08:01',	'2019-09-06 06:08:01'),
(51,	'Order Module',	'web',	0,	1,	'2019-10-01 09:08:59',	'2019-10-01 09:08:59'),
(52,	'edit',	'web',	51,	1,	'2019-10-01 09:08:59',	'2019-10-01 09:08:59'),
(53,	'view',	'web',	51,	1,	'2019-10-01 09:08:59',	'2019-10-01 09:08:59'),
(54,	'Email Template',	'web',	0,	7,	'2019-09-06 06:08:01',	'2019-09-06 06:08:01'),
(55,	'view',	'web',	54,	1,	'2019-10-01 09:08:59',	'2019-10-01 09:08:59'),
(56,	'Master',	'web',	0,	1,	'2020-10-07 06:12:51',	'2020-10-07 06:12:51'),
(57,	'add',	'web',	56,	1,	'2020-10-07 06:12:51',	'2020-10-07 06:12:51'),
(58,	'edit',	'web',	56,	1,	'2020-10-07 06:12:51',	'2020-10-07 06:12:51'),
(59,	'delete',	'web',	56,	1,	'2020-10-07 06:12:51',	'2020-10-07 06:12:51'),
(60,	'view',	'web',	56,	1,	'2020-10-07 06:12:51',	'2020-10-07 06:12:51'),
(61,	'Create Offer',	'web',	0,	1,	'2020-10-07 06:13:46',	'2020-10-07 06:13:46'),
(62,	'add',	'web',	61,	1,	'2020-10-07 06:13:46',	'2020-10-07 06:13:46'),
(63,	'edit',	'web',	61,	1,	'2020-10-07 06:13:46',	'2020-10-07 06:13:46'),
(64,	'delete',	'web',	61,	1,	'2020-10-07 06:13:46',	'2020-10-07 06:13:46'),
(65,	'view',	'web',	61,	1,	'2020-10-07 06:13:46',	'2020-10-07 06:13:46'),
(66,	'Banner Promotion',	'web',	0,	1,	'2020-10-07 06:14:07',	'2020-10-07 06:14:07'),
(67,	'add',	'web',	66,	1,	'2020-10-07 06:14:07',	'2020-10-07 06:14:07'),
(68,	'edit',	'web',	66,	1,	'2020-10-07 06:14:07',	'2020-10-07 06:14:07'),
(69,	'delete',	'web',	66,	1,	'2020-10-07 06:14:07',	'2020-10-07 06:14:07'),
(70,	'view',	'web',	66,	1,	'2020-10-07 06:14:07',	'2020-10-07 06:14:07'),
(71,	'Category',	'web',	0,	1,	'2020-10-07 07:12:46',	'2020-10-07 07:12:46'),
(72,	'add',	'web',	71,	1,	'2020-10-07 07:12:46',	'2020-10-07 07:12:46'),
(73,	'edit',	'web',	71,	1,	'2020-10-07 07:12:46',	'2020-10-07 07:12:46'),
(74,	'delete',	'web',	71,	1,	'2020-10-07 07:12:46',	'2020-10-07 07:12:46'),
(75,	'view',	'web',	71,	1,	'2020-10-07 07:12:46',	'2020-10-07 07:12:46'),
(76,	'Unit',	'web',	0,	1,	'2020-10-07 07:13:01',	'2020-10-07 07:13:01'),
(77,	'add',	'web',	76,	1,	'2020-10-07 07:13:01',	'2020-10-07 07:13:01'),
(78,	'edit',	'web',	76,	1,	'2020-10-07 07:13:01',	'2020-10-07 07:13:01'),
(79,	'delete',	'web',	76,	1,	'2020-10-07 07:13:01',	'2020-10-07 07:13:01'),
(80,	'view',	'web',	76,	1,	'2020-10-07 07:13:01',	'2020-10-07 07:13:01'),
(81,	'Brand',	'web',	0,	1,	'2020-10-07 07:13:17',	'2020-10-07 07:13:17'),
(82,	'add',	'web',	81,	1,	'2020-10-07 07:13:17',	'2020-10-07 07:13:17'),
(83,	'edit',	'web',	81,	1,	'2020-10-07 07:13:17',	'2020-10-07 07:13:17'),
(84,	'delete',	'web',	81,	1,	'2020-10-07 07:13:17',	'2020-10-07 07:13:17'),
(85,	'view',	'web',	81,	1,	'2020-10-07 07:13:17',	'2020-10-07 07:13:17'),
(86,	'Product',	'web',	0,	1,	'2020-10-07 07:13:31',	'2020-10-07 07:13:31'),
(87,	'add',	'web',	86,	1,	'2020-10-07 07:13:31',	'2020-10-07 07:13:31'),
(88,	'edit',	'web',	86,	1,	'2020-10-07 07:13:31',	'2020-10-07 07:13:31'),
(89,	'delete',	'web',	86,	1,	'2020-10-07 07:13:31',	'2020-10-07 07:13:31'),
(90,	'view',	'web',	86,	1,	'2020-10-07 07:13:31',	'2020-10-07 07:13:31'),
(91,	'SMS Template Editor',	'web',	0,	1,	'2020-10-07 07:14:13',	'2020-10-07 07:14:13'),
(92,	'add',	'web',	91,	1,	'2020-10-07 07:14:13',	'2020-10-07 07:14:13'),
(93,	'edit',	'web',	91,	1,	'2020-10-07 07:14:13',	'2020-10-07 07:14:13'),
(94,	'delete',	'web',	91,	1,	'2020-10-07 07:14:13',	'2020-10-07 07:14:13'),
(95,	'view',	'web',	91,	1,	'2020-10-07 07:14:13',	'2020-10-07 07:14:13'),
(96,	'Abandoned Cart',	'web',	0,	1,	'2020-10-07 07:14:35',	'2020-10-07 07:14:35'),
(97,	'add',	'web',	96,	1,	'2020-10-07 07:14:35',	'2020-10-07 07:14:35'),
(98,	'edit',	'web',	96,	1,	'2020-10-07 07:14:35',	'2020-10-07 07:14:35'),
(99,	'delete',	'web',	96,	1,	'2020-10-07 07:14:35',	'2020-10-07 07:14:35'),
(100,	'view',	'web',	96,	1,	'2020-10-07 07:14:35',	'2020-10-07 07:14:35'),
(101,	'Static Page Editor',	'web',	0,	1,	'2020-10-07 07:15:21',	'2020-10-07 07:15:21'),
(102,	'add',	'web',	101,	1,	'2020-10-07 07:15:21',	'2020-10-07 07:15:21'),
(103,	'edit',	'web',	101,	1,	'2020-10-07 07:15:21',	'2020-10-07 07:15:21'),
(104,	'delete',	'web',	101,	1,	'2020-10-07 07:15:21',	'2020-10-07 07:15:21'),
(105,	'view',	'web',	101,	1,	'2020-10-07 07:15:21',	'2020-10-07 07:15:21');

DROP TABLE IF EXISTS `plans`;
CREATE TABLE `plans` (
  `id` int(11) NOT NULL AUTO_INCREMENT,
  `plan_id` varchar(100) NOT NULL DEFAULT '',
  `name` varchar(500) NOT NULL DEFAULT '',
  `price` varchar(100) NOT NULL DEFAULT '0',
  `description` varchar(3000) NOT NULL DEFAULT '',
  `plan_type` varchar(10) NOT NULL DEFAULT '0',
  `image` varchar(500) NOT NULL,
  `deleted` int(11) NOT NULL DEFAULT '0',
  `created_at` timestamp NOT NULL DEFAULT CURRENT_TIMESTAMP,
  `updated_at` timestamp NOT NULL DEFAULT CURRENT_TIMESTAMP,
  `deleted_at` timestamp NULL DEFAULT NULL,
  PRIMARY KEY (`id`)
) ENGINE=InnoDB AUTO_INCREMENT=12 DEFAULT CHARSET=utf8mb4;

INSERT INTO `plans` (`id`, `plan_id`, `name`, `price`, `description`, `plan_type`, `image`, `deleted`, `created_at`, `updated_at`, `deleted_at`) VALUES
(11,	'',	'test_plan',	'100',	'<p>for test sdfadsfsad</p>',	'2',	'5f81b78381fbb.png',	0,	'2020-10-10 13:30:43',	'2020-10-10 13:31:41',	'2020-10-10 13:31:41');

DROP TABLE IF EXISTS `roles`;
CREATE TABLE `roles` (
  `id` int(10) unsigned NOT NULL AUTO_INCREMENT,
  `userType` int(11) NOT NULL DEFAULT '0',
  `userid` int(11) DEFAULT '0',
  `name` varchar(191) COLLATE utf8mb4_unicode_ci NOT NULL,
  `guard_name` varchar(191) COLLATE utf8mb4_unicode_ci NOT NULL,
  `createdby` int(11) NOT NULL,
  `created_at` timestamp NULL DEFAULT NULL,
  `updated_at` timestamp NULL DEFAULT NULL,
  `deleted_at` timestamp NULL DEFAULT NULL,
  PRIMARY KEY (`id`)
) ENGINE=MyISAM AUTO_INCREMENT=39 DEFAULT CHARSET=utf8mb4 COLLATE=utf8mb4_unicode_ci;

INSERT INTO `roles` (`id`, `userType`, `userid`, `name`, `guard_name`, `createdby`, `created_at`, `updated_at`, `deleted_at`) VALUES
(1,	0,	2,	'Super Admin',	'web',	1,	'2018-04-18 13:47:48',	'2018-04-18 13:47:48',	NULL),
(20,	0,	1,	'Store Manager',	'web',	1,	'2018-11-01 05:06:21',	'2019-09-05 05:53:01',	NULL),
(36,	0,	1,	'Customer Manager',	'web',	1,	'2018-11-01 05:06:21',	'2020-09-01 15:45:50',	NULL),
(37,	1,	1,	'Delivery boy',	'web',	1,	'2020-11-07 06:05:47',	'2020-11-07 06:05:47',	NULL);

DROP TABLE IF EXISTS `role_has_permissions`;
CREATE TABLE `role_has_permissions` (
  `permission_id` int(10) unsigned NOT NULL,
  `role_id` int(10) unsigned NOT NULL,
  PRIMARY KEY (`permission_id`,`role_id`),
  KEY `role_has_permissions_role_id_foreign` (`role_id`)
) ENGINE=MyISAM DEFAULT CHARSET=utf8mb4 COLLATE=utf8mb4_unicode_ci;

INSERT INTO `role_has_permissions` (`permission_id`, `role_id`) VALUES
(5,	1),
(5,	20),
(6,	1),
(7,	1),
(8,	1),
(9,	1),
(10,	1),
(11,	1),
(11,	20),
(12,	1),
(12,	20),
(13,	1),
(14,	1),
(14,	36),
(15,	1),
(15,	20),
(16,	1),
(17,	1),
(18,	1),
(18,	20),
(19,	1),
(19,	20),
(20,	1),
(20,	20),
(20,	36),
(20,	38),
(21,	1),
(22,	1),
(23,	1),
(24,	1),
(25,	1);

DROP TABLE IF EXISTS `student`;
CREATE TABLE `student` (
  `id` int(10) unsigned NOT NULL AUTO_INCREMENT,
  `user_code` varchar(50) COLLATE utf8mb4_unicode_ci DEFAULT NULL,
  `name` varchar(191) COLLATE utf8mb4_unicode_ci DEFAULT NULL,
  `last_name` varchar(255) COLLATE utf8mb4_unicode_ci DEFAULT NULL,
  `password` varchar(191) COLLATE utf8mb4_unicode_ci DEFAULT NULL,
  `mobile_number` varchar(191) COLLATE utf8mb4_unicode_ci DEFAULT NULL,
  `country_code` varchar(50) COLLATE utf8mb4_unicode_ci DEFAULT '45',
  `email` varchar(191) COLLATE utf8mb4_unicode_ci DEFAULT NULL,
  `complete_profile` int(11) NOT NULL DEFAULT '0',
  `profile_pic` varchar(255) COLLATE utf8mb4_unicode_ci DEFAULT NULL,
  `created_by` int(11) DEFAULT '0',
  `updated_by` int(11) DEFAULT NULL,
  `IsVerify` int(11) NOT NULL DEFAULT '1',
  `status` int(11) NOT NULL DEFAULT '1',
  `user_reg_status` enum('NEW','OLD') COLLATE utf8mb4_unicode_ci NOT NULL DEFAULT 'NEW',
  `created_at` timestamp NULL DEFAULT NULL,
  `updated_at` timestamp NULL DEFAULT NULL,
  `deleted_at` timestamp NULL DEFAULT NULL,
  PRIMARY KEY (`id`),
  UNIQUE KEY `mobile_number` (`mobile_number`)
) ENGINE=MyISAM AUTO_INCREMENT=9 DEFAULT CHARSET=utf8mb4 COLLATE=utf8mb4_unicode_ci;

INSERT INTO `student` (`id`, `user_code`, `name`, `last_name`, `password`, `mobile_number`, `country_code`, `email`, `complete_profile`, `profile_pic`, `created_by`, `updated_by`, `IsVerify`, `status`, `user_reg_status`, `created_at`, `updated_at`, `deleted_at`) VALUES
(5,	NULL,	NULL,	NULL,	NULL,	'9926331375',	'91',	NULL,	0,	NULL,	0,	NULL,	1,	1,	'NEW',	'2020-09-01 03:22:03',	'2020-09-01 03:22:03',	NULL),
(6,	NULL,	NULL,	NULL,	NULL,	'9926331376',	'91',	NULL,	0,	NULL,	0,	NULL,	1,	1,	'NEW',	'2020-09-01 03:22:42',	'2020-09-01 03:22:42',	NULL),
(7,	NULL,	NULL,	NULL,	NULL,	'9926331377',	'91',	NULL,	0,	NULL,	0,	NULL,	1,	1,	'NEW',	'2020-09-01 03:25:25',	'2020-09-01 03:25:25',	NULL),
(8,	NULL,	'manish',	NULL,	NULL,	'9926331378',	'91',	'manish979898@gmail.com',	0,	NULL,	0,	NULL,	1,	1,	'OLD',	'2020-09-01 03:26:29',	'2020-09-01 03:33:17',	NULL);

DROP TABLE IF EXISTS `subscription`;
CREATE TABLE `subscription` (
  `id` int(11) NOT NULL AUTO_INCREMENT,
  `subscription_id` varchar(50) DEFAULT NULL,
  `plan_id` varchar(100) NOT NULL,
  `plan_name` varchar(200) DEFAULT NULL,
  `plan_type` varchar(20) DEFAULT NULL,
  `store_id` int(11) NOT NULL,
  `expiry_date` datetime DEFAULT NULL,
  `price` int(11) DEFAULT NULL,
  `payment_link` varchar(200) DEFAULT NULL,
  `payment_method` tinyint(1) DEFAULT NULL,
  `payment_amount` int(11) DEFAULT NULL,
  `payment_date` varchar(44) DEFAULT NULL,
  `desctiption` text,
  `status` tinyint(1) NOT NULL DEFAULT '1' COMMENT '1=active,0=cancel',
  `created_at` timestamp NOT NULL DEFAULT CURRENT_TIMESTAMP,
  `updated_at` varchar(50) NOT NULL,
  PRIMARY KEY (`id`)
) ENGINE=InnoDB AUTO_INCREMENT=33 DEFAULT CHARSET=utf8mb4;

INSERT INTO `subscription` (`id`, `subscription_id`, `plan_id`, `plan_name`, `plan_type`, `store_id`, `expiry_date`, `price`, `payment_link`, `payment_method`, `payment_amount`, `payment_date`, `desctiption`, `status`, `created_at`, `updated_at`) VALUES
(29,	'sub_GC3yCfXYgsMB4B',	'plan_Fr4v4xAu5yHYMk',	'Yearly Subscriptions',	'yearly',	173,	'2021-12-12 08:30:50',	1200,	'https://rzp.io/i/jfw4YFVPUY',	NULL,	1200,	'2020-12-12 08:30:50',	NULL,	1,	'2020-12-12 08:30:53',	'2020-12-12 08:30:53'),
(30,	'sub_GCRfYFLLu9fPmP',	'plan_Fr4v4xAu5yHYMk',	'Yearly Subscriptions',	'yearly',	175,	'2021-12-13 07:41:50',	1200,	'https://rzp.io/i/LrqHKC82',	NULL,	1200,	'2020-12-13 07:41:50',	NULL,	0,	'2020-12-13 07:41:52',	'2020-12-23 09:47:29'),
(31,	'sub_GDOGsQLkY5w6EN',	'plan_Fr4uRDK7pKfKJ7',	'Monthly ',	'monthly',	179,	'2021-01-15 17:01:23',	120,	'https://rzp.io/i/1EXU1kw6g',	NULL,	120,	'2020-12-15 17:01:23',	NULL,	0,	'2020-12-15 17:01:26',	'2020-12-28 18:46:27'),
(32,	'sub_GErD4H07zpim0T',	'plan_Fr4uRDK7pKfKJ7',	'Monthly ',	'monthly',	180,	'2021-01-19 09:58:54',	120,	'https://rzp.io/i/gGpyVjiEk',	NULL,	120,	'2020-12-19 09:58:54',	NULL,	1,	'2020-12-19 09:58:56',	'2020-12-19 09:58:56');

DROP TABLE IF EXISTS `tbl_banner`;
CREATE TABLE `tbl_banner` (
  `id` int(10) unsigned NOT NULL AUTO_INCREMENT,
  `title` varchar(191) COLLATE utf8mb4_unicode_ci NOT NULL,
  `caption` varchar(191) COLLATE utf8mb4_unicode_ci DEFAULT NULL,
  `secondCaption` varchar(191) COLLATE utf8mb4_unicode_ci DEFAULT NULL,
  `thirdCaption` varchar(191) COLLATE utf8mb4_unicode_ci DEFAULT NULL,
  `image` varchar(255) COLLATE utf8mb4_unicode_ci DEFAULT NULL,
  `CreatedBy` int(11) NOT NULL DEFAULT '0',
  `UpdatedBy` int(11) DEFAULT NULL,
  `IsActive` int(11) NOT NULL DEFAULT '1',
  `created_at` timestamp NULL DEFAULT NULL,
  `updated_at` timestamp NULL DEFAULT NULL,
  `deleted_at` timestamp NULL DEFAULT NULL,
  PRIMARY KEY (`id`)
) ENGINE=MyISAM AUTO_INCREMENT=6 DEFAULT CHARSET=utf8mb4 COLLATE=utf8mb4_unicode_ci;

INSERT INTO `tbl_banner` (`id`, `title`, `caption`, `secondCaption`, `thirdCaption`, `image`, `CreatedBy`, `UpdatedBy`, `IsActive`, `created_at`, `updated_at`, `deleted_at`) VALUES
(1,	'test update',	'one',	'one',	'one',	'1599841344.jpg',	0,	NULL,	1,	'2020-09-11 10:52:24',	'2020-10-17 08:32:12',	'2020-10-17 08:32:12'),
(2,	'second',	'second',	'second',	'second',	'1601459702.jpg',	0,	NULL,	1,	'2020-09-30 04:25:02',	'2020-10-17 08:32:08',	'2020-10-17 08:32:08'),
(3,	'Free International Shipping',	'test',	'ss',	'ss',	'1602923557.jpg',	0,	NULL,	0,	'2020-10-17 08:32:37',	'2020-12-29 18:10:16',	NULL),
(4,	'cack sales and service',	NULL,	NULL,	NULL,	'1602923626.jpg',	0,	NULL,	1,	'2020-10-17 08:33:46',	'2020-10-17 08:33:46',	NULL),
(5,	'cack sales and service',	NULL,	NULL,	NULL,	'1602923671.jpg',	0,	NULL,	1,	'2020-10-17 08:34:31',	'2020-10-17 08:34:31',	NULL);

DROP TABLE IF EXISTS `tbl_brand`;
CREATE TABLE `tbl_brand` (
  `id` int(10) unsigned NOT NULL AUTO_INCREMENT,
  `name` varchar(191) COLLATE utf8mb4_unicode_ci DEFAULT NULL,
  `category_id` varchar(191) COLLATE utf8mb4_unicode_ci DEFAULT NULL,
  `created_by` int(11) DEFAULT '0',
  `updated_by` int(11) DEFAULT NULL,
  `IsActive` int(11) NOT NULL DEFAULT '1',
  `created_at` timestamp NULL DEFAULT NULL,
  `updated_at` timestamp NULL DEFAULT NULL,
  `deleted_at` timestamp NULL DEFAULT NULL,
  PRIMARY KEY (`id`),
  UNIQUE KEY `name` (`name`)
) ENGINE=MyISAM AUTO_INCREMENT=4 DEFAULT CHARSET=utf8mb4 COLLATE=utf8mb4_unicode_ci;

INSERT INTO `tbl_brand` (`id`, `name`, `category_id`, `created_by`, `updated_by`, `IsActive`, `created_at`, `updated_at`, `deleted_at`) VALUES
(1,	'abc',	'2',	0,	NULL,	1,	'2020-09-03 08:05:00',	'2020-09-03 08:05:00',	NULL),
(2,	'xyz update',	'1',	0,	NULL,	1,	'2020-09-03 08:05:20',	'2020-09-08 00:01:11',	NULL),
(3,	'test brandadsfads',	'1',	0,	NULL,	1,	'2020-10-10 05:56:04',	'2020-10-10 05:58:24',	'2020-10-10 05:58:24');

DROP TABLE IF EXISTS `tbl_cart`;
CREATE TABLE `tbl_cart` (
  `id` int(10) unsigned NOT NULL AUTO_INCREMENT,
  `user_id` int(11) NOT NULL,
  `store_id` int(11) DEFAULT NULL,
  `coupon_id` varchar(20) COLLATE utf8mb4_unicode_ci DEFAULT NULL,
  `IsActive` int(11) NOT NULL DEFAULT '1',
  `status` int(11) NOT NULL DEFAULT '0',
  `created_at` timestamp NULL DEFAULT NULL,
  `updated_at` timestamp NULL DEFAULT NULL,
  `deleted_at` timestamp NULL DEFAULT NULL,
  PRIMARY KEY (`id`)
) ENGINE=MyISAM AUTO_INCREMENT=50 DEFAULT CHARSET=utf8mb4 COLLATE=utf8mb4_unicode_ci;

INSERT INTO `tbl_cart` (`id`, `user_id`, `store_id`, `coupon_id`, `IsActive`, `status`, `created_at`, `updated_at`, `deleted_at`) VALUES
(47,	51,	15,	'',	1,	0,	'2021-02-09 14:57:46',	'2021-02-09 14:58:06',	NULL),
(43,	50,	17,	'',	1,	0,	'2020-12-30 11:05:58',	'2020-12-30 11:11:59',	NULL),
(48,	47,	15,	NULL,	1,	1,	'2021-05-16 10:39:32',	'2021-05-16 10:39:32',	NULL),
(49,	54,	15,	NULL,	1,	1,	'2021-05-20 19:47:57',	'2021-05-20 19:47:57',	NULL);

DROP TABLE IF EXISTS `tbl_cart_detail`;
CREATE TABLE `tbl_cart_detail` (
  `id` int(10) unsigned NOT NULL AUTO_INCREMENT,
  `cart_id` int(11) NOT NULL,
  `inventory_id` int(11) DEFAULT NULL,
  `product_id` int(11) NOT NULL,
  `store_id` int(11) NOT NULL,
  `qty` int(11) DEFAULT NULL,
  `max_amount` int(11) DEFAULT NULL,
  `createdBy` int(11) NOT NULL DEFAULT '0',
  `updatedBy` int(11) DEFAULT NULL,
  `status` tinyint(1) NOT NULL DEFAULT '1' COMMENT '1:not place,2:place order',
  `created_at` timestamp NULL DEFAULT NULL,
  `updated_at` timestamp NULL DEFAULT NULL,
  `deleted_at` timestamp NULL DEFAULT NULL,
  PRIMARY KEY (`id`)
) ENGINE=MyISAM AUTO_INCREMENT=168 DEFAULT CHARSET=utf8mb4 COLLATE=utf8mb4_unicode_ci;

INSERT INTO `tbl_cart_detail` (`id`, `cart_id`, `inventory_id`, `product_id`, `store_id`, `qty`, `max_amount`, `createdBy`, `updatedBy`, `status`, `created_at`, `updated_at`, `deleted_at`) VALUES
(128,	33,	67,	17,	15,	1,	NULL,	0,	NULL,	2,	'2020-12-19 16:41:59',	'2020-12-19 16:42:29',	NULL),
(142,	39,	71,	15,	15,	1,	NULL,	0,	NULL,	2,	'2020-12-23 09:38:54',	'2020-12-23 09:39:02',	NULL),
(141,	39,	67,	17,	15,	1,	NULL,	0,	NULL,	2,	'2020-12-23 09:26:59',	'2020-12-23 09:39:02',	NULL),
(140,	39,	71,	15,	15,	1,	NULL,	0,	NULL,	2,	'2020-12-23 09:26:57',	'2020-12-23 09:39:02',	NULL),
(149,	43,	71,	15,	15,	1,	NULL,	0,	NULL,	2,	'2020-12-30 11:05:58',	'2020-12-30 11:11:59',	NULL),
(146,	41,	72,	14,	17,	1,	NULL,	0,	NULL,	2,	'2020-12-30 10:48:59',	'2020-12-30 10:49:10',	NULL),
(145,	41,	72,	14,	17,	1,	NULL,	0,	NULL,	2,	'2020-12-30 09:32:20',	'2020-12-30 10:49:10',	NULL),
(129,	33,	71,	15,	15,	1,	NULL,	0,	NULL,	2,	'2020-12-19 16:42:02',	'2020-12-19 16:42:29',	NULL),
(125,	32,	71,	15,	15,	1,	NULL,	0,	NULL,	1,	'2020-12-19 16:38:58',	'2020-12-19 16:38:58',	NULL),
(127,	33,	71,	15,	15,	2,	NULL,	0,	NULL,	2,	'2020-12-19 16:41:12',	'2020-12-19 16:42:29',	NULL),
(126,	33,	71,	15,	15,	1,	NULL,	0,	NULL,	2,	'2020-12-19 16:40:02',	'2020-12-19 16:42:29',	NULL),
(150,	43,	72,	14,	17,	1,	NULL,	0,	NULL,	2,	'2020-12-30 11:11:43',	'2020-12-30 11:11:59',	NULL),
(151,	44,	71,	15,	15,	1,	NULL,	0,	NULL,	2,	'2020-12-30 11:48:26',	'2021-01-04 07:58:14',	NULL),
(153,	44,	65,	13,	15,	1,	NULL,	0,	NULL,	2,	'2020-12-30 11:49:59',	'2021-01-04 07:58:14',	NULL),
(154,	44,	67,	17,	15,	1,	NULL,	0,	NULL,	2,	'2020-12-30 11:50:13',	'2021-01-04 07:58:14',	NULL),
(155,	45,	72,	14,	17,	1,	NULL,	0,	NULL,	2,	'2020-12-30 12:35:45',	'2021-01-02 06:29:41',	NULL),
(156,	46,	71,	15,	15,	1,	NULL,	0,	NULL,	2,	'2020-12-30 12:46:22',	'2020-12-30 12:50:21',	NULL),
(157,	46,	67,	17,	15,	1,	NULL,	0,	NULL,	2,	'2020-12-30 12:46:24',	'2020-12-30 12:50:21',	NULL),
(158,	45,	71,	15,	15,	2,	NULL,	0,	NULL,	2,	'2021-01-02 06:28:52',	'2021-01-02 06:29:41',	NULL),
(159,	44,	71,	15,	15,	1,	NULL,	0,	NULL,	2,	'2021-01-04 07:57:15',	'2021-01-04 07:58:14',	NULL),
(160,	44,	67,	17,	15,	1,	NULL,	0,	NULL,	2,	'2021-01-04 07:57:23',	'2021-01-04 07:58:14',	NULL),
(163,	47,	67,	17,	15,	2,	NULL,	0,	NULL,	2,	'2021-02-09 14:57:46',	'2021-02-09 14:58:06',	NULL),
(166,	48,	67,	17,	15,	1,	NULL,	0,	NULL,	1,	'2021-05-16 10:39:34',	'2021-05-16 10:39:34',	NULL),
(167,	49,	71,	15,	15,	1,	NULL,	0,	NULL,	1,	'2021-05-20 19:47:57',	'2021-05-20 19:47:57',	NULL);

DROP TABLE IF EXISTS `tbl_category`;
CREATE TABLE `tbl_category` (
  `id` int(10) unsigned NOT NULL AUTO_INCREMENT,
  `name` varchar(191) COLLATE utf8mb4_unicode_ci DEFAULT NULL,
  `image` varchar(255) COLLATE utf8mb4_unicode_ci DEFAULT NULL,
  `banner_image` varchar(200) COLLATE utf8mb4_unicode_ci DEFAULT NULL,
  `parent_id` int(11) NOT NULL DEFAULT '0',
  `IsHomePage` tinyint(1) NOT NULL DEFAULT '0' COMMENT '1=yes,0=no',
  `category_order` int(11) NOT NULL,
  `sell_count` int(11) NOT NULL DEFAULT '0',
  `created_by` int(11) DEFAULT '0',
  `updated_by` int(11) DEFAULT NULL,
  `IsActive` int(11) NOT NULL DEFAULT '1',
  `created_at` timestamp NULL DEFAULT NULL,
  `updated_at` timestamp NULL DEFAULT NULL,
  `deleted_at` timestamp NULL DEFAULT NULL,
  PRIMARY KEY (`id`)
) ENGINE=MyISAM AUTO_INCREMENT=30 DEFAULT CHARSET=utf8mb4 COLLATE=utf8mb4_unicode_ci;

INSERT INTO `tbl_category` (`id`, `name`, `image`, `banner_image`, `parent_id`, `IsHomePage`, `category_order`, `sell_count`, `created_by`, `updated_by`, `IsActive`, `created_at`, `updated_at`, `deleted_at`) VALUES
(1,	'Ice-Creams',	'1599470913.png',	NULL,	0,	0,	1,	0,	1,	NULL,	1,	'2020-08-28 05:29:07',	'2020-10-10 06:08:02',	'2020-10-10 06:08:02'),
(2,	'Grocery',	'1598614067.jpg',	NULL,	0,	0,	2,	0,	1,	NULL,	1,	'2020-08-28 05:57:47',	'2020-10-10 06:07:58',	'2020-10-10 06:07:58'),
(3,	'Kitchen Staples',	'',	NULL,	2,	0,	0,	0,	1,	NULL,	1,	'2020-09-03 05:56:42',	'2020-10-10 06:07:53',	'2020-10-10 06:07:53'),
(4,	'type 1',	'1599924460.jpg',	NULL,	3,	0,	0,	0,	1,	NULL,	1,	'2020-09-03 06:45:21',	'2020-10-10 06:07:48',	'2020-10-10 06:07:48'),
(5,	'chocobar',	'1599924440.jpg',	NULL,	1,	0,	0,	0,	1,	NULL,	1,	'2020-09-04 00:42:21',	'2020-10-10 06:07:44',	'2020-10-10 06:07:44'),
(6,	'cold ice creams',	'1599923991.jpg',	NULL,	1,	0,	0,	0,	1,	NULL,	1,	'2020-09-08 00:00:33',	'2020-10-10 06:07:40',	'2020-10-10 06:07:40'),
(7,	'Personal Care',	'',	NULL,	2,	0,	0,	0,	1,	NULL,	1,	'2020-09-22 03:05:32',	'2020-10-10 06:07:36',	'2020-10-10 06:07:36'),
(8,	'Packed Food & Snacks',	'',	NULL,	2,	0,	0,	0,	1,	NULL,	1,	'2020-09-22 03:05:51',	'2020-10-10 06:07:31',	'2020-10-10 06:07:31'),
(9,	'Household Care',	'',	NULL,	2,	1,	0,	0,	1,	NULL,	1,	'2020-09-22 03:06:11',	'2020-10-10 06:07:27',	'2020-10-10 06:07:27'),
(10,	'Ready to Eat',	'5f7effc76b2fe.jpg',	'5f7f00485f92e.png',	2,	1,	0,	0,	1,	NULL,	1,	'2020-09-22 03:06:28',	'2020-10-10 06:07:23',	'2020-10-10 06:07:23'),
(12,	'Test',	'5f800575c2385.jpg',	'5f800575c26b9.png',	0,	0,	0,	0,	1,	NULL,	1,	'2020-10-09 01:08:45',	'2020-10-10 06:07:18',	'2020-10-10 06:07:18'),
(13,	'testd',	'5f814c44bb73d.jpg',	'5f814c44bb78c.jpg',	1,	0,	0,	0,	1,	NULL,	1,	'2020-10-10 05:53:08',	'2020-10-10 05:54:53',	'2020-10-10 05:54:53'),
(14,	'Grocery',	'5f81503e47caf.jpg',	'5f81503e47d0a.jpg',	0,	1,	1,	69,	1,	NULL,	1,	'2020-10-10 06:10:06',	'2021-02-09 14:58:06',	NULL),
(15,	'Ice-Creams',	'5f81506245564.jpg',	'5f815062455b2.png',	0,	1,	0,	4,	1,	NULL,	1,	'2020-10-10 06:10:42',	'2020-12-24 07:38:59',	NULL),
(16,	'Cake shops',	'5f81509493ce1.jpg',	'5f81509493d33.jpg',	0,	1,	2,	0,	1,	NULL,	1,	'2020-10-10 06:11:32',	'2020-12-29 18:04:56',	NULL),
(17,	'Stationaries',	'5f8150f466160.jpg',	'5f8150f4661ba.jpg',	0,	1,	3,	6,	1,	NULL,	1,	'2020-10-10 06:13:08',	'2020-12-29 18:04:56',	NULL),
(18,	'Restaurants',	'5f815121055aa.jpeg',	'5f815121055fb.jpg',	0,	0,	4,	0,	1,	NULL,	1,	'2020-10-10 06:13:53',	'2020-12-29 18:04:56',	NULL),
(19,	'kitchen',	'5f81659dcc55c.jpg',	'5f81659dcc5b9.png',	14,	0,	0,	0,	1,	NULL,	1,	'2020-10-10 07:41:17',	'2020-10-10 07:41:17',	NULL),
(20,	'vanilla',	'5f81694870b1b.png',	'5f81694870b73.jpg',	15,	0,	0,	0,	1,	NULL,	1,	'2020-10-10 07:56:56',	'2020-10-10 07:56:56',	NULL),
(21,	'chokobaar',	'5f81699333046.jpg',	'5f816993330a5.png',	15,	0,	0,	0,	1,	NULL,	1,	'2020-10-10 07:58:11',	'2020-10-10 08:04:05',	NULL),
(22,	'chokobaar',	'5f816a1104b96.jpeg',	'5f816a1104bea.jpeg',	16,	0,	0,	0,	1,	NULL,	1,	'2020-10-10 08:00:17',	'2020-10-10 08:00:17',	NULL),
(23,	'vanilla',	'5f816a2d716b3.jpg',	'5f816a2d71701.jpg',	16,	0,	0,	0,	1,	NULL,	1,	'2020-10-10 08:00:45',	'2020-10-10 08:00:45',	NULL),
(24,	'Office Stationary',	'5f816c730b25f.jpg',	'5f816c730b2af.jpg',	17,	0,	0,	0,	1,	NULL,	1,	'2020-10-10 08:10:27',	'2020-10-10 08:10:27',	NULL),
(25,	'school stationary',	'5f816cad73793.jpg',	'5f816cad737ef.jpg',	17,	0,	0,	0,	1,	NULL,	1,	'2020-10-10 08:11:25',	'2020-10-10 08:11:25',	NULL),
(26,	'Veg Restaurant',	'5f816cec005a8.jpg',	'5f816cec00602.jpg',	18,	0,	0,	0,	1,	NULL,	1,	'2020-10-10 08:12:28',	'2020-12-30 09:16:45',	NULL),
(27,	'Non Veg',	'5f816d130bdb2.jpg',	'5f816d130be08.jpg',	18,	1,	0,	0,	1,	NULL,	1,	'2020-10-10 08:13:07',	'2020-12-26 18:27:50',	NULL),
(28,	'test',	'5f8188a93fe82.jpg',	'5f8188a93feef.png',	0,	0,	0,	0,	1,	NULL,	1,	'2020-10-10 10:10:49',	'2020-10-10 10:13:50',	'2020-10-10 10:13:50'),
(29,	'Cleaners',	'5f84059fded73.png',	'5f84059fdee47.png',	14,	1,	0,	0,	1,	NULL,	1,	'2020-10-12 07:28:00',	'2020-12-26 18:27:43',	NULL);

DROP TABLE IF EXISTS `tbl_customer`;
CREATE TABLE `tbl_customer` (
  `id` int(10) unsigned NOT NULL AUTO_INCREMENT,
  `user_code` varchar(50) COLLATE utf8mb4_unicode_ci DEFAULT NULL,
  `device_id` varchar(50) COLLATE utf8mb4_unicode_ci DEFAULT NULL,
  `name` varchar(191) COLLATE utf8mb4_unicode_ci DEFAULT NULL,
  `last_name` varchar(255) COLLATE utf8mb4_unicode_ci DEFAULT NULL,
  `password` varchar(191) COLLATE utf8mb4_unicode_ci DEFAULT NULL,
  `mobile_number` varchar(191) COLLATE utf8mb4_unicode_ci DEFAULT NULL,
  `country_code` varchar(50) COLLATE utf8mb4_unicode_ci DEFAULT '45',
  `email` varchar(191) COLLATE utf8mb4_unicode_ci DEFAULT NULL,
  `otp` varchar(50) COLLATE utf8mb4_unicode_ci DEFAULT NULL,
  `otp_count` int(11) NOT NULL DEFAULT '0',
  `complete_profile` int(11) NOT NULL DEFAULT '0',
  `ambassador` int(11) NOT NULL DEFAULT '0',
  `profile_pic` varchar(255) COLLATE utf8mb4_unicode_ci DEFAULT NULL,
  `created_by` int(11) DEFAULT '0',
  `updated_by` int(11) DEFAULT NULL,
  `IsVerify` int(11) NOT NULL DEFAULT '1',
  `IsActive` int(11) NOT NULL DEFAULT '1',
  `user_reg_status` enum('NEW','OLD') COLLATE utf8mb4_unicode_ci NOT NULL DEFAULT 'NEW',
  `created_at` timestamp NULL DEFAULT NULL,
  `updated_at` timestamp NULL DEFAULT NULL,
  `deleted_at` timestamp NULL DEFAULT NULL,
  PRIMARY KEY (`id`)
) ENGINE=MyISAM AUTO_INCREMENT=55 DEFAULT CHARSET=utf8mb4 COLLATE=utf8mb4_unicode_ci;

INSERT INTO `tbl_customer` (`id`, `user_code`, `device_id`, `name`, `last_name`, `password`, `mobile_number`, `country_code`, `email`, `otp`, `otp_count`, `complete_profile`, `ambassador`, `profile_pic`, `created_by`, `updated_by`, `IsVerify`, `IsActive`, `user_reg_status`, `created_at`, `updated_at`, `deleted_at`) VALUES
(53,	NULL,	'B2D003E7-CC1E-4998-B5D0-9829FEDD595A',	NULL,	NULL,	NULL,	NULL,	'45',	NULL,	NULL,	0,	0,	0,	NULL,	0,	NULL,	1,	1,	'NEW',	'2021-01-19 10:35:22',	'2021-01-19 10:35:22',	NULL),
(54,	NULL,	'e6f97ccf8b262bb8',	NULL,	NULL,	NULL,	NULL,	'45',	NULL,	NULL,	0,	0,	0,	NULL,	0,	NULL,	1,	1,	'NEW',	'2021-05-16 15:01:57',	'2021-05-16 15:01:57',	NULL),
(51,	NULL,	'80a32f46552049f4',	'sunil',	NULL,	NULL,	'9202400767',	'45',	'sunil.neel88@gmail.com',	NULL,	1,	0,	0,	NULL,	0,	NULL,	1,	1,	'OLD',	'2020-12-30 12:35:29',	'2021-01-22 13:13:57',	NULL),
(52,	NULL,	'74f4e160717dabfd',	'Rahul',	NULL,	NULL,	'8602315461',	'45',	'rahul@gmail.com',	NULL,	1,	0,	0,	NULL,	0,	NULL,	1,	1,	'OLD',	'2020-12-30 12:45:49',	'2020-12-30 12:47:45',	NULL),
(50,	NULL,	'575d5d07168c46ff',	'Rajesh Thakur',	NULL,	NULL,	'9779191546',	'45',	'rajeshupwork01@gmail.com',	NULL,	1,	0,	0,	NULL,	0,	NULL,	1,	1,	'OLD',	'2020-12-19 12:05:51',	'2020-12-23 08:17:18',	NULL),
(48,	NULL,	'cf8aa044016f662b',	NULL,	NULL,	NULL,	NULL,	'45',	NULL,	NULL,	0,	0,	0,	NULL,	0,	NULL,	1,	1,	'NEW',	'2020-12-15 13:24:07',	'2020-12-19 13:36:19',	'2020-12-19 13:36:19'),
(49,	NULL,	'55ef0d5aa0c2eb9f',	NULL,	NULL,	NULL,	NULL,	'45',	NULL,	NULL,	0,	0,	0,	NULL,	0,	NULL,	1,	1,	'NEW',	'2020-12-17 10:48:16',	'2020-12-19 13:36:24',	'2020-12-19 13:36:24'),
(46,	NULL,	'5CF20A46-97FF-4A3E-A458-6347972FC04B',	'Rajesh Thakur',	NULL,	NULL,	'9779191546',	'45',	'rajesh@yopmail.com',	NULL,	1,	0,	0,	NULL,	0,	NULL,	1,	1,	'OLD',	'2020-12-12 09:18:11',	'2020-12-23 08:17:50',	'2020-12-23 08:17:50'),
(47,	NULL,	'5245e8cb67c49405',	'Sricharan',	NULL,	NULL,	'9501858643',	'45',	'sricharan.gadde95@gmail.com',	NULL,	1,	0,	0,	NULL,	0,	NULL,	1,	1,	'OLD',	'2020-12-13 07:04:15',	'2021-01-02 06:32:00',	NULL);

DROP TABLE IF EXISTS `tbl_email_template`;
CREATE TABLE `tbl_email_template` (
  `id` int(10) unsigned NOT NULL AUTO_INCREMENT,
  `title` varchar(255) COLLATE utf8mb4_unicode_ci DEFAULT NULL,
  `subject` varchar(255) COLLATE utf8mb4_unicode_ci DEFAULT NULL,
  `body` longtext COLLATE utf8mb4_unicode_ci,
  `background_img` varchar(255) COLLATE utf8mb4_unicode_ci NOT NULL,
  `createdBy` int(11) NOT NULL DEFAULT '0',
  `updatedBy` int(11) DEFAULT NULL,
  `IsActive` int(11) NOT NULL DEFAULT '1',
  `created_at` timestamp NULL DEFAULT NULL,
  `updated_at` timestamp NULL DEFAULT NULL,
  `deleted_at` timestamp NULL DEFAULT NULL,
  PRIMARY KEY (`id`)
) ENGINE=MyISAM AUTO_INCREMENT=48 DEFAULT CHARSET=utf8mb4 COLLATE=utf8mb4_unicode_ci;

INSERT INTO `tbl_email_template` (`id`, `title`, `subject`, `body`, `background_img`, `createdBy`, `updatedBy`, `IsActive`, `created_at`, `updated_at`, `deleted_at`) VALUES
(44,	'Test Email Templatexcvxc',	'applicant test',	'<p>TO:{first_name}</p>\r\n\r\n<p>Subjec: for test</p>\r\n\r\n<p>&nbsp; &nbsp; &nbsp; &nbsp; &nbsp;Instead of defining all of your request handling logic in a single&nbsp;<code>routes.php</code>&nbsp;file, you may wish to organize this behavior using Controller classes. Controllers can group related HTTP request handling logic into a class. Controllers are typically stored in thexcvxcv</p>',	'1602311505.jpg',	0,	NULL,	1,	'2020-10-06 04:19:17',	'2020-10-10 06:31:45',	NULL),
(45,	'v',	'v',	'<p>cxvxc xxcvxcv</p>',	'1602311493.png',	0,	NULL,	1,	'2020-10-08 05:18:20',	'2020-10-10 06:31:33',	NULL),
(46,	'cvb',	'cvbcvbcvbcvbcvb',	'<p>cvbcvb</p>',	'',	0,	NULL,	1,	'2020-10-08 06:00:25',	'2020-10-08 06:00:32',	'2020-10-08 06:00:32'),
(47,	'Test Email Templateasdfsd asdfds',	'asdfadsfads ds fds',	'<p>asdfadssdag safdsafsd sdfa dfsd</p>',	'1602310154.jpg',	0,	NULL,	1,	'2020-10-10 06:09:14',	'2020-10-10 06:09:32',	'2020-10-10 06:09:32');

DROP TABLE IF EXISTS `tbl_inventory`;
CREATE TABLE `tbl_inventory` (
  `id` int(10) unsigned NOT NULL AUTO_INCREMENT,
  `product_id` int(11) DEFAULT NULL,
  `inventory_entry_id` int(11) NOT NULL,
  `store_id` int(11) DEFAULT NULL,
  `stock` int(11) NOT NULL DEFAULT '0',
  `weight` varchar(10) COLLATE utf8mb4_unicode_ci NOT NULL,
  `unit` int(11) NOT NULL,
  `price` decimal(25,2) NOT NULL,
  `internal_price` decimal(25,2) NOT NULL,
  `discount` int(11) DEFAULT NULL,
  `discount_type` tinyint(4) NOT NULL COMMENT '0=nodiscount,1=flat,2=per',
  `brand_id` int(11) DEFAULT NULL,
  `category_id` int(11) NOT NULL,
  `sub_category_id` int(11) NOT NULL,
  `status` varchar(50) COLLATE utf8mb4_unicode_ci NOT NULL,
  `added_by` varchar(50) COLLATE utf8mb4_unicode_ci DEFAULT NULL,
  `created_by` int(11) DEFAULT NULL,
  `Isavailable` tinyint(1) NOT NULL DEFAULT '1' COMMENT '0=no,1=yes',
  `IsActive` int(11) NOT NULL DEFAULT '1',
  `productVerify` int(11) NOT NULL DEFAULT '1',
  `created_at` timestamp NULL DEFAULT NULL,
  `updated_at` timestamp NULL DEFAULT NULL,
  `deleted_at` timestamp NULL DEFAULT NULL,
  PRIMARY KEY (`id`)
) ENGINE=MyISAM AUTO_INCREMENT=73 DEFAULT CHARSET=utf8mb4 COLLATE=utf8mb4_unicode_ci;

INSERT INTO `tbl_inventory` (`id`, `product_id`, `inventory_entry_id`, `store_id`, `stock`, `weight`, `unit`, `price`, `internal_price`, `discount`, `discount_type`, `brand_id`, `category_id`, `sub_category_id`, `status`, `added_by`, `created_by`, `Isavailable`, `IsActive`, `productVerify`, `created_at`, `updated_at`, `deleted_at`) VALUES
(72,	14,	72,	17,	498,	'2',	1,	130.00,	130.00,	0,	0,	NULL,	14,	19,	'available',	'Rajesh Store',	180,	1,	1,	1,	'2020-12-29 11:48:39',	'2021-01-02 06:24:38',	NULL),
(71,	15,	71,	15,	184,	'1',	1,	110.00,	110.00,	NULL,	2,	NULL,	14,	19,	'available',	'Daily Needs',	175,	1,	1,	1,	'2020-12-15 16:43:29',	'2021-01-04 07:58:14',	NULL),
(70,	13,	70,	14,	97,	'5',	1,	100.00,	100.00,	NULL,	2,	NULL,	14,	19,	'available',	'Thakur Store',	173,	1,	1,	1,	'2020-12-12 08:43:43',	'2020-12-12 11:44:37',	NULL),
(69,	13,	69,	14,	11,	'5',	3,	200.00,	200.00,	5,	2,	NULL,	14,	19,	'available',	'Thakur Store',	173,	1,	1,	1,	'2020-12-11 07:55:51',	'2020-12-11 07:55:51',	NULL),
(68,	13,	68,	14,	1,	'1',	5,	11.00,	11.00,	0,	0,	NULL,	14,	19,	'available',	'Thakur Store',	173,	1,	1,	1,	'2020-12-11 07:52:04',	'2020-12-11 07:52:04',	NULL),
(67,	17,	67,	15,	82,	'10',	1,	999.00,	999.00,	10,	2,	NULL,	14,	19,	'available',	'Daily Needs',	175,	1,	1,	1,	'2020-12-02 09:31:17',	'2021-02-09 14:58:06',	NULL),
(66,	17,	66,	15,	50,	'5',	1,	115.00,	115.00,	50,	1,	NULL,	14,	19,	'available',	'Daily Needs',	175,	1,	1,	1,	'2020-12-02 09:29:02',	'2020-12-02 09:29:40',	NULL),
(65,	13,	65,	15,	94,	'1',	1,	110.00,	110.00,	NULL,	2,	NULL,	14,	19,	'available',	'Daily Needs',	175,	1,	1,	1,	'2020-12-02 09:21:14',	'2021-01-02 06:32:35',	NULL),
(64,	18,	64,	14,	15,	'100',	5,	70.00,	70.00,	3,	2,	NULL,	15,	20,	'available',	'best',	173,	1,	1,	1,	'2020-11-27 13:12:54',	'2020-12-01 11:39:34',	NULL),
(63,	16,	63,	14,	7,	'5',	1,	400.00,	400.00,	20,	1,	NULL,	14,	19,	'available',	'best',	173,	1,	1,	1,	'2020-11-27 13:09:54',	'2020-12-11 07:49:46',	NULL),
(62,	15,	62,	14,	4,	'1',	1,	120.00,	120.00,	0,	0,	NULL,	14,	19,	'available',	'best',	173,	1,	1,	1,	'2020-11-27 13:08:57',	'2020-12-01 06:58:26',	NULL),
(61,	14,	61,	14,	5,	'1',	1,	110.00,	110.00,	0,	0,	NULL,	14,	19,	'available',	'best',	173,	1,	1,	1,	'2020-11-27 13:08:03',	'2020-11-27 13:08:03',	NULL);

DROP TABLE IF EXISTS `tbl_inventory_entry`;
CREATE TABLE `tbl_inventory_entry` (
  `id` int(10) unsigned NOT NULL AUTO_INCREMENT,
  `product_id` int(11) DEFAULT NULL,
  `store_id` int(11) DEFAULT NULL,
  `category_id` int(11) NOT NULL,
  `sub_category_id` int(11) NOT NULL,
  `qty` int(11) NOT NULL DEFAULT '0',
  `weight` varchar(10) COLLATE utf8mb4_unicode_ci NOT NULL,
  `unit` int(11) NOT NULL,
  `price` decimal(25,2) NOT NULL,
  `internal_price` decimal(25,2) NOT NULL,
  `discount` int(11) DEFAULT NULL,
  `discount_type` tinyint(4) NOT NULL COMMENT '0=nodiscount,1=flat,2=per',
  `status` varchar(50) COLLATE utf8mb4_unicode_ci NOT NULL,
  `added_by` varchar(50) COLLATE utf8mb4_unicode_ci DEFAULT NULL,
  `created_by` int(11) DEFAULT NULL,
  `IsActive` int(11) NOT NULL DEFAULT '1',
  `created_at` timestamp NULL DEFAULT NULL,
  `updated_at` timestamp NULL DEFAULT NULL,
  `deleted_at` timestamp NULL DEFAULT NULL,
  PRIMARY KEY (`id`)
) ENGINE=MyISAM AUTO_INCREMENT=73 DEFAULT CHARSET=utf8mb4 COLLATE=utf8mb4_unicode_ci;

INSERT INTO `tbl_inventory_entry` (`id`, `product_id`, `store_id`, `category_id`, `sub_category_id`, `qty`, `weight`, `unit`, `price`, `internal_price`, `discount`, `discount_type`, `status`, `added_by`, `created_by`, `IsActive`, `created_at`, `updated_at`, `deleted_at`) VALUES
(71,	15,	15,	14,	19,	200,	'1',	1,	110.00,	110.00,	NULL,	2,	'add',	'Daily Needs',	175,	1,	'2020-12-15 16:43:29',	'2020-12-15 16:43:29',	NULL),
(72,	14,	17,	14,	19,	10,	'2',	1,	130.00,	130.00,	0,	0,	'add',	'Rajesh Store',	180,	1,	'2020-12-29 11:48:39',	'2020-12-29 11:48:39',	NULL),
(69,	13,	14,	14,	19,	11,	'5',	3,	200.00,	200.00,	5,	2,	'add',	'Thakur Store',	173,	1,	'2020-12-11 07:55:51',	'2020-12-11 07:55:51',	NULL),
(70,	13,	14,	14,	19,	100,	'5',	1,	100.00,	100.00,	NULL,	2,	'add',	'Thakur Store',	173,	1,	'2020-12-12 08:43:43',	'2020-12-12 08:43:43',	NULL),
(68,	13,	14,	14,	19,	1,	'1',	5,	11.00,	11.00,	0,	0,	'add',	'Thakur Store',	173,	1,	'2020-12-11 07:52:04',	'2020-12-11 07:52:04',	NULL),
(67,	17,	15,	14,	19,	100,	'10',	1,	999.00,	999.00,	0,	0,	'add',	'Daily Needs',	175,	1,	'2020-12-02 09:31:17',	'2020-12-02 09:31:17',	NULL),
(66,	17,	15,	14,	19,	50,	'5',	1,	115.00,	115.00,	50,	1,	'add',	'Daily Needs',	175,	1,	'2020-12-02 09:29:02',	'2020-12-02 09:29:02',	NULL),
(65,	13,	15,	14,	19,	100,	'1',	1,	110.00,	110.00,	NULL,	2,	'add',	'Daily Needs',	175,	1,	'2020-12-02 09:21:14',	'2020-12-02 09:21:14',	NULL),
(64,	18,	14,	15,	20,	20,	'100',	5,	70.00,	70.00,	3,	2,	'add',	'best',	173,	1,	'2020-11-27 13:12:54',	'2020-11-27 13:12:54',	NULL),
(63,	16,	14,	14,	19,	10,	'5',	1,	400.00,	400.00,	20,	1,	'add',	'best',	173,	1,	'2020-11-27 13:09:54',	'2020-11-27 13:09:54',	NULL),
(62,	15,	14,	14,	19,	5,	'1',	1,	120.00,	120.00,	0,	0,	'add',	'best',	173,	1,	'2020-11-27 13:08:57',	'2020-11-27 13:08:57',	NULL),
(61,	14,	14,	14,	19,	5,	'1',	1,	110.00,	110.00,	0,	0,	'add',	'best',	173,	1,	'2020-11-27 13:08:03',	'2020-11-27 13:08:03',	NULL);

DROP TABLE IF EXISTS `tbl_messages_template`;
CREATE TABLE `tbl_messages_template` (
  `id` int(11) NOT NULL AUTO_INCREMENT,
  `title` varchar(255) NOT NULL,
  `background_img` varchar(255) NOT NULL,
  `subject` varchar(255) NOT NULL,
  `body` longtext NOT NULL,
  `createdBy` int(11) NOT NULL,
  `updatedBy` int(11) NOT NULL,
  `IsActive` int(1) NOT NULL DEFAULT '1',
  `created_at` timestamp NOT NULL DEFAULT CURRENT_TIMESTAMP ON UPDATE CURRENT_TIMESTAMP,
  `updated_at` timestamp NULL DEFAULT NULL,
  `deleted_at` timestamp NULL DEFAULT NULL,
  PRIMARY KEY (`id`)
) ENGINE=InnoDB AUTO_INCREMENT=8 DEFAULT CHARSET=utf8mb4;

INSERT INTO `tbl_messages_template` (`id`, `title`, `background_img`, `subject`, `body`, `createdBy`, `updatedBy`, `IsActive`, `created_at`, `updated_at`, `deleted_at`) VALUES
(6,	'Sms Template',	'',	'',	'name  {first_name}  \r\nBody   It is very important to note that we did not need to specify the full controller namespace only the portion of the class name that comes after the',	0,	0,	1,	'2020-12-28 19:56:10',	'2020-12-28 19:56:10',	NULL),
(7,	'sdfads asdfdsafasdf a fds ds',	'',	'',	'adsf adsdsafadsf s sdfadsf sdfdsf sdf sd dfasfsd sd fsdadsds',	0,	0,	1,	'2020-10-10 06:10:43',	'2020-10-10 06:10:43',	'2020-10-10 06:10:43');

DROP TABLE IF EXISTS `tbl_offer`;
CREATE TABLE `tbl_offer` (
  `id` int(10) unsigned NOT NULL AUTO_INCREMENT,
  `coupon` varchar(191) COLLATE utf8mb4_unicode_ci NOT NULL,
  `coupon_type` int(11) NOT NULL COMMENT '1:store;2:offer;',
  `discount_type` int(11) NOT NULL COMMENT '1:flat;2:%;',
  `discount_amount` varchar(233) COLLATE utf8mb4_unicode_ci NOT NULL,
  `description` longtext COLLATE utf8mb4_unicode_ci,
  `from_date` date DEFAULT NULL,
  `to_date` date DEFAULT NULL,
  `min_amount` int(11) DEFAULT NULL,
  `max_amount` int(11) DEFAULT NULL,
  `store_ids` varchar(255) COLLATE utf8mb4_unicode_ci DEFAULT NULL,
  `image` varchar(200) COLLATE utf8mb4_unicode_ci NOT NULL,
  `createdBy` int(11) NOT NULL DEFAULT '0',
  `updatedBy` int(11) DEFAULT NULL,
  `IsActive` int(11) NOT NULL DEFAULT '1',
  `created_at` timestamp NULL DEFAULT NULL,
  `updated_at` timestamp NULL DEFAULT NULL,
  `deleted_at` timestamp NULL DEFAULT NULL,
  PRIMARY KEY (`id`),
  UNIQUE KEY `coupon` (`coupon`)
) ENGINE=MyISAM AUTO_INCREMENT=9 DEFAULT CHARSET=utf8mb4 COLLATE=utf8mb4_unicode_ci;

INSERT INTO `tbl_offer` (`id`, `coupon`, `coupon_type`, `discount_type`, `discount_amount`, `description`, `from_date`, `to_date`, `min_amount`, `max_amount`, `store_ids`, `image`, `createdBy`, `updatedBy`, `IsActive`, `created_at`, `updated_at`, `deleted_at`) VALUES
(1,	'test',	1,	0,	'',	'',	'2020-09-12',	'2020-09-13',	100,	500,	'1,2',	'',	0,	NULL,	0,	'2020-09-12 04:11:57',	'2020-10-10 06:32:16',	'2020-10-10 06:32:16'),
(2,	'test1',	2,	0,	'',	'',	'2020-09-08',	'2020-09-15',	500,	600,	'1,2,3,4',	'',	0,	NULL,	1,	'2020-09-12 04:22:05',	'2020-10-10 06:32:29',	'2020-10-10 06:32:29'),
(3,	'test_coupon123',	1,	1,	'20',	'<p><strong>Lorem Ipsum</strong>&nbsp;is simply dummy text of the printing and typesetting industry. Lorem Ipsum has been the industry&#39;s standard dummy text ever since the 1500s, when&nbsp;</p>',	'2020-10-20',	'2020-10-31',	100,	200,	'2,3,9',	'',	0,	NULL,	1,	'2020-10-06 11:17:38',	'2020-10-10 06:32:25',	'2020-10-10 06:32:25'),
(4,	'sdfsdf',	2,	1,	'12',	'<p>cvxcvxcvxcv</p>',	'2020-10-09',	'2020-10-22',	12,	2233,	'',	'',	0,	NULL,	1,	'2020-10-09 06:56:29',	'2020-10-10 06:32:21',	'2020-10-10 06:32:21'),
(5,	'offer',	2,	2,	'23',	NULL,	'2020-11-01',	'2020-12-31',	122,	123,	'',	'5f8d4214116b0.jpg',	0,	NULL,	1,	'2020-10-10 12:26:14',	'2020-12-01 06:43:31',	NULL),
(6,	'123123',	1,	2,	'12',	NULL,	'2020-12-25',	'2020-12-30',	500,	2000,	'14',	'5f8d41e98ed11.jpg',	0,	NULL,	1,	'2020-10-19 11:52:37',	'2020-12-01 06:44:34',	NULL),
(7,	'COP0125',	1,	1,	'100',	'<p>for test</p>',	'2020-12-09',	'2020-12-17',	2,	500,	'14',	'5fc5e4d6da062.png',	0,	NULL,	1,	'2020-12-01 12:08:14',	'2020-12-01 06:38:27',	NULL),
(8,	'12345',	1,	2,	'10',	NULL,	'2020-12-06',	'2020-12-31',	200,	100,	'15',	'5fccddd737469.PNG',	0,	NULL,	1,	'2020-12-06 19:04:15',	'2020-12-23 09:29:21',	NULL);

DROP TABLE IF EXISTS `tbl_order`;
CREATE TABLE `tbl_order` (
  `id` int(10) unsigned NOT NULL AUTO_INCREMENT,
  `order_id` varchar(50) COLLATE utf8mb4_unicode_ci DEFAULT NULL,
  `user_id` int(11) NOT NULL,
  `store_id` int(11) NOT NULL,
  `offer_id` int(11) DEFAULT NULL,
  `offer_amount` int(11) DEFAULT NULL,
  `order_amount` decimal(25,2) DEFAULT NULL,
  `payable_amount` decimal(25,2) NOT NULL,
  `status` tinyint(1) NOT NULL DEFAULT '1' COMMENT '1:Pending,2:prepared,3=picked,4=cancel,5:delivered;6:delayed',
  `description` text COLLATE utf8mb4_unicode_ci NOT NULL,
  `payment_status` tinyint(1) NOT NULL DEFAULT '0' COMMENT '0=pendding,1=done',
  `order_detail` text COLLATE utf8mb4_unicode_ci,
  `assign_to` int(11) NOT NULL,
  `placedRatting` int(11) NOT NULL DEFAULT '0',
  `delivery_type` varchar(10) COLLATE utf8mb4_unicode_ci NOT NULL,
  `orderdatetime` datetime DEFAULT NULL,
  `createdBy` int(11) NOT NULL DEFAULT '0',
  `created_at` timestamp NULL DEFAULT CURRENT_TIMESTAMP,
  `updatedBy` int(11) DEFAULT NULL,
  `updated_at` timestamp NULL DEFAULT NULL,
  `deleted_at` timestamp NULL DEFAULT NULL,
  PRIMARY KEY (`id`)
) ENGINE=MyISAM AUTO_INCREMENT=46 DEFAULT CHARSET=utf8mb4 COLLATE=utf8mb4_unicode_ci;

INSERT INTO `tbl_order` (`id`, `order_id`, `user_id`, `store_id`, `offer_id`, `offer_amount`, `order_amount`, `payable_amount`, `status`, `description`, `payment_status`, `order_detail`, `assign_to`, `placedRatting`, `delivery_type`, `orderdatetime`, `createdBy`, `created_at`, `updatedBy`, `updated_at`, `deleted_at`) VALUES
(35,	'AMG6468247',	47,	15,	0,	0,	110.00,	120.00,	5,	'',	1,	'{\"id\":39,\"store_id\":15,\"store_detail\":{\"id\":15,\"isDocumentApprove\":0,\"category_id\":\"\",\"user_id\":175,\"store_id\":\"8212856\",\"user_type\":20,\"name\":\"Daily Needs\",\"email\":\"dn@gmail.com\",\"password\":null,\"mobile_number\":\"9501858643\",\"Designation\":null,\"zipcode\":\"560001\",\"city\":\"Bengaluru\",\"ratting\":5,\"latitude\":\"12.9715987\",\"longitude\":\"77.5945627\",\"address\":\"Bangalore, Karnataka, India\",\"image\":null,\"pan_card\":null,\"store_registration\":null,\"aadhar_front\":null,\"aadhar_back\":null,\"aadhar_number\":\"6868689868668\",\"pan_number\":\"HHXHDJDJSJS\",\"registration_number\":\"bdhdhdjdj\",\"sell_count\":22,\"plan_id\":\"plan_Fr4v4xAu5yHYMk\",\"payment_link\":\"\",\"payment_method\":null,\"payment_status\":1,\"storelogo\":\"5fc753a7055bb.PNG\",\"CreatedBy\":0,\"UpdatedBy\":null,\"remember_token\":null,\"IsVerify\":1,\"IsActive\":1,\"created_at\":\"2020-12-02 08:42:13\",\"updated_at\":\"2020-12-23 09:29:44\",\"deleted_at\":null},\"cart_detail\":[{\"id\":142,\"qty\":1,\"product_id\":15,\"inventory_id\":71,\"product_name\":\"Toor Dal\",\"unit\":\"1Kg\",\"product_image\":\"http:\\/\\/3.14.133.41\\/public\\/assets\\/img\\/product\\/1602316237.jpg\",\"price\":\"110.00\",\"total_price\":110,\"payble_price\":110,\"discount\":null,\"discount_type\":2}],\"shipping_charge\":10,\"totalItem\":1,\"totalAmount\":110,\"before_coupon\":110,\"coupon_discount\":0,\"paybleAmount\":110,\"couponData\":null}',	177,	0,	'',	'2020-12-23 09:39:02',	0,	'2020-12-23 09:39:02',	NULL,	'2021-01-04 08:03:10',	NULL),
(34,	'AMG8147407',	47,	15,	0,	0,	1109.00,	919.10,	5,	'',	1,	'{\"id\":39,\"store_id\":15,\"store_detail\":{\"id\":15,\"isDocumentApprove\":0,\"category_id\":\"\",\"user_id\":175,\"store_id\":\"8212856\",\"user_type\":20,\"name\":\"Daily Needs\",\"email\":\"dn@gmail.com\",\"password\":null,\"mobile_number\":\"9501858643\",\"Designation\":null,\"zipcode\":\"560001\",\"city\":\"Bengaluru\",\"ratting\":5,\"latitude\":\"12.9715987\",\"longitude\":\"77.5945627\",\"address\":\"Bangalore, Karnataka, India\",\"image\":null,\"pan_card\":null,\"store_registration\":null,\"aadhar_front\":null,\"aadhar_back\":null,\"aadhar_number\":\"6868689868668\",\"pan_number\":\"HHXHDJDJSJS\",\"registration_number\":\"bdhdhdjdj\",\"sell_count\":21,\"plan_id\":\"plan_Fr4v4xAu5yHYMk\",\"payment_link\":\"\",\"payment_method\":null,\"payment_status\":1,\"storelogo\":\"5fc753a7055bb.PNG\",\"CreatedBy\":0,\"UpdatedBy\":null,\"remember_token\":null,\"IsVerify\":1,\"IsActive\":1,\"created_at\":\"2020-12-02 08:42:13\",\"updated_at\":\"2020-12-19 16:42:29\",\"deleted_at\":null},\"cart_detail\":[{\"id\":141,\"qty\":1,\"product_id\":17,\"inventory_id\":67,\"product_name\":\"Dawat Rice\",\"unit\":\"10Kg\",\"product_image\":\"http:\\/\\/3.14.133.41\\/public\\/assets\\/img\\/product\\/1602316463.jpg\",\"price\":\"999.00\",\"total_price\":999,\"payble_price\":899.1,\"discount\":10,\"discount_type\":2},{\"id\":140,\"qty\":1,\"product_id\":15,\"inventory_id\":71,\"product_name\":\"Toor Dal\",\"unit\":\"1Kg\",\"product_image\":\"http:\\/\\/3.14.133.41\\/public\\/assets\\/img\\/product\\/1602316237.jpg\",\"price\":\"110.00\",\"total_price\":110,\"payble_price\":110,\"discount\":null,\"discount_type\":2}],\"shipping_charge\":10,\"totalItem\":2,\"totalAmount\":1109,\"before_coupon\":1009.1,\"coupon_discount\":100,\"paybleAmount\":909.1,\"couponData\":{\"paybleAmount\":1009.1,\"afterdiscount\":909.1,\"discountamount\":100,\"coupon\":\"12345\",\"type\":\"%\"}}',	178,	1,	'',	'2020-12-23 09:29:44',	0,	'2020-12-23 09:29:44',	NULL,	'2020-12-23 09:38:40',	NULL),
(33,	'AMG3225612',	50,	15,	0,	0,	1109.00,	896.10,	2,	'',	0,	'{\"id\":33,\"store_id\":15,\"store_detail\":{\"id\":15,\"isDocumentApprove\":0,\"category_id\":\"\",\"user_id\":175,\"store_id\":\"8212856\",\"user_type\":20,\"name\":\"Daily Needs\",\"email\":\"dn@gmail.com\",\"password\":null,\"mobile_number\":\"9501858643\",\"Designation\":null,\"zipcode\":\"560001\",\"city\":\"Bengaluru\",\"ratting\":5,\"latitude\":\"12.9715987\",\"longitude\":\"77.5945627\",\"address\":\"Bangalore, Karnataka, India\",\"image\":null,\"pan_card\":null,\"store_registration\":null,\"aadhar_front\":null,\"aadhar_back\":null,\"aadhar_number\":\"6868689868668\",\"pan_number\":\"HHXHDJDJSJS\",\"registration_number\":\"bdhdhdjdj\",\"sell_count\":20,\"plan_id\":\"plan_Fr4v4xAu5yHYMk\",\"payment_link\":\"\",\"payment_method\":null,\"payment_status\":1,\"storelogo\":\"5fc753a7055bb.PNG\",\"CreatedBy\":0,\"UpdatedBy\":null,\"remember_token\":null,\"IsVerify\":1,\"IsActive\":1,\"created_at\":\"2020-12-02 08:42:13\",\"updated_at\":\"2020-12-19 16:41:32\",\"deleted_at\":null},\"cart_detail\":[{\"id\":128,\"qty\":1,\"product_id\":17,\"inventory_id\":67,\"product_name\":\"Dawat Rice\",\"unit\":\"10Kg\",\"product_image\":\"http:\\/\\/3.14.133.41\\/public\\/assets\\/img\\/product\\/1602316463.jpg\",\"price\":\"999.00\",\"total_price\":999,\"payble_price\":899.1,\"discount\":10,\"discount_type\":2},{\"id\":129,\"qty\":1,\"product_id\":15,\"inventory_id\":71,\"product_name\":\"Toor Dal\",\"unit\":\"1Kg\",\"product_image\":\"http:\\/\\/3.14.133.41\\/public\\/assets\\/img\\/product\\/1602316237.jpg\",\"price\":\"110.00\",\"total_price\":110,\"payble_price\":110,\"discount\":null,\"discount_type\":2}],\"shipping_charge\":10,\"totalItem\":2,\"totalAmount\":1109,\"before_coupon\":1009.1,\"coupon_discount\":123,\"paybleAmount\":886.1,\"couponData\":{\"paybleAmount\":1009.1,\"afterdiscount\":886.1,\"discountamount\":123,\"coupon\":\"offer\",\"type\":\"%\"}}',	0,	0,	'',	'2020-12-19 16:42:29',	0,	'2020-12-19 16:42:29',	NULL,	'2021-01-04 08:02:11',	NULL),
(31,	'AMG8226648',	50,	15,	0,	0,	110.00,	120.00,	2,	'',	0,	'{\"id\":33,\"store_id\":15,\"store_detail\":{\"id\":15,\"isDocumentApprove\":0,\"category_id\":\"\",\"user_id\":175,\"store_id\":\"8212856\",\"user_type\":20,\"name\":\"Daily Needs\",\"email\":\"dn@gmail.com\",\"password\":null,\"mobile_number\":\"9501858643\",\"Designation\":null,\"zipcode\":\"560001\",\"city\":\"Bengaluru\",\"ratting\":5,\"latitude\":\"12.9715987\",\"longitude\":\"77.5945627\",\"address\":\"Bangalore, Karnataka, India\",\"image\":null,\"pan_card\":null,\"store_registration\":null,\"aadhar_front\":null,\"aadhar_back\":null,\"aadhar_number\":\"6868689868668\",\"pan_number\":\"HHXHDJDJSJS\",\"registration_number\":\"bdhdhdjdj\",\"sell_count\":18,\"plan_id\":\"plan_Fr4v4xAu5yHYMk\",\"payment_link\":\"\",\"payment_method\":null,\"payment_status\":1,\"storelogo\":\"5fc753a7055bb.PNG\",\"CreatedBy\":0,\"UpdatedBy\":null,\"remember_token\":null,\"IsVerify\":1,\"IsActive\":1,\"created_at\":\"2020-12-02 08:42:13\",\"updated_at\":\"2020-12-19 16:37:11\",\"deleted_at\":null},\"cart_detail\":[{\"id\":126,\"qty\":1,\"product_id\":15,\"inventory_id\":71,\"product_name\":\"Toor Dal\",\"unit\":\"1Kg\",\"product_image\":\"http:\\/\\/3.14.133.41\\/public\\/assets\\/img\\/product\\/1602316237.jpg\",\"price\":\"110.00\",\"total_price\":110,\"payble_price\":110,\"discount\":null,\"discount_type\":2}],\"shipping_charge\":10,\"totalItem\":1,\"totalAmount\":110,\"before_coupon\":110,\"coupon_discount\":0,\"paybleAmount\":110,\"couponData\":null}',	0,	0,	'',	'2020-12-19 16:40:15',	0,	'2020-12-19 16:40:15',	NULL,	'2021-01-04 08:02:04',	NULL),
(32,	'AMG6364811',	50,	15,	0,	0,	220.00,	208.00,	2,	'',	0,	'{\"id\":33,\"store_id\":15,\"store_detail\":{\"id\":15,\"isDocumentApprove\":0,\"category_id\":\"\",\"user_id\":175,\"store_id\":\"8212856\",\"user_type\":20,\"name\":\"Daily Needs\",\"email\":\"dn@gmail.com\",\"password\":null,\"mobile_number\":\"9501858643\",\"Designation\":null,\"zipcode\":\"560001\",\"city\":\"Bengaluru\",\"ratting\":5,\"latitude\":\"12.9715987\",\"longitude\":\"77.5945627\",\"address\":\"Bangalore, Karnataka, India\",\"image\":null,\"pan_card\":null,\"store_registration\":null,\"aadhar_front\":null,\"aadhar_back\":null,\"aadhar_number\":\"6868689868668\",\"pan_number\":\"HHXHDJDJSJS\",\"registration_number\":\"bdhdhdjdj\",\"sell_count\":19,\"plan_id\":\"plan_Fr4v4xAu5yHYMk\",\"payment_link\":\"\",\"payment_method\":null,\"payment_status\":1,\"storelogo\":\"5fc753a7055bb.PNG\",\"CreatedBy\":0,\"UpdatedBy\":null,\"remember_token\":null,\"IsVerify\":1,\"IsActive\":1,\"created_at\":\"2020-12-02 08:42:13\",\"updated_at\":\"2020-12-19 16:40:15\",\"deleted_at\":null},\"cart_detail\":[{\"id\":127,\"qty\":2,\"product_id\":15,\"inventory_id\":71,\"product_name\":\"Toor Dal\",\"unit\":\"1Kg\",\"product_image\":\"http:\\/\\/3.14.133.41\\/public\\/assets\\/img\\/product\\/1602316237.jpg\",\"price\":\"110.00\",\"total_price\":220,\"payble_price\":220,\"discount\":null,\"discount_type\":2}],\"shipping_charge\":10,\"totalItem\":2,\"totalAmount\":220,\"before_coupon\":220,\"coupon_discount\":22,\"paybleAmount\":198,\"couponData\":{\"paybleAmount\":220,\"afterdiscount\":198,\"discountamount\":22,\"coupon\":\"12345\",\"type\":\"%\"}}',	0,	0,	'',	'2020-12-19 16:41:32',	0,	'2020-12-19 16:41:32',	NULL,	'2021-01-04 08:02:09',	NULL),
(36,	'AMG1760981',	50,	17,	0,	0,	130.00,	110.10,	4,	'',	0,	'{\"id\":41,\"store_id\":17,\"store_detail\":{\"id\":17,\"isDocumentApprove\":0,\"category_id\":\"\",\"user_id\":180,\"store_id\":\"1256707\",\"user_type\":20,\"name\":\"Rajesh Store\",\"email\":\"rajeshupwork01@gmail.com\",\"password\":null,\"mobile_number\":\"9625098250\",\"Designation\":null,\"zipcode\":\"160059\",\"city\":\"Sahibzada Ajit Singh Nagar\",\"ratting\":5,\"latitude\":\"30.7046486\",\"longitude\":\"76.71787259999999\",\"address\":\"Mohali, Punjab, India\",\"image\":\"5fe9eada61ea2.jpg\",\"pan_card\":\"5fe9eafa10873.jpg\",\"store_registration\":\"5fe9eb0594b4d.jpg\",\"aadhar_front\":\"5fe9eaeab5544.jpg\",\"aadhar_back\":\"5fe9eaeab55d5.jpg\",\"aadhar_number\":\"ABC\",\"pan_number\":\"ADDASDSAD\",\"registration_number\":\"dadada\",\"sell_count\":0,\"plan_id\":\"plan_Fr4uRDK7pKfKJ7\",\"payment_link\":\"\",\"payment_method\":null,\"payment_status\":1,\"storelogo\":\"5fe9eada61ea2.jpg\",\"CreatedBy\":0,\"UpdatedBy\":null,\"remember_token\":null,\"IsVerify\":1,\"IsActive\":1,\"IsAvailable\":1,\"created_at\":\"2020-12-19 09:46:52\",\"updated_at\":\"2020-12-30 09:06:43\",\"deleted_at\":null},\"cart_detail\":[{\"id\":145,\"qty\":1,\"product_id\":14,\"inventory_id\":72,\"product_name\":\"Dal\",\"unit\":\"2Kg\",\"product_image\":\"http:\\/\\/3.14.133.41\\/public\\/assets\\/img\\/product\\/1602315546.jpg\",\"price\":\"130.00\",\"total_price\":130,\"payble_price\":\"130.00\",\"discount\":0,\"discount_type\":0}],\"shipping_charge\":10,\"totalItem\":1,\"totalAmount\":130,\"before_coupon\":130,\"coupon_discount\":29.9,\"paybleAmount\":100.1,\"couponData\":{\"paybleAmount\":130,\"afterdiscount\":100.1,\"discountamount\":29.9,\"coupon\":\"offer\",\"type\":\"%\"}}',	0,	0,	'self',	'2020-12-30 09:42:50',	0,	'2020-12-30 09:42:50',	NULL,	'2020-12-30 10:19:43',	NULL),
(37,	'AMG9463338',	50,	17,	0,	0,	130.00,	140.00,	5,	'',	1,	'{\"id\":41,\"store_id\":17,\"store_detail\":{\"id\":17,\"isDocumentApprove\":0,\"category_id\":\"\",\"user_id\":180,\"store_id\":\"1256707\",\"user_type\":20,\"name\":\"Rajesh Store\",\"email\":\"rajeshupwork01@gmail.com\",\"password\":null,\"mobile_number\":\"9625098250\",\"Designation\":null,\"zipcode\":\"160059\",\"city\":\"Sahibzada Ajit Singh Nagar\",\"ratting\":5,\"latitude\":\"30.7046486\",\"longitude\":\"76.71787259999999\",\"address\":\"Mohali, Punjab, India\",\"image\":\"5fe9eada61ea2.jpg\",\"pan_card\":\"5fe9eafa10873.jpg\",\"store_registration\":\"5fe9eb0594b4d.jpg\",\"aadhar_front\":\"5fe9eaeab5544.jpg\",\"aadhar_back\":\"5fe9eaeab55d5.jpg\",\"aadhar_number\":\"ABC\",\"pan_number\":\"ADDASDSAD\",\"registration_number\":\"dadada\",\"sell_count\":1,\"plan_id\":\"plan_Fr4uRDK7pKfKJ7\",\"payment_link\":\"\",\"payment_method\":null,\"payment_status\":1,\"storelogo\":\"5fe9eada61ea2.jpg\",\"CreatedBy\":0,\"UpdatedBy\":null,\"remember_token\":null,\"IsVerify\":1,\"IsActive\":1,\"IsAvailable\":1,\"created_at\":\"2020-12-19 09:46:52\",\"updated_at\":\"2020-12-30 09:42:50\",\"deleted_at\":null},\"cart_detail\":[{\"id\":146,\"qty\":1,\"product_id\":14,\"inventory_id\":72,\"product_name\":\"Dal\",\"unit\":\"2Kg\",\"product_image\":\"http:\\/\\/3.14.133.41\\/public\\/assets\\/img\\/product\\/1602315546.jpg\",\"price\":\"130.00\",\"total_price\":130,\"payble_price\":\"130.00\",\"discount\":0,\"discount_type\":0}],\"shipping_charge\":10,\"totalItem\":1,\"totalAmount\":130,\"before_coupon\":130,\"coupon_discount\":0,\"paybleAmount\":130,\"couponData\":null}',	0,	1,	'self',	'2020-12-30 10:49:10',	0,	'2020-12-30 10:49:10',	NULL,	'2020-12-30 11:02:47',	NULL),
(38,	'AMG4978118',	50,	15,	0,	0,	110.00,	120.00,	1,	'',	0,	'{\"id\":43,\"store_id\":15,\"store_detail\":{\"id\":15,\"isDocumentApprove\":0,\"category_id\":\"\",\"user_id\":175,\"store_id\":\"8212856\",\"user_type\":20,\"name\":\"Daily Needs\",\"email\":\"dn@gmail.com\",\"password\":null,\"mobile_number\":\"9501858643\",\"Designation\":null,\"zipcode\":\"560001\",\"city\":\"Bengaluru\",\"ratting\":5,\"latitude\":\"12.9715987\",\"longitude\":\"77.5945627\",\"address\":\"Bangalore, Karnataka, India\",\"image\":null,\"pan_card\":null,\"store_registration\":null,\"aadhar_front\":null,\"aadhar_back\":null,\"aadhar_number\":\"6868689868668\",\"pan_number\":\"HHXHDJDJSJS\",\"registration_number\":\"bdhdhdjdj\",\"sell_count\":23,\"plan_id\":\"plan_Fr4v4xAu5yHYMk\",\"payment_link\":\"\",\"payment_method\":null,\"payment_status\":1,\"storelogo\":\"5fc753a7055bb.PNG\",\"CreatedBy\":0,\"UpdatedBy\":null,\"remember_token\":null,\"IsVerify\":1,\"IsActive\":1,\"IsAvailable\":1,\"created_at\":\"2020-12-02 08:42:13\",\"updated_at\":\"2020-12-23 09:39:02\",\"deleted_at\":null},\"cart_detail\":[{\"id\":149,\"qty\":1,\"product_id\":15,\"inventory_id\":71,\"product_name\":\"Toor Dal\",\"unit\":\"1Kg\",\"product_image\":\"http:\\/\\/3.14.133.41\\/public\\/assets\\/img\\/product\\/1602316237.jpg\",\"price\":\"110.00\",\"total_price\":110,\"payble_price\":110,\"discount\":null,\"discount_type\":2}],\"shipping_charge\":10,\"totalItem\":1,\"totalAmount\":110,\"before_coupon\":110,\"coupon_discount\":0,\"paybleAmount\":110,\"couponData\":null}',	0,	0,	'store',	'2020-12-30 11:07:35',	0,	'2020-12-30 11:07:35',	NULL,	'2020-12-30 11:07:35',	NULL),
(39,	'AMG6686304',	50,	17,	0,	0,	130.00,	140.00,	3,	'',	0,	'{\"id\":43,\"store_id\":17,\"store_detail\":{\"id\":17,\"isDocumentApprove\":0,\"category_id\":\"\",\"user_id\":180,\"store_id\":\"1256707\",\"user_type\":20,\"name\":\"Rajesh Store\",\"email\":\"rajeshupwork01@gmail.com\",\"password\":null,\"mobile_number\":\"9625098250\",\"Designation\":null,\"zipcode\":\"160059\",\"city\":\"Sahibzada Ajit Singh Nagar\",\"ratting\":5,\"latitude\":\"30.7046486\",\"longitude\":\"76.71787259999999\",\"address\":\"Mohali, Punjab, India\",\"image\":\"5fe9eada61ea2.jpg\",\"pan_card\":\"5fe9eafa10873.jpg\",\"store_registration\":\"5fe9eb0594b4d.jpg\",\"aadhar_front\":\"5fe9eaeab5544.jpg\",\"aadhar_back\":\"5fe9eaeab55d5.jpg\",\"aadhar_number\":\"ABC\",\"pan_number\":\"ADDASDSAD\",\"registration_number\":\"dadada\",\"sell_count\":2,\"plan_id\":\"plan_Fr4uRDK7pKfKJ7\",\"payment_link\":\"\",\"payment_method\":null,\"payment_status\":1,\"storelogo\":\"5fe9eada61ea2.jpg\",\"CreatedBy\":0,\"UpdatedBy\":null,\"remember_token\":null,\"IsVerify\":1,\"IsActive\":1,\"IsAvailable\":1,\"created_at\":\"2020-12-19 09:46:52\",\"updated_at\":\"2020-12-30 10:49:10\",\"deleted_at\":null},\"cart_detail\":[{\"id\":150,\"qty\":1,\"product_id\":14,\"inventory_id\":72,\"product_name\":\"Dal\",\"unit\":\"2Kg\",\"product_image\":\"http:\\/\\/3.14.133.41\\/public\\/assets\\/img\\/product\\/1602315546.jpg\",\"price\":\"130.00\",\"total_price\":130,\"payble_price\":\"130.00\",\"discount\":0,\"discount_type\":0}],\"shipping_charge\":10,\"totalItem\":1,\"totalAmount\":130,\"before_coupon\":130,\"coupon_discount\":0,\"paybleAmount\":130,\"couponData\":null}',	181,	0,	'store',	'2020-12-30 11:11:59',	0,	'2020-12-30 11:11:59',	NULL,	'2020-12-30 11:21:04',	NULL),
(40,	'AMG7268532',	52,	15,	0,	0,	1109.00,	919.10,	2,	'',	0,	'{\"id\":46,\"store_id\":15,\"store_detail\":{\"id\":15,\"isDocumentApprove\":0,\"category_id\":\"\",\"user_id\":175,\"store_id\":\"8212856\",\"user_type\":20,\"name\":\"Daily Needs\",\"email\":\"dn@gmail.com\",\"password\":null,\"mobile_number\":\"9501858643\",\"Designation\":null,\"zipcode\":\"560001\",\"city\":\"Bengaluru\",\"ratting\":5,\"latitude\":\"12.9715987\",\"longitude\":\"77.5945627\",\"address\":\"Bangalore, Karnataka, India\",\"image\":null,\"pan_card\":null,\"store_registration\":null,\"aadhar_front\":null,\"aadhar_back\":null,\"aadhar_number\":\"6868689868668\",\"pan_number\":\"HHXHDJDJSJS\",\"registration_number\":\"bdhdhdjdj\",\"sell_count\":24,\"plan_id\":\"plan_Fr4v4xAu5yHYMk\",\"payment_link\":\"\",\"payment_method\":null,\"payment_status\":1,\"storelogo\":\"5fc753a7055bb.PNG\",\"CreatedBy\":0,\"UpdatedBy\":null,\"remember_token\":null,\"IsVerify\":1,\"IsActive\":1,\"IsAvailable\":1,\"created_at\":\"2020-12-02 08:42:13\",\"updated_at\":\"2020-12-30 12:15:00\",\"deleted_at\":null},\"cart_detail\":[{\"id\":156,\"qty\":1,\"product_id\":15,\"inventory_id\":71,\"product_name\":\"Toor Dal\",\"unit\":\"1Kg\",\"product_image\":\"http:\\/\\/3.14.133.41\\/public\\/assets\\/img\\/product\\/1602316237.jpg\",\"price\":\"110.00\",\"total_price\":110,\"payble_price\":110,\"discount\":null,\"discount_type\":2},{\"id\":157,\"qty\":1,\"product_id\":17,\"inventory_id\":67,\"product_name\":\"Dawat Rice\",\"unit\":\"10Kg\",\"product_image\":\"http:\\/\\/3.14.133.41\\/public\\/assets\\/img\\/product\\/1602316463.jpg\",\"price\":\"999.00\",\"total_price\":999,\"payble_price\":899.1,\"discount\":10,\"discount_type\":2}],\"shipping_charge\":10,\"totalItem\":2,\"totalAmount\":1109,\"before_coupon\":1009.1,\"coupon_discount\":100,\"paybleAmount\":909.1,\"couponData\":{\"paybleAmount\":1009.1,\"afterdiscount\":909.1,\"discountamount\":100,\"coupon\":\"12345\",\"type\":\"%\"}}',	0,	0,	'store',	'2020-12-30 12:50:21',	0,	'2020-12-30 12:50:21',	NULL,	'2020-12-31 06:14:44',	NULL),
(41,	'AMG4147311',	51,	17,	0,	0,	130.00,	140.00,	4,	'',	0,	'{\"id\":45,\"store_id\":17,\"store_detail\":{\"id\":17,\"isDocumentApprove\":0,\"category_id\":\"\",\"user_id\":180,\"store_id\":\"1256707\",\"user_type\":20,\"name\":\"Rajesh Store\",\"email\":\"rajeshupwork01@gmail.com\",\"password\":null,\"mobile_number\":\"9625098250\",\"Designation\":null,\"zipcode\":\"160059\",\"city\":\"Sahibzada Ajit Singh Nagar\",\"ratting\":5,\"latitude\":\"30.7046486\",\"longitude\":\"76.71787259999999\",\"address\":\"Mohali, Punjab, India\",\"image\":\"5fe9eada61ea2.jpg\",\"pan_card\":\"5fe9eafa10873.jpg\",\"store_registration\":\"5fe9eb0594b4d.jpg\",\"aadhar_front\":\"5fe9eaeab5544.jpg\",\"aadhar_back\":\"5fe9eaeab55d5.jpg\",\"aadhar_number\":\"ABC\",\"pan_number\":\"ADDASDSAD\",\"registration_number\":\"dadada\",\"sell_count\":3,\"plan_id\":\"plan_Fr4uRDK7pKfKJ7\",\"payment_link\":\"\",\"payment_method\":null,\"payment_status\":1,\"storelogo\":\"5fe9eada61ea2.jpg\",\"CreatedBy\":0,\"UpdatedBy\":null,\"remember_token\":null,\"IsVerify\":1,\"IsActive\":1,\"IsAvailable\":1,\"created_at\":\"2020-12-19 09:46:52\",\"updated_at\":\"2020-12-30 11:11:59\",\"deleted_at\":null},\"cart_detail\":[{\"id\":155,\"qty\":1,\"product_id\":14,\"inventory_id\":72,\"product_name\":\"Dal\",\"unit\":\"2Kg\",\"product_image\":\"http:\\/\\/3.14.133.41\\/public\\/assets\\/img\\/product\\/1602315546.jpg\",\"price\":\"130.00\",\"total_price\":130,\"payble_price\":\"130.00\",\"discount\":0,\"discount_type\":0}],\"shipping_charge\":10,\"totalItem\":1,\"totalAmount\":130,\"before_coupon\":130,\"coupon_discount\":0,\"paybleAmount\":130,\"couponData\":null}',	0,	1,	'store',	'2021-01-02 06:24:38',	0,	'2021-01-02 06:24:38',	NULL,	'2021-02-09 14:59:32',	NULL),
(42,	'AMG7908851',	51,	15,	0,	0,	220.00,	230.00,	4,	'',	0,	'{\"id\":45,\"store_id\":15,\"store_detail\":{\"id\":15,\"isDocumentApprove\":0,\"category_id\":\"\",\"user_id\":175,\"store_id\":\"8212856\",\"user_type\":20,\"name\":\"Daily Needs\",\"email\":\"dn@gmail.com\",\"password\":null,\"mobile_number\":\"9501858643\",\"Designation\":null,\"zipcode\":\"560001\",\"city\":\"Bengaluru\",\"ratting\":5,\"latitude\":\"12.9715987\",\"longitude\":\"77.5945627\",\"address\":\"Bangalore, Karnataka, India\",\"image\":null,\"pan_card\":null,\"store_registration\":null,\"aadhar_front\":null,\"aadhar_back\":null,\"aadhar_number\":\"6868689868668\",\"pan_number\":\"HHXHDJDJSJS\",\"registration_number\":\"bdhdhdjdj\",\"sell_count\":25,\"plan_id\":\"plan_Fr4v4xAu5yHYMk\",\"payment_link\":\"\",\"payment_method\":null,\"payment_status\":1,\"storelogo\":\"5fc753a7055bb.PNG\",\"CreatedBy\":0,\"UpdatedBy\":null,\"remember_token\":null,\"IsVerify\":1,\"IsActive\":1,\"IsAvailable\":1,\"created_at\":\"2020-12-02 08:42:13\",\"updated_at\":\"2020-12-30 12:50:21\",\"deleted_at\":null},\"cart_detail\":[{\"id\":158,\"qty\":2,\"product_id\":15,\"inventory_id\":71,\"product_name\":\"Toor Dal\",\"unit\":\"1Kg\",\"product_image\":\"http:\\/\\/3.14.133.41\\/public\\/assets\\/img\\/product\\/1602316237.jpg\",\"price\":\"110.00\",\"total_price\":220,\"payble_price\":220,\"discount\":null,\"discount_type\":2}],\"shipping_charge\":10,\"totalItem\":2,\"totalAmount\":220,\"before_coupon\":220,\"coupon_discount\":0,\"paybleAmount\":220,\"couponData\":null}',	0,	1,	'store',	'2021-01-02 06:29:41',	0,	'2021-01-02 06:29:41',	NULL,	'2021-02-09 14:59:41',	NULL),
(43,	'AMG9957321',	47,	15,	0,	0,	1219.00,	1129.10,	5,	'',	1,	'{\"id\":44,\"store_id\":15,\"store_detail\":{\"id\":15,\"isDocumentApprove\":0,\"category_id\":\"\",\"user_id\":175,\"store_id\":\"8212856\",\"user_type\":20,\"name\":\"Daily Needs\",\"email\":\"dn@gmail.com\",\"password\":null,\"mobile_number\":\"9501858643\",\"Designation\":null,\"zipcode\":\"560001\",\"city\":\"Bengaluru\",\"ratting\":5,\"latitude\":\"12.9715987\",\"longitude\":\"77.5945627\",\"address\":\"Bangalore, Karnataka, India\",\"image\":null,\"pan_card\":null,\"store_registration\":null,\"aadhar_front\":null,\"aadhar_back\":null,\"aadhar_number\":\"6868689868668\",\"pan_number\":\"HHXHDJDJSJS\",\"registration_number\":\"bdhdhdjdj\",\"sell_count\":26,\"plan_id\":\"plan_Fr4v4xAu5yHYMk\",\"payment_link\":\"\",\"payment_method\":null,\"payment_status\":1,\"storelogo\":\"5fc753a7055bb.PNG\",\"CreatedBy\":0,\"UpdatedBy\":null,\"remember_token\":null,\"IsVerify\":1,\"IsActive\":1,\"IsAvailable\":1,\"created_at\":\"2020-12-02 08:42:13\",\"updated_at\":\"2021-01-02 06:29:41\",\"deleted_at\":null},\"cart_detail\":[{\"id\":151,\"qty\":1,\"product_id\":15,\"inventory_id\":71,\"product_name\":\"Toor Dal\",\"unit\":\"1Kg\",\"product_image\":\"http:\\/\\/3.14.133.41\\/public\\/assets\\/img\\/product\\/1602316237.jpg\",\"price\":\"110.00\",\"total_price\":110,\"payble_price\":110,\"discount\":null,\"discount_type\":2},{\"id\":153,\"qty\":1,\"product_id\":13,\"inventory_id\":65,\"product_name\":\"Mung Dal\",\"unit\":\"1Kg\",\"product_image\":\"http:\\/\\/3.14.133.41\\/public\\/assets\\/img\\/product\\/1602315799.jpg\",\"price\":\"110.00\",\"total_price\":110,\"payble_price\":110,\"discount\":null,\"discount_type\":2},{\"id\":154,\"qty\":1,\"product_id\":17,\"inventory_id\":67,\"product_name\":\"Dawat Rice\",\"unit\":\"10Kg\",\"product_image\":\"http:\\/\\/3.14.133.41\\/public\\/assets\\/img\\/product\\/1602316463.jpg\",\"price\":\"999.00\",\"total_price\":999,\"payble_price\":899.1,\"discount\":10,\"discount_type\":2}],\"shipping_charge\":10,\"totalItem\":3,\"totalAmount\":1219,\"before_coupon\":1119.1,\"coupon_discount\":0,\"paybleAmount\":1119.1,\"couponData\":null}',	0,	0,	'self',	'2021-01-02 06:32:35',	0,	'2021-01-02 06:32:35',	NULL,	'2021-01-04 07:55:32',	NULL),
(44,	'AMG7876565',	47,	15,	0,	0,	1109.00,	1019.10,	4,	'',	0,	'{\"id\":44,\"store_id\":15,\"store_detail\":{\"id\":15,\"isDocumentApprove\":0,\"category_id\":\"\",\"user_id\":175,\"store_id\":\"8212856\",\"user_type\":20,\"name\":\"Daily Needs\",\"email\":\"dn@gmail.com\",\"password\":null,\"mobile_number\":\"9501858643\",\"Designation\":null,\"zipcode\":\"560001\",\"city\":\"Bengaluru\",\"ratting\":5,\"latitude\":\"12.9715987\",\"longitude\":\"77.5945627\",\"address\":\"Bangalore, Karnataka, India\",\"image\":null,\"pan_card\":null,\"store_registration\":null,\"aadhar_front\":null,\"aadhar_back\":null,\"aadhar_number\":\"6868689868668\",\"pan_number\":\"HHXHDJDJSJS\",\"registration_number\":\"bdhdhdjdj\",\"sell_count\":27,\"plan_id\":\"plan_Fr4v4xAu5yHYMk\",\"payment_link\":\"\",\"payment_method\":null,\"payment_status\":1,\"storelogo\":\"5fc753a7055bb.PNG\",\"CreatedBy\":0,\"UpdatedBy\":null,\"remember_token\":null,\"IsVerify\":1,\"IsActive\":1,\"IsAvailable\":1,\"created_at\":\"2020-12-02 08:42:13\",\"updated_at\":\"2021-01-04 07:56:53\",\"deleted_at\":null},\"cart_detail\":[{\"id\":159,\"qty\":1,\"product_id\":15,\"inventory_id\":71,\"product_name\":\"Toor Dal\",\"unit\":\"1Kg\",\"product_image\":\"http:\\/\\/3.14.133.41\\/public\\/assets\\/img\\/product\\/1602316237.jpg\",\"price\":\"110.00\",\"total_price\":110,\"payble_price\":110,\"discount\":null,\"discount_type\":2},{\"id\":160,\"qty\":1,\"product_id\":17,\"inventory_id\":67,\"product_name\":\"Dawat Rice\",\"unit\":\"10Kg\",\"product_image\":\"http:\\/\\/3.14.133.41\\/public\\/assets\\/img\\/product\\/1602316463.jpg\",\"price\":\"999.00\",\"total_price\":999,\"payble_price\":899.1,\"discount\":10,\"discount_type\":2}],\"shipping_charge\":10,\"totalItem\":2,\"totalAmount\":1109,\"before_coupon\":1009.1,\"coupon_discount\":0,\"paybleAmount\":1009.1,\"couponData\":null}',	0,	0,	'self',	'2021-01-04 07:58:14',	0,	'2021-01-04 07:58:14',	NULL,	'2021-01-04 07:59:58',	NULL),
(45,	'AMG0902284',	51,	15,	0,	0,	1998.00,	1808.20,	1,	'',	0,	'{\"id\":47,\"store_id\":15,\"store_detail\":{\"id\":15,\"isDocumentApprove\":0,\"category_id\":\"\",\"user_id\":175,\"store_id\":\"8212856\",\"user_type\":20,\"name\":\"Daily Needs\",\"email\":\"dn@gmail.com\",\"password\":null,\"mobile_number\":\"9501858643\",\"Designation\":null,\"zipcode\":\"560001\",\"city\":\"Bengaluru\",\"ratting\":5,\"latitude\":\"12.9715987\",\"longitude\":\"77.5945627\",\"address\":\"Bangalore, Karnataka, India\",\"image\":null,\"pan_card\":null,\"store_registration\":null,\"aadhar_front\":null,\"aadhar_back\":null,\"aadhar_number\":\"6868689868668\",\"pan_number\":\"HHXHDJDJSJS\",\"registration_number\":\"bdhdhdjdj\",\"sell_count\":28,\"plan_id\":\"plan_Fr4v4xAu5yHYMk\",\"payment_link\":\"\",\"payment_method\":null,\"payment_status\":1,\"storelogo\":\"5fc753a7055bb.PNG\",\"CreatedBy\":0,\"UpdatedBy\":null,\"remember_token\":null,\"IsVerify\":1,\"IsActive\":1,\"IsAvailable\":1,\"created_at\":\"2020-12-02 08:42:13\",\"updated_at\":\"2021-01-04 07:58:14\",\"deleted_at\":null},\"cart_detail\":[{\"id\":163,\"qty\":2,\"product_id\":17,\"inventory_id\":67,\"product_name\":\"Dawat Rice\",\"unit\":\"10Kg\",\"product_image\":\"http:\\/\\/3.14.133.41\\/public\\/assets\\/img\\/product\\/1602316463.jpg\",\"price\":\"999.00\",\"total_price\":1998,\"payble_price\":1798.2,\"discount\":10,\"discount_type\":2}],\"shipping_charge\":10,\"totalItem\":2,\"totalAmount\":1998,\"before_coupon\":1798.2,\"coupon_discount\":0,\"paybleAmount\":1798.2,\"couponData\":null}',	0,	0,	'store',	'2021-02-09 14:58:06',	0,	'2021-02-09 14:58:06',	NULL,	'2021-02-09 14:58:06',	NULL);

DROP TABLE IF EXISTS `tbl_order_detail`;
CREATE TABLE `tbl_order_detail` (
  `id` int(10) unsigned NOT NULL AUTO_INCREMENT,
  `order_id` int(11) NOT NULL,
  `product_id` int(11) NOT NULL,
  `store_id` int(11) NOT NULL,
  `qty` int(11) DEFAULT NULL,
  `waight` int(11) NOT NULL,
  `unit` int(11) NOT NULL,
  `amount` decimal(25,2) DEFAULT NULL,
  `discount_amount` decimal(25,2) NOT NULL DEFAULT '0.00',
  `payable_amount` decimal(25,2) DEFAULT NULL,
  `status` tinyint(1) NOT NULL DEFAULT '1',
  `createdBy` int(11) NOT NULL DEFAULT '0',
  `created_at` timestamp NULL DEFAULT NULL,
  `updatedBy` int(11) DEFAULT NULL,
  `updated_at` timestamp NULL DEFAULT NULL,
  `deleted_at` timestamp NULL DEFAULT NULL,
  PRIMARY KEY (`id`)
) ENGINE=MyISAM AUTO_INCREMENT=50 DEFAULT CHARSET=utf8mb4 COLLATE=utf8mb4_unicode_ci;

INSERT INTO `tbl_order_detail` (`id`, `order_id`, `product_id`, `store_id`, `qty`, `waight`, `unit`, `amount`, `discount_amount`, `payable_amount`, `status`, `createdBy`, `created_at`, `updatedBy`, `updated_at`, `deleted_at`) VALUES
(43,	42,	15,	15,	2,	0,	0,	110.00,	-110.00,	220.00,	1,	0,	'2021-01-02 06:29:41',	NULL,	'2021-01-02 06:29:41',	NULL),
(42,	41,	14,	17,	1,	0,	0,	130.00,	0.00,	130.00,	1,	0,	'2021-01-02 06:24:38',	NULL,	'2021-01-02 06:24:38',	NULL),
(41,	40,	17,	15,	1,	0,	0,	999.00,	99.90,	899.10,	1,	0,	'2020-12-30 12:50:21',	NULL,	'2020-12-30 12:50:21',	NULL),
(40,	40,	15,	15,	1,	0,	0,	110.00,	0.00,	110.00,	1,	0,	'2020-12-30 12:50:21',	NULL,	'2020-12-30 12:50:21',	NULL),
(39,	39,	14,	17,	1,	0,	0,	130.00,	0.00,	130.00,	1,	0,	'2020-12-30 11:11:59',	NULL,	'2020-12-30 11:11:59',	NULL),
(38,	38,	15,	15,	1,	0,	0,	110.00,	0.00,	110.00,	1,	0,	'2020-12-30 11:07:35',	NULL,	'2020-12-30 11:07:35',	NULL),
(37,	37,	14,	17,	1,	0,	0,	130.00,	0.00,	130.00,	1,	0,	'2020-12-30 10:49:10',	NULL,	'2020-12-30 10:49:10',	NULL),
(36,	36,	14,	17,	1,	0,	0,	130.00,	0.00,	130.00,	1,	0,	'2020-12-30 09:42:50',	NULL,	'2020-12-30 09:42:50',	NULL),
(35,	35,	15,	15,	1,	0,	0,	110.00,	0.00,	110.00,	1,	0,	'2020-12-23 09:39:02',	NULL,	'2020-12-23 09:39:02',	NULL),
(34,	34,	15,	15,	1,	0,	0,	110.00,	0.00,	110.00,	1,	0,	'2020-12-23 09:29:44',	NULL,	'2020-12-23 09:29:44',	NULL),
(33,	34,	17,	15,	1,	0,	0,	999.00,	99.90,	899.10,	1,	0,	'2020-12-23 09:29:44',	NULL,	'2020-12-23 09:29:44',	NULL),
(32,	33,	15,	15,	1,	0,	0,	110.00,	0.00,	110.00,	1,	0,	'2020-12-19 16:42:29',	NULL,	'2020-12-19 16:42:29',	NULL),
(31,	33,	17,	15,	1,	0,	0,	999.00,	99.90,	899.10,	1,	0,	'2020-12-19 16:42:29',	NULL,	'2020-12-19 16:42:29',	NULL),
(30,	32,	15,	15,	2,	0,	0,	110.00,	-110.00,	220.00,	1,	0,	'2020-12-19 16:41:32',	NULL,	'2020-12-19 16:41:32',	NULL),
(29,	31,	15,	15,	1,	0,	0,	110.00,	0.00,	110.00,	1,	0,	'2020-12-19 16:40:15',	NULL,	'2020-12-19 16:40:15',	NULL),
(44,	43,	15,	15,	1,	0,	0,	110.00,	0.00,	110.00,	1,	0,	'2021-01-02 06:32:35',	NULL,	'2021-01-02 06:32:35',	NULL),
(45,	43,	13,	15,	1,	0,	0,	110.00,	0.00,	110.00,	1,	0,	'2021-01-02 06:32:35',	NULL,	'2021-01-02 06:32:35',	NULL),
(46,	43,	17,	15,	1,	0,	0,	999.00,	99.90,	899.10,	1,	0,	'2021-01-02 06:32:35',	NULL,	'2021-01-02 06:32:35',	NULL),
(47,	44,	15,	15,	1,	0,	0,	110.00,	0.00,	110.00,	1,	0,	'2021-01-04 07:58:14',	NULL,	'2021-01-04 07:58:14',	NULL),
(48,	44,	17,	15,	1,	0,	0,	999.00,	99.90,	899.10,	1,	0,	'2021-01-04 07:58:14',	NULL,	'2021-01-04 07:58:14',	NULL),
(49,	45,	17,	15,	2,	0,	0,	999.00,	-799.20,	1798.20,	1,	0,	'2021-02-09 14:58:06',	NULL,	'2021-02-09 14:58:06',	NULL);

DROP TABLE IF EXISTS `tbl_product`;
CREATE TABLE `tbl_product` (
  `id` int(10) unsigned NOT NULL AUTO_INCREMENT,
  `product_code` varchar(50) COLLATE utf8mb4_unicode_ci DEFAULT NULL,
  `name` varchar(191) COLLATE utf8mb4_unicode_ci DEFAULT NULL,
  `category_id` varchar(191) COLLATE utf8mb4_unicode_ci DEFAULT NULL,
  `sub_category_id` int(11) DEFAULT NULL,
  `sub_sub_category_id` int(11) DEFAULT NULL,
  `brand_id` int(11) DEFAULT NULL,
  `unit_id` varchar(191) COLLATE utf8mb4_unicode_ci DEFAULT NULL,
  `profile_pic` varchar(255) COLLATE utf8mb4_unicode_ci DEFAULT NULL,
  `price` decimal(25,2) DEFAULT NULL,
  `internal_price` decimal(25,2) DEFAULT NULL,
  `meta_data` text COLLATE utf8mb4_unicode_ci,
  `meta_description` text COLLATE utf8mb4_unicode_ci,
  `product_tags` text COLLATE utf8mb4_unicode_ci,
  `discount` int(11) NOT NULL DEFAULT '0',
  `discount_type` tinyint(1) DEFAULT NULL COMMENT '1=flat,2=per',
  `description` longtext COLLATE utf8mb4_unicode_ci,
  `short_description` text COLLATE utf8mb4_unicode_ci,
  `created_by` int(11) DEFAULT '0',
  `updated_by` int(11) DEFAULT NULL,
  `IsVerify` int(11) NOT NULL DEFAULT '1',
  `IsActive` int(11) NOT NULL DEFAULT '1',
  `created_at` timestamp NULL DEFAULT NULL,
  `updated_at` timestamp NULL DEFAULT NULL,
  `deleted_at` timestamp NULL DEFAULT NULL,
  PRIMARY KEY (`id`),
  UNIQUE KEY `name` (`name`)
) ENGINE=MyISAM AUTO_INCREMENT=32 DEFAULT CHARSET=utf8mb4 COLLATE=utf8mb4_unicode_ci;

INSERT INTO `tbl_product` (`id`, `product_code`, `name`, `category_id`, `sub_category_id`, `sub_sub_category_id`, `brand_id`, `unit_id`, `profile_pic`, `price`, `internal_price`, `meta_data`, `meta_description`, `product_tags`, `discount`, `discount_type`, `description`, `short_description`, `created_by`, `updated_by`, `IsVerify`, `IsActive`, `created_at`, `updated_at`, `deleted_at`) VALUES
(2,	NULL,	'DHara Oil',	'2',	3,	NULL,	2,	'1',	'1598625522.jpg',	15.00,	15.00,	NULL,	NULL,	NULL,	5,	1,	NULL,	NULL,	0,	NULL,	1,	1,	'2020-08-28 09:08:42',	'2020-10-10 07:29:40',	'2020-10-10 07:29:40'),
(3,	NULL,	'product one',	'1',	6,	NULL,	1,	'1',	NULL,	25.00,	25.00,	NULL,	NULL,	NULL,	5,	1,	NULL,	NULL,	0,	NULL,	1,	1,	'2020-09-02 01:31:45',	'2020-10-10 07:29:36',	'2020-10-10 07:29:36'),
(4,	NULL,	'Product second',	'2',	3,	4,	1,	'1',	NULL,	16.00,	16.00,	NULL,	NULL,	NULL,	5,	1,	NULL,	NULL,	0,	NULL,	1,	1,	'2020-09-02 01:32:04',	'2020-10-10 07:29:30',	'2020-10-10 07:29:30'),
(9,	NULL,	'Rin',	'2',	3,	4,	1,	'1',	NULL,	15.00,	15.00,	NULL,	NULL,	NULL,	10,	1,	NULL,	NULL,	0,	NULL,	1,	1,	'2020-09-03 05:23:05',	'2020-10-10 07:29:26',	'2020-10-10 07:29:26'),
(10,	NULL,	'one ice creams',	'1',	5,	NULL,	1,	'1',	NULL,	10.00,	10.00,	NULL,	NULL,	NULL,	5,	1,	NULL,	NULL,	0,	NULL,	1,	1,	'2020-09-08 00:01:36',	'2020-10-10 07:29:22',	'2020-10-10 07:29:22'),
(11,	NULL,	'bansal oil',	'2',	3,	4,	1,	'1',	'1599813836.jpg',	15.00,	15.00,	NULL,	NULL,	NULL,	12,	1,	'test',	'test',	0,	NULL,	1,	1,	'2020-09-11 00:49:36',	'2020-10-10 07:26:55',	'2020-10-10 07:26:55'),
(12,	NULL,	'testice',	'1',	5,	NULL,	2,	'4',	'1602309732.jpg',	10.00,	8.00,	'test',	'test_descrip',	'test_tage',	10,	1,	'dfdgdfsd asfds',	'for gtestadsfds',	0,	NULL,	1,	1,	'2020-10-10 06:01:33',	'2020-10-10 07:29:18',	'2020-10-10 07:29:18'),
(13,	NULL,	'Mung Dal',	'14',	19,	NULL,	1,	'1',	'1602315799.jpg',	NULL,	NULL,	'asd',	'sadf',	'asd',	0,	NULL,	'sdsdsd',	'dssdsd',	0,	NULL,	1,	1,	'2020-10-10 07:37:58',	'2020-10-10 07:43:19',	NULL),
(14,	NULL,	'Dal',	'14',	19,	NULL,	1,	'1',	'1602315546.jpg',	NULL,	NULL,	'test',	'test',	'test',	0,	NULL,	'is a term used in the Indian subcontinent for dried, split pulses (that is, lentils, peas, and beans) that do not require pre-soaking. India is the largest producer of pulses in the world.',	'is a term used in the Indian subcontinent for dried, split pulse',	0,	NULL,	1,	1,	'2020-10-10 07:39:06',	'2020-10-10 07:41:32',	NULL),
(15,	NULL,	'Toor Dal',	'14',	19,	NULL,	1,	'1',	'1602316237.jpg',	NULL,	NULL,	'asasa',	'asasa',	'assas',	0,	NULL,	'sasasas',	'saasasas',	0,	NULL,	1,	1,	'2020-10-10 07:50:37',	'2020-10-10 08:01:26',	NULL),
(16,	NULL,	'Basmati Raice',	'14',	19,	NULL,	1,	NULL,	'1602316383.jpg',	NULL,	NULL,	'test',	'test',	'test',	0,	NULL,	'asas',	'ssas',	0,	NULL,	1,	1,	'2020-10-10 07:53:03',	'2020-10-10 08:01:40',	NULL),
(17,	NULL,	'Dawat Rice',	'14',	19,	NULL,	1,	NULL,	'1602316463.jpg',	NULL,	NULL,	'test',	'test',	'test',	0,	NULL,	'dsdsdsd',	'ssdssds',	0,	NULL,	1,	1,	'2020-10-10 07:54:23',	'2020-10-10 08:02:00',	NULL),
(18,	NULL,	'vanela tt',	'15',	20,	NULL,	1,	NULL,	'1602317008.jpg',	NULL,	NULL,	'test',	'test',	'test',	0,	NULL,	'sdsd',	'sdsds',	0,	NULL,	1,	1,	'2020-10-10 08:03:28',	'2020-10-10 08:03:28',	NULL),
(19,	NULL,	'chokobaar masti',	'15',	21,	NULL,	1,	NULL,	'1602317086.jpg',	NULL,	NULL,	'test',	'test',	'test',	0,	NULL,	'sdsd',	'xssdsd',	0,	NULL,	1,	1,	'2020-10-10 08:04:46',	'2020-10-10 08:04:55',	NULL),
(20,	NULL,	'batter b',	'15',	20,	NULL,	1,	NULL,	'1602317140.jpg',	NULL,	NULL,	'zxxx',	'zxzxxz',	'xzxz',	0,	NULL,	'zxzx',	'xzxzxzx',	0,	NULL,	1,	1,	'2020-10-10 08:05:40',	'2020-10-10 08:05:40',	NULL),
(21,	NULL,	'chako chips',	'15',	21,	NULL,	1,	NULL,	'1602317183.jpg',	NULL,	NULL,	'zzx',	'zxzxx',	'xzxzx',	0,	NULL,	'xzxzx',	'zxzxz',	0,	NULL,	1,	1,	'2020-10-10 08:06:23',	'2020-10-10 08:06:23',	NULL),
(22,	NULL,	'Birthday Cack',	'16',	22,	NULL,	1,	NULL,	'1602317226.jpg',	NULL,	NULL,	'test',	'test',	'test',	0,	NULL,	'xccx',	'xcxcxcx',	0,	NULL,	1,	1,	'2020-10-10 08:07:06',	'2020-10-10 08:07:06',	NULL),
(23,	NULL,	'Engagement cack',	'16',	22,	NULL,	1,	NULL,	'1602317265.jpeg',	NULL,	NULL,	'test',	'test',	'test',	0,	NULL,	'cxc',	'xccxcx',	0,	NULL,	1,	1,	'2020-10-10 08:07:45',	'2020-10-10 08:07:54',	NULL),
(24,	NULL,	'marriage cack',	'16',	23,	NULL,	1,	NULL,	'1602317346.jpg',	NULL,	NULL,	'test',	'cc',	'cs',	0,	NULL,	'scscsscs',	'ssscsc',	0,	NULL,	1,	1,	'2020-10-10 08:09:06',	'2020-10-10 08:09:06',	NULL),
(25,	NULL,	'Sahi Thali',	'18',	26,	NULL,	1,	NULL,	'1602317670.jpg',	NULL,	NULL,	'zxxz',	'xzxzx',	'zxzxzxz',	0,	NULL,	'zxzxzx',	'xzxzxzx',	0,	NULL,	1,	1,	'2020-10-10 08:14:30',	'2020-10-10 08:14:30',	NULL),
(26,	NULL,	'Dal tadka',	'18',	26,	NULL,	1,	NULL,	'1602317747.jpg',	NULL,	NULL,	'xzxzx',	'zxzx',	'zxzxzx',	0,	NULL,	'zxzx',	'zxzx',	0,	NULL,	1,	1,	'2020-10-10 08:15:47',	'2020-10-10 08:15:47',	NULL),
(27,	NULL,	'Matar paneer',	'18',	26,	NULL,	1,	NULL,	'1602317868.jpg',	NULL,	NULL,	'sdds',	'dsds',	'dsds',	0,	NULL,	'dsd',	'dsds',	0,	NULL,	1,	1,	'2020-10-10 08:17:48',	'2020-10-10 08:18:00',	NULL),
(28,	NULL,	'shahi paneer',	'18',	26,	NULL,	1,	NULL,	'1602317934.jpg',	NULL,	NULL,	'xdadada',	'dadad',	'adad',	0,	NULL,	'dadadada',	'adadad',	0,	NULL,	1,	1,	'2020-10-10 08:18:54',	'2020-10-10 08:18:54',	NULL),
(29,	NULL,	'pen',	'17',	24,	NULL,	1,	NULL,	'1602317988.jpg',	NULL,	NULL,	'asasas',	'sasass',	'asasa',	0,	NULL,	'asasasas',	'sasasas',	0,	NULL,	1,	1,	'2020-10-10 08:19:48',	'2020-10-10 08:19:48',	NULL),
(30,	NULL,	'Books',	'17',	24,	NULL,	1,	NULL,	'1602318140.jpg',	NULL,	NULL,	'ssdds',	'dsdsd',	'sdsd',	0,	NULL,	'dsds',	'sdsd',	0,	NULL,	1,	1,	'2020-10-10 08:21:43',	'2020-10-10 08:22:20',	NULL),
(31,	NULL,	'Rin Combo',	'14',	29,	NULL,	1,	NULL,	'1602487940.png',	NULL,	NULL,	'fhgfhg',	'fdf',	'rin',	0,	NULL,	'cleaners',	'cleaners',	0,	NULL,	1,	1,	'2020-10-12 07:32:20',	'2020-10-12 07:32:20',	NULL);

DROP TABLE IF EXISTS `tbl_ratting`;
CREATE TABLE `tbl_ratting` (
  `id` int(10) unsigned NOT NULL AUTO_INCREMENT,
  `user_id` int(11) NOT NULL,
  `store_id` int(11) NOT NULL,
  `order_id` int(11) DEFAULT NULL,
  `ratting` int(11) DEFAULT NULL,
  `status` tinyint(1) NOT NULL DEFAULT '1',
  `createdBy` int(11) NOT NULL DEFAULT '0',
  `created_at` timestamp NULL DEFAULT CURRENT_TIMESTAMP,
  `updatedBy` int(11) DEFAULT NULL,
  `updated_at` timestamp NULL DEFAULT NULL,
  `deleted_at` timestamp NULL DEFAULT NULL,
  PRIMARY KEY (`id`)
) ENGINE=MyISAM AUTO_INCREMENT=14 DEFAULT CHARSET=utf8mb4 COLLATE=utf8mb4_unicode_ci;

INSERT INTO `tbl_ratting` (`id`, `user_id`, `store_id`, `order_id`, `ratting`, `status`, `createdBy`, `created_at`, `updatedBy`, `updated_at`, `deleted_at`) VALUES
(1,	5,	1,	2,	5,	1,	0,	'2020-10-25 08:21:56',	NULL,	'2020-10-25 08:21:56',	NULL),
(2,	10,	21,	10,	3,	1,	0,	'2020-10-26 09:19:58',	NULL,	'2020-10-26 10:08:13',	NULL),
(3,	26,	25,	7,	3,	1,	0,	'2020-11-04 12:23:26',	NULL,	'2020-11-04 12:23:26',	NULL),
(4,	34,	1,	14,	2,	1,	0,	'2020-11-29 14:10:58',	NULL,	'2020-11-29 14:10:58',	NULL),
(5,	37,	5,	14,	4,	1,	0,	'2020-12-01 12:20:04',	NULL,	'2020-12-01 12:20:04',	NULL),
(6,	45,	11,	15,	4,	1,	0,	'2020-12-06 14:12:04',	NULL,	'2020-12-06 14:12:04',	NULL),
(7,	46,	20,	14,	4,	1,	0,	'2020-12-12 12:26:44',	NULL,	'2020-12-12 12:31:32',	NULL),
(8,	47,	21,	15,	4,	1,	0,	'2020-12-13 07:37:12',	NULL,	'2020-12-13 07:37:12',	NULL),
(9,	47,	22,	15,	4,	1,	0,	'2020-12-15 16:37:35',	NULL,	'2020-12-15 16:37:35',	NULL),
(10,	47,	34,	15,	3,	1,	0,	'2020-12-23 09:38:40',	NULL,	'2020-12-23 09:38:40',	NULL),
(11,	50,	37,	17,	4,	1,	0,	'2020-12-30 11:02:47',	NULL,	'2020-12-30 11:02:47',	NULL),
(12,	51,	41,	17,	5,	1,	0,	'2021-02-09 14:59:32',	NULL,	'2021-02-09 14:59:32',	NULL),
(13,	51,	42,	15,	5,	1,	0,	'2021-02-09 14:59:41',	NULL,	'2021-02-09 14:59:41',	NULL);

DROP TABLE IF EXISTS `tbl_search_history`;
CREATE TABLE `tbl_search_history` (
  `id` int(10) unsigned NOT NULL AUTO_INCREMENT,
  `item_id` varchar(50) COLLATE utf8mb4_unicode_ci DEFAULT NULL,
  `item_type` varchar(50) COLLATE utf8mb4_unicode_ci DEFAULT NULL,
  `user_id` int(11) NOT NULL,
  `IsActive` int(11) NOT NULL DEFAULT '1',
  `created_at` timestamp NULL DEFAULT NULL,
  `updated_at` timestamp NULL DEFAULT NULL,
  `deleted_at` timestamp NULL DEFAULT NULL,
  PRIMARY KEY (`id`)
) ENGINE=MyISAM AUTO_INCREMENT=58 DEFAULT CHARSET=utf8mb4 COLLATE=utf8mb4_unicode_ci;

INSERT INTO `tbl_search_history` (`id`, `item_id`, `item_type`, `user_id`, `IsActive`, `created_at`, `updated_at`, `deleted_at`) VALUES
(50,	'19',	'subcategory',	52,	1,	'2021-01-12 12:07:21',	'2021-01-12 12:07:21',	NULL),
(49,	'16',	'category',	52,	1,	'2021-01-12 12:07:14',	'2021-01-12 12:07:14',	NULL),
(48,	'15',	'store',	51,	1,	'2021-01-02 06:28:50',	'2021-01-02 06:28:50',	NULL),
(47,	'19',	'subcategory',	51,	1,	'2021-01-02 06:22:53',	'2021-01-02 06:22:53',	NULL),
(45,	'17',	'store',	52,	1,	'2020-12-30 12:46:10',	'2020-12-30 12:46:10',	NULL),
(46,	'15',	'store',	52,	1,	'2020-12-30 12:46:16',	'2020-12-30 12:46:16',	NULL),
(44,	'17',	'store',	51,	1,	'2020-12-30 12:35:42',	'2020-12-30 12:35:42',	NULL),
(43,	'17',	'store',	50,	1,	'2020-12-30 09:32:15',	'2020-12-30 09:32:15',	NULL),
(42,	'16',	'store',	50,	1,	'2020-12-28 14:44:11',	'2020-12-28 14:44:11',	NULL),
(41,	'15',	'category',	47,	1,	'2020-12-24 07:37:45',	'2020-12-24 07:37:45',	NULL),
(40,	'19',	'subcategory',	47,	1,	'2020-12-24 07:34:19',	'2020-12-24 07:34:19',	NULL),
(39,	'29',	'subcategory',	47,	1,	'2020-12-24 07:32:57',	'2020-12-24 07:32:57',	NULL),
(38,	'15',	'store',	47,	1,	'2020-12-23 09:12:40',	'2020-12-23 09:12:40',	NULL),
(37,	'16',	'store',	47,	1,	'2020-12-23 09:12:37',	'2020-12-23 09:12:37',	NULL),
(36,	'17',	'store',	47,	1,	'2020-12-23 09:12:31',	'2020-12-23 09:12:31',	NULL),
(35,	'18',	'category',	47,	1,	'2020-12-23 09:12:19',	'2020-12-23 09:12:19',	NULL),
(34,	'15',	'store',	50,	1,	'2020-12-23 08:22:53',	'2020-12-23 08:22:53',	NULL),
(51,	'22',	'subcategory',	52,	1,	'2021-01-12 12:07:27',	'2021-01-12 12:07:27',	NULL),
(52,	'16',	'store',	52,	1,	'2021-01-12 12:07:53',	'2021-01-12 12:07:53',	NULL),
(53,	'29',	'subcategory',	51,	1,	'2021-02-09 14:56:06',	'2021-02-09 14:56:06',	NULL),
(54,	'16',	'category',	51,	1,	'2021-02-09 14:56:16',	'2021-02-09 14:56:16',	NULL),
(55,	'17',	'store',	54,	1,	'2021-05-16 17:09:33',	'2021-05-16 17:09:33',	NULL),
(56,	'15',	'store',	54,	1,	'2021-05-20 19:47:49',	'2021-05-20 19:47:49',	NULL),
(57,	'27',	'subcategory',	54,	1,	'2021-05-20 19:48:11',	'2021-05-20 19:48:11',	NULL);

DROP TABLE IF EXISTS `tbl_static_page_editor`;
CREATE TABLE `tbl_static_page_editor` (
  `id` int(11) NOT NULL AUTO_INCREMENT,
  `page_title` varchar(200) NOT NULL,
  `title` longtext NOT NULL,
  `content` longtext NOT NULL,
  `page_type` int(1) NOT NULL COMMENT '1:Simple Page;2:FAQ Page',
  `IsActive` int(1) NOT NULL DEFAULT '1',
  `updated_at` varchar(255) NOT NULL,
  `created_at` timestamp NOT NULL DEFAULT CURRENT_TIMESTAMP ON UPDATE CURRENT_TIMESTAMP,
  PRIMARY KEY (`id`)
) ENGINE=InnoDB AUTO_INCREMENT=4 DEFAULT CHARSET=utf8mb4;

INSERT INTO `tbl_static_page_editor` (`id`, `page_title`, `title`, `content`, `page_type`, `IsActive`, `updated_at`, `created_at`) VALUES
(2,	'Terms & Conditions',	'a:1:{i:0;s:20:\"What is Lorem Ipsum?\";}',	'a:1:{i:0;s:585:\"<p>Lorem Ipsum is simply dummy text of the printing and typesetting industry. Lorem Ipsum has been the industry&#39;s standard dummy text ever since the 1500s, when an unknown printer took a galley of type and scrambled it to make a type specimen book. It has survived not only five centuries, but also the leap into electronic typesetting, remaining essentially unchanged. It was popularised in the 1960s with the release of Letraset sheets containing Lorem Ipsum passages, and more recently with desktop publishing software like Aldus PageMaker including versions of Lorem Ipsum.</p>\";}',	1,	1,	'2020-10-19 10:00:23',	'2020-10-19 10:00:23'),
(3,	'FAQ',	'a:3:{i:0;s:17:\"Why do we use it?\";i:1;s:24:\"Where does it come from?\";i:2;s:21:\"Where can I get some?\";}',	'a:3:{i:0;s:636:\"<p>It is a long established fact that a reader will be distracted by the readable content of a page when looking at its layout. The point of using Lorem Ipsum is that it has a more-or-less normal distribution of letters, as opposed to using &#39;Content here, content here&#39;, making it look like readable English. Many desktop publishing packages and web page editors now use Lorem Ipsum as their default model text, and a search for &#39;lorem ipsum&#39; will uncover many web sites still in their infancy. Various versions have evolved over the years, sometimes by accident, sometimes on purpose (injected humour and the like).</p>\";i:1;s:790:\"<p>Contrary to popular belief, Lorem Ipsum is not simply random text. It has roots in a piece of classical Latin literature from 45 BC, making it over 2000 years old. Richard McClintock, a Latin professor at Hampden-Sydney College in Virginia, looked up one of the more obscure Latin words, consectetur, from a Lorem Ipsum passage, and going through the cites of the word in classical literature, discovered the undoubtable source. Lorem Ipsum comes from sections 1.10.32 and 1.10.33 of &quot;de Finibus Bonorum et Malorum&quot; (The Extremes of Good and Evil) by Cicero, written in 45 BC. This book is a treatise on the theory of ethics, very popular during the Renaissance. The first line of Lorem Ipsum, &quot;Lorem ipsum dolor sit amet..&quot;, comes from a line in section 1.10.32.</p>\";i:2;s:763:\"<p>here are many variations of passages of Lorem Ipsum available, but the majority have suffered alteration in some form, by injected humour, or randomised words which don&#39;t look even slightly believable. If you are going to use a passage of Lorem Ipsum, you need to be sure there isn&#39;t anything embarrassing hidden in the middle of text. All the Lorem Ipsum generators on the Internet tend to repeat predefined chunks as necessary, making this the first true generator on the Internet. It uses a dictionary of over 200 Latin words, combined with a handful of model sentence structures, to generate Lorem Ipsum which looks reasonable. The generated Lorem Ipsum is therefore always free from repetition, injected humour, or non-characteristic words etc</p>\";}',	2,	1,	'2020-10-19 10:01:42',	'2020-10-19 10:01:42');

DROP TABLE IF EXISTS `tbl_store`;
CREATE TABLE `tbl_store` (
  `id` int(10) unsigned NOT NULL AUTO_INCREMENT,
  `isDocumentApprove` int(11) NOT NULL DEFAULT '0',
  `category_id` varchar(100) COLLATE utf8mb4_unicode_ci NOT NULL,
  `user_id` int(11) DEFAULT NULL,
  `store_id` varchar(50) COLLATE utf8mb4_unicode_ci DEFAULT NULL,
  `user_type` int(11) NOT NULL DEFAULT '0',
  `name` varchar(191) COLLATE utf8mb4_unicode_ci NOT NULL,
  `email` varchar(191) COLLATE utf8mb4_unicode_ci NOT NULL,
  `password` varchar(191) COLLATE utf8mb4_unicode_ci DEFAULT NULL,
  `mobile_number` varchar(191) COLLATE utf8mb4_unicode_ci DEFAULT NULL,
  `Designation` varchar(191) COLLATE utf8mb4_unicode_ci DEFAULT NULL,
  `zipcode` varchar(255) COLLATE utf8mb4_unicode_ci DEFAULT NULL,
  `city` varchar(50) COLLATE utf8mb4_unicode_ci DEFAULT NULL,
  `ratting` int(11) DEFAULT NULL,
  `latitude` varchar(255) COLLATE utf8mb4_unicode_ci DEFAULT NULL,
  `longitude` varchar(255) COLLATE utf8mb4_unicode_ci DEFAULT NULL,
  `address` text COLLATE utf8mb4_unicode_ci,
  `image` varchar(255) COLLATE utf8mb4_unicode_ci DEFAULT NULL,
  `pan_card` varchar(200) COLLATE utf8mb4_unicode_ci DEFAULT NULL,
  `store_registration` varchar(200) COLLATE utf8mb4_unicode_ci DEFAULT NULL,
  `aadhar_front` varchar(200) COLLATE utf8mb4_unicode_ci DEFAULT NULL,
  `aadhar_back` varchar(200) COLLATE utf8mb4_unicode_ci DEFAULT NULL,
  `aadhar_number` varchar(20) COLLATE utf8mb4_unicode_ci DEFAULT NULL,
  `pan_number` varchar(20) COLLATE utf8mb4_unicode_ci DEFAULT NULL,
  `registration_number` varchar(20) COLLATE utf8mb4_unicode_ci DEFAULT NULL,
  `sell_count` int(11) NOT NULL DEFAULT '0',
  `plan_id` varchar(100) COLLATE utf8mb4_unicode_ci DEFAULT NULL,
  `payment_link` varchar(100) COLLATE utf8mb4_unicode_ci NOT NULL,
  `payment_method` tinyint(4) DEFAULT NULL COMMENT '0:Phone_Pay;1:Google_Pay;2:upi;3:paytm',
  `payment_status` tinyint(1) NOT NULL DEFAULT '0' COMMENT '0:pending;1:done',
  `storelogo` varchar(255) COLLATE utf8mb4_unicode_ci NOT NULL,
  `CreatedBy` int(11) NOT NULL DEFAULT '0',
  `UpdatedBy` int(11) DEFAULT NULL,
  `remember_token` varchar(100) COLLATE utf8mb4_unicode_ci DEFAULT NULL,
  `IsVerify` int(11) NOT NULL DEFAULT '1',
  `IsActive` int(11) NOT NULL DEFAULT '1',
  `IsAvailable` int(11) NOT NULL,
  `created_at` timestamp NULL DEFAULT NULL,
  `updated_at` timestamp NULL DEFAULT NULL,
  `deleted_at` timestamp NULL DEFAULT NULL,
  PRIMARY KEY (`id`),
  UNIQUE KEY `users_email_unique` (`email`)
) ENGINE=MyISAM AUTO_INCREMENT=18 DEFAULT CHARSET=utf8mb4 COLLATE=utf8mb4_unicode_ci;

INSERT INTO `tbl_store` (`id`, `isDocumentApprove`, `category_id`, `user_id`, `store_id`, `user_type`, `name`, `email`, `password`, `mobile_number`, `Designation`, `zipcode`, `city`, `ratting`, `latitude`, `longitude`, `address`, `image`, `pan_card`, `store_registration`, `aadhar_front`, `aadhar_back`, `aadhar_number`, `pan_number`, `registration_number`, `sell_count`, `plan_id`, `payment_link`, `payment_method`, `payment_status`, `storelogo`, `CreatedBy`, `UpdatedBy`, `remember_token`, `IsVerify`, `IsActive`, `IsAvailable`, `created_at`, `updated_at`, `deleted_at`) VALUES
(17,	0,	'',	180,	'1256707',	20,	'Rajesh Store',	'rajeshupwork01@gmail.com',	NULL,	'9625098250',	NULL,	'160059',	'Sahibzada Ajit Singh Nagar',	5,	'30.7046486',	'76.71787259999999',	'Mohali, Punjab, India',	'5fe9eada61ea2.jpg',	'5fe9eafa10873.jpg',	'5fe9eb0594b4d.jpg',	'5fe9eaeab5544.jpg',	'5fe9eaeab55d5.jpg',	'ABC',	'ADDASDSAD',	'dadada',	4,	'plan_Fr4uRDK7pKfKJ7',	'',	NULL,	1,	'5fe9eada61ea2.jpg',	0,	NULL,	NULL,	1,	1,	1,	'2020-12-19 09:46:52',	'2021-01-02 06:24:38',	NULL),
(15,	0,	'',	175,	'8212856',	20,	'Daily Needs',	'dn@gmail.com',	NULL,	'9501858643',	NULL,	'560001',	'Bengaluru',	5,	'12.9715987',	'77.5945627',	'Bangalore, Karnataka, India',	NULL,	NULL,	NULL,	NULL,	NULL,	'6868689868668',	'HHXHDJDJSJS',	'bdhdhdjdj',	29,	'plan_Fr4v4xAu5yHYMk',	'',	NULL,	1,	'5fc753a7055bb.PNG',	0,	NULL,	NULL,	1,	1,	1,	'2020-12-02 08:42:13',	'2021-02-09 14:58:06',	NULL),
(14,	0,	'',	173,	'9560681',	20,	'Thakur Store',	'test@gmail.com',	NULL,	'9779191546',	NULL,	'160059',	'Phase 3B-2',	5,	'30.7096333',	'76.71992329999999',	'Phase 3B-2, Sector 60, Sahibzada Ajit Singh Nagar, Punjab, India',	'5fd48966b532a.JPG',	'',	'',	'',	'',	'ABC',	'DYCBTY',	'7676',	12,	'plan_Fr4v4xAu5yHYMk',	'',	NULL,	1,	'5fd48a3c88a8f.jpg',	0,	NULL,	NULL,	1,	1,	1,	'2020-11-27 11:35:46',	'2020-12-19 09:44:22',	'2020-12-19 09:44:22'),
(16,	0,	'',	179,	'8835133',	20,	'abc',	't1@gmail.com',	NULL,	'8888888888',	NULL,	'560001',	'Bengaluru',	4,	'12.9715987',	'77.5945627',	'Bengaluru, Karnataka, India',	NULL,	NULL,	NULL,	NULL,	NULL,	NULL,	NULL,	NULL,	0,	'',	'',	NULL,	1,	'',	0,	NULL,	NULL,	1,	1,	1,	'2020-12-15 16:58:44',	'2020-12-28 18:46:27',	NULL);

DROP TABLE IF EXISTS `tbl_store_category_maping`;
CREATE TABLE `tbl_store_category_maping` (
  `id` int(11) NOT NULL AUTO_INCREMENT,
  `store_id` int(11) NOT NULL,
  `category_id` int(11) NOT NULL,
  `created_at` timestamp NOT NULL DEFAULT CURRENT_TIMESTAMP,
  `updated_at` timestamp NULL DEFAULT NULL,
  `deleted_at` timestamp NULL DEFAULT NULL,
  PRIMARY KEY (`id`)
) ENGINE=InnoDB AUTO_INCREMENT=77 DEFAULT CHARSET=utf8mb4;

INSERT INTO `tbl_store_category_maping` (`id`, `store_id`, `category_id`, `created_at`, `updated_at`, `deleted_at`) VALUES
(67,	15,	14,	'2020-12-02 08:43:19',	'2020-12-02 08:43:19',	NULL),
(69,	14,	14,	'2020-12-12 09:15:40',	'2020-12-12 09:15:40',	NULL),
(71,	17,	14,	'2020-12-19 09:46:52',	'2020-12-19 09:46:52',	NULL),
(72,	17,	15,	'2020-12-19 09:46:52',	'2020-12-19 09:46:52',	NULL),
(73,	17,	16,	'2020-12-19 09:46:52',	'2020-12-19 09:46:52',	NULL),
(74,	17,	17,	'2020-12-19 09:46:52',	'2020-12-19 09:46:52',	NULL),
(75,	17,	18,	'2020-12-19 09:46:52',	'2020-12-19 09:46:52',	NULL),
(76,	16,	14,	'2020-12-19 11:11:15',	'2020-12-19 11:11:15',	NULL);

DROP TABLE IF EXISTS `tbl_unit`;
CREATE TABLE `tbl_unit` (
  `id` int(10) unsigned NOT NULL AUTO_INCREMENT,
  `name` varchar(191) COLLATE utf8mb4_unicode_ci DEFAULT NULL,
  `image` varchar(255) COLLATE utf8mb4_unicode_ci DEFAULT NULL,
  `created_by` int(11) DEFAULT '0',
  `updated_by` int(11) DEFAULT NULL,
  `IsActive` int(11) NOT NULL DEFAULT '1',
  `created_at` timestamp NULL DEFAULT NULL,
  `updated_at` timestamp NULL DEFAULT NULL,
  `deleted_at` timestamp NULL DEFAULT NULL,
  PRIMARY KEY (`id`)
) ENGINE=MyISAM AUTO_INCREMENT=7 DEFAULT CHARSET=utf8mb4 COLLATE=utf8mb4_unicode_ci;

INSERT INTO `tbl_unit` (`id`, `name`, `image`, `created_by`, `updated_by`, `IsActive`, `created_at`, `updated_at`, `deleted_at`) VALUES
(1,	'Kg',	'1598614089.jpg',	1,	NULL,	1,	'2020-08-28 05:29:07',	'2020-08-28 09:19:58',	NULL),
(5,	'Gm',	NULL,	1,	NULL,	1,	'2020-10-07 02:24:02',	'2020-10-07 02:24:02',	NULL),
(3,	'Litre',	NULL,	1,	NULL,	1,	'2020-10-07 02:21:47',	'2020-10-07 02:21:47',	NULL),
(4,	'Pc',	NULL,	1,	NULL,	1,	'2020-10-07 02:22:02',	'2020-10-07 02:22:02',	NULL),
(6,	'testUnit1',	NULL,	1,	NULL,	1,	'2020-10-10 05:55:23',	'2020-10-10 05:55:36',	'2020-10-10 05:55:36');

DROP TABLE IF EXISTS `tbl_user_address`;
CREATE TABLE `tbl_user_address` (
  `id` int(10) unsigned NOT NULL AUTO_INCREMENT,
  `user_id` varchar(50) COLLATE utf8mb4_unicode_ci NOT NULL,
  `full_address` text COLLATE utf8mb4_unicode_ci,
  `home_block_flat` varchar(191) COLLATE utf8mb4_unicode_ci DEFAULT NULL,
  `landmark` varchar(255) COLLATE utf8mb4_unicode_ci DEFAULT NULL,
  `area` varchar(191) COLLATE utf8mb4_unicode_ci DEFAULT NULL,
  `city` varchar(191) COLLATE utf8mb4_unicode_ci DEFAULT NULL,
  `state` varchar(191) COLLATE utf8mb4_unicode_ci DEFAULT NULL,
  `country` varchar(255) COLLATE utf8mb4_unicode_ci DEFAULT NULL,
  `pincode` varchar(50) COLLATE utf8mb4_unicode_ci DEFAULT NULL,
  `address_type` int(11) DEFAULT '0' COMMENT '0 = Home, 1 Office, 2 = Other',
  `latitude` varchar(255) COLLATE utf8mb4_unicode_ci DEFAULT NULL,
  `longitude` varchar(255) COLLATE utf8mb4_unicode_ci DEFAULT NULL,
  `CreatedBy` int(11) NOT NULL DEFAULT '0',
  `UpdatedBy` int(11) DEFAULT NULL,
  `IsDefault` int(11) NOT NULL DEFAULT '0',
  `IsActive` int(11) NOT NULL DEFAULT '1',
  `created_at` timestamp NULL DEFAULT NULL,
  `updated_at` timestamp NULL DEFAULT NULL,
  `deleted_at` timestamp NULL DEFAULT NULL,
  PRIMARY KEY (`id`)
) ENGINE=MyISAM AUTO_INCREMENT=58 DEFAULT CHARSET=utf8mb4 COLLATE=utf8mb4_unicode_ci;

INSERT INTO `tbl_user_address` (`id`, `user_id`, `full_address`, `home_block_flat`, `landmark`, `area`, `city`, `state`, `country`, `pincode`, `address_type`, `latitude`, `longitude`, `CreatedBy`, `UpdatedBy`, `IsDefault`, `IsActive`, `created_at`, `updated_at`, `deleted_at`) VALUES
(57,	'51',	'281, B sector, Sarvdharm Colony, Kolar Rd, Bhopal, Madhya Pradesh 462042, India',	'281',	NULL,	'Kolar Rd',	'Bhopal',	'Madhya Pradesh',	'India',	'462042',	0,	'23.1853255',	'77.4205586',	0,	NULL,	1,	1,	'2021-01-02 06:24:27',	'2021-01-02 06:24:27',	NULL),
(56,	'52',	'202 vashundar heights vineet kunj, Lalita Nagar, Kolar Rd, Bhopal, Madhya Pradesh 462001, India',	'dhd',	NULL,	'Kolar Rd',	'Kolar Rd',	'Madhya Pradesh',	'India',	'462001',	0,	'23.1698038',	'77.4179976',	0,	NULL,	0,	1,	'2020-12-30 12:49:25',	'2021-01-02 06:24:27',	NULL),
(54,	'50',	'Unnamed Road, Haryana 133301, India',	'132',	NULL,	'Kurali',	'Panchkula',	'Haryana',	'India',	'133301',	0,	'30.84407548772125',	'76.84416627511382',	0,	NULL,	0,	1,	'2020-12-19 15:07:52',	'2021-01-02 06:24:27',	NULL),
(55,	'52',	'202 vashundar heights vineet kunj, Lalita Nagar, Kolar Rd, Bhopal, Madhya Pradesh 462001, India',	'773',	NULL,	'Kolar Rd',	'Kolar Rd',	'Madhya Pradesh',	'India',	'462001',	0,	'23.1698038',	'77.4179976',	0,	NULL,	0,	1,	'2020-12-30 12:48:13',	'2021-01-02 06:24:27',	NULL),
(53,	'50',	'363, Phase 4, Sector 59, Sahibzada Ajit Singh Nagar, Punjab 160059, India',	'363',	NULL,	'Sector 59',	'Sahibzada Ajit Singh Nagar',	'Punjab',	'India',	'160059',	0,	'30.7046486',	'76.71787259999999',	0,	NULL,	0,	1,	'2020-12-19 13:11:07',	'2021-01-02 06:24:27',	NULL),
(52,	'50',	'1781, 23B, Sector 23, Chandigarh, 160023, India',	'1781',	NULL,	'Sector 23',	'Chandigarh',	'Chandigarh',	'India',	'160023',	2,	'30.737363688496977',	'76.76704639568925',	0,	NULL,	0,	1,	'2020-12-19 12:18:33',	'2021-01-02 06:24:27',	NULL),
(51,	'47',	'5-6-138, State Highway 1, Jyothi Nagar, Shalapally, Ramagundam, Telangana 505208, India',	'jfxhfxj',	'kh kgxjfxfu',	'Shalapally',	'Karimnagar',	'Telangana',	'India',	'505208',	2,	'18.7629804',	'79.4773487',	0,	NULL,	0,	1,	'2020-12-15 15:50:19',	'2021-01-02 06:24:27',	NULL),
(50,	'47',	'Unnamed Road, Shalapally, Ramagundam, Telangana 505208, India',	'bdgd',	'urxu',	'Shalapally',	'Karimnagar',	'Telangana',	'India',	'505208',	2,	'18.7635373',	'79.4775952',	0,	NULL,	0,	1,	'2020-12-13 07:27:18',	'2021-01-02 06:24:27',	NULL),
(48,	'47',	'Unnamed Road, Shalapally, Ramagundam, Telangana 505208, India',	'ggg',	'ggg',	'Shalapally',	'Karimnagar',	'Telangana',	'India',	'505208',	0,	'18.7635373',	'79.4775952',	0,	NULL,	0,	1,	'2020-12-13 07:18:18',	'2021-01-02 06:24:27',	NULL),
(49,	'47',	'Unnamed Road, Shalapally, Ramagundam, Telangana 505208, India',	'tyyyhvv',	'jjfgkkljgswr',	'Shalapally',	'Karimnagar',	'Telangana',	'India',	'505208',	1,	'18.7635373',	'79.4775952',	0,	NULL,	1,	1,	'2020-12-13 07:21:37',	'2020-12-13 07:27:09',	'2020-12-13 07:27:09'),
(47,	'46',	'363, Phase 4, Sector 59, Sahibzada Ajit Singh Nagar, Punjab 160059, India',	'363',	'Hanuman Temple',	'Sector 59',	'Sahibzada Ajit Singh Nagar',	'Punjab',	'India',	'160059',	0,	'30.7046',	'76.7179',	0,	NULL,	0,	1,	'2020-12-12 09:50:25',	'2021-01-02 06:24:27',	NULL);

DROP TABLE IF EXISTS `users`;
CREATE TABLE `users` (
  `id` int(10) unsigned NOT NULL AUTO_INCREMENT,
  `user_code` varchar(50) COLLATE utf8mb4_unicode_ci DEFAULT NULL,
  `user_type` int(11) NOT NULL DEFAULT '0',
  `name` varchar(191) COLLATE utf8mb4_unicode_ci NOT NULL,
  `email` varchar(191) COLLATE utf8mb4_unicode_ci NOT NULL,
  `password` varchar(191) COLLATE utf8mb4_unicode_ci DEFAULT NULL,
  `Phone` varchar(191) COLLATE utf8mb4_unicode_ci DEFAULT NULL,
  `Designation` varchar(191) COLLATE utf8mb4_unicode_ci DEFAULT NULL,
  `zipcode` varchar(255) COLLATE utf8mb4_unicode_ci DEFAULT NULL,
  `latitude` varchar(255) COLLATE utf8mb4_unicode_ci DEFAULT NULL,
  `longitude` varchar(255) COLLATE utf8mb4_unicode_ci DEFAULT NULL,
  `address` text COLLATE utf8mb4_unicode_ci,
  `CreatedBy` int(11) NOT NULL DEFAULT '0',
  `UpdatedBy` int(11) DEFAULT NULL,
  `RoleID` int(10) unsigned DEFAULT NULL,
  `remember_token` varchar(100) COLLATE utf8mb4_unicode_ci DEFAULT NULL,
  `IsVerify` int(11) NOT NULL DEFAULT '1',
  `IsActive` int(11) NOT NULL DEFAULT '1',
  `IsAvailable` tinyint(1) NOT NULL DEFAULT '0' COMMENT '1=available,0=notavailable,2=busy',
  `created_at` timestamp NULL DEFAULT NULL,
  `updated_at` timestamp NULL DEFAULT NULL,
  `deleted_at` timestamp NULL DEFAULT NULL,
  PRIMARY KEY (`id`),
  KEY `users_roleid_foreign` (`RoleID`)
) ENGINE=MyISAM AUTO_INCREMENT=182 DEFAULT CHARSET=utf8mb4 COLLATE=utf8mb4_unicode_ci;

INSERT INTO `users` (`id`, `user_code`, `user_type`, `name`, `email`, `password`, `Phone`, `Designation`, `zipcode`, `latitude`, `longitude`, `address`, `CreatedBy`, `UpdatedBy`, `RoleID`, `remember_token`, `IsVerify`, `IsActive`, `IsAvailable`, `created_at`, `updated_at`, `deleted_at`) VALUES
(1,	NULL,	1,	'Admin',	'admin@gmail.com',	'$2y$10$c2pgkKv3TValQ13661iERObMQ2ft8P0KnkuUWyC9Uk95fPuQwkiGu',	'7869522084',	'MCA',	NULL,	NULL,	NULL,	NULL,	0,	0,	0,	'6H5s1hQSVYQ9oAXAXXLnXa76nHxwsWtErDe48mgkkx11qWud6U3A1C45sngG',	1,	1,	0,	'2018-04-02 19:37:09',	'2020-11-22 06:33:48',	NULL),
(181,	'u2020181',	37,	'Mukesh Thakur',	'rajesh@yopmail.com',	'$2y$10$GQWW6/Ql698nz8ZJNt9jmu6i8E/OMpwQu6ruZ7eHwPt6xuXa5/5KG',	'9625098251',	NULL,	'160059',	NULL,	NULL,	'Mohali',	180,	NULL,	NULL,	NULL,	1,	1,	1,	'2020-12-30 11:10:01',	'2020-12-30 11:18:15',	NULL),
(180,	'u2020180',	20,	'Rajesh Store',	'rajeshupwork01@gmail.com',	'$2y$10$SzgG0MpFKggL5iy2JU75kuPDwMCi3SWGUlp9X86oV3puTimDlqif.',	'9625098250',	'',	NULL,	NULL,	NULL,	NULL,	1,	NULL,	NULL,	NULL,	1,	1,	0,	'2020-12-19 09:46:52',	'2020-12-19 09:46:52',	NULL),
(179,	'u2020179',	20,	'abc',	't1@gmail.com',	'$2y$10$f5BN6mmoRM/Jy/YHfIRoJOW3r6AjuGHMq8SxawxGX8SZjEsE2xQS6',	'8888888888',	'',	NULL,	NULL,	NULL,	NULL,	1,	NULL,	NULL,	NULL,	1,	1,	0,	'2020-12-15 16:58:44',	'2020-12-15 16:58:44',	NULL),
(176,	'u2020176',	37,	'Ram',	'ram@gmail.com',	'$2y$10$aGu.5IVlpk/yQ9I03whS0.DdAobPWZ.1wJDUwghhc6PxOjRDgXU56',	'8861154600',	NULL,	'560001',	NULL,	NULL,	'testing 123',	175,	NULL,	NULL,	NULL,	1,	1,	0,	'2020-12-02 10:11:14',	'2020-12-07 08:33:33',	'2020-12-07 08:33:33'),
(177,	'u2020177',	37,	'Sham',	'123@gmail.com',	'$2y$10$S1IUk/vMlBACHQb2EI69He2CagjGUc4hrYvBB2BFPXEm5jSPXgcsi',	'8795465423',	NULL,	'505208',	NULL,	NULL,	NULL,	1,	NULL,	NULL,	NULL,	1,	1,	1,	'2020-12-07 08:38:47',	'2020-12-15 17:38:28',	NULL),
(178,	'u2020178',	37,	'ram',	'ram@gmail.com',	'$2y$10$7bClCdLVO0eYmupfdyI.c.y8TU2F/5iKBg3Jj99Mocc6r8CJzZsLW',	'8861154600',	NULL,	'560001',	NULL,	NULL,	'hi hvxj',	175,	NULL,	NULL,	NULL,	1,	1,	0,	'2020-12-13 07:34:07',	'2020-12-30 12:06:28',	NULL),
(175,	'u2020175',	20,	'Daily Needs',	'dn@gmail.com',	'$2y$10$muPUYLZmLMetOWUigsp1Jez6MhuGPrgcAS1P1BbKlWCwmYOom5Q2G',	'9501858643',	'',	NULL,	NULL,	NULL,	NULL,	1,	NULL,	NULL,	NULL,	1,	1,	0,	'2020-12-02 08:42:13',	'2020-12-02 10:02:02',	NULL),
(174,	'u2020174',	37,	'Rajesh Thakur',	'rajesh@gmail.com',	'$2y$10$5HjVuxNutVr5CdmqZ1WeBOTaw1MEfKvjGbSD9t6JnKqg4TgJWd6UO',	'9878724950',	NULL,	'160059',	NULL,	NULL,	'1320, Phase 3b2, Mohali, Punjab, India',	173,	NULL,	NULL,	NULL,	1,	1,	0,	'2020-11-29 05:42:27',	'2020-12-19 09:29:20',	NULL),
(173,	'u2020173',	20,	'best',	'test@gmail.com',	'$2y$10$C0jHsKEescGgTezr3JW9/OD53XEv0coLjPI/pDhy3d3IcIVxcIr/C',	'9779191546',	'',	NULL,	NULL,	NULL,	NULL,	1,	NULL,	NULL,	NULL,	1,	1,	0,	'2020-11-27 11:35:46',	'2020-11-27 11:35:46',	NULL);

DROP TABLE IF EXISTS `webhooks`;
CREATE TABLE `webhooks` (
  `id` int(11) NOT NULL AUTO_INCREMENT,
  `status` varchar(50) DEFAULT NULL,
  `type` varchar(50) DEFAULT NULL,
  `payload` text,
  `created_at` timestamp NOT NULL DEFAULT CURRENT_TIMESTAMP,
  PRIMARY KEY (`id`)
) ENGINE=MyISAM AUTO_INCREMENT=53 DEFAULT CHARSET=latin1;

INSERT INTO `webhooks` (`id`, `status`, `type`, `payload`, `created_at`) VALUES
(1,	'',	'stripe',	'{\"created\":1326853478,\"livemode\":false,\"id\":\"evt_00000000000000\",\"type\":\"payment_intent.amount_capturable_updated\",\"object\":\"event\",\"request\":null,\"pending_webhooks\":1,\"api_version\":\"2018-10-31\",\"data\":{\"object\":{\"id\":\"pi_00000000000000\",\"object\":\"payment_intent\",\"amount\":1099,\"amount_capturable\":0,\"amount_received\":0,\"application\":null,\"application_fee_amount\":null,\"canceled_at\":null,\"cancellation_reason\":null,\"capture_method\":\"automatic\",\"charges\":{\"object\":\"list\",\"data\":[],\"has_more\":false,\"url\":\"\\/v1\\/charges?payment_intent=pi_1HIWbkCHKNBUNpgk98N16JFm\"},\"client_secret\":null,\"confirmation_method\":\"automatic\",\"created\":1598002344,\"currency\":\"dkk\",\"customer\":\"cus_00000000000000\",\"description\":null,\"invoice\":null,\"last_payment_error\":null,\"livemode\":false,\"metadata\":[],\"next_action\":null,\"on_behalf_of\":null,\"payment_method\":null,\"payment_method_options\":{\"card\":{\"installments\":null,\"network\":null,\"request_three_d_secure\":\"automatic\"}},\"payment_method_types\":[\"card\"],\"receipt_email\":null,\"review\":null,\"setup_future_usage\":null,\"shipping\":null,\"statement_descriptor\":null,\"statement_descriptor_suffix\":null,\"status\":\"requires_payment_method\",\"transfer_data\":null,\"transfer_group\":null}}}',	'2020-08-24 10:48:50'),
(2,	'',	'stripe',	'{\"created\":1326853478,\"livemode\":false,\"id\":\"evt_00000000000000\",\"type\":\"charge.captured\",\"object\":\"event\",\"request\":null,\"pending_webhooks\":1,\"api_version\":\"2018-10-31\",\"data\":{\"object\":{\"id\":\"ch_00000000000000\",\"object\":\"charge\",\"amount\":10000,\"amount_refunded\":0,\"application\":null,\"application_fee\":null,\"application_fee_amount\":null,\"balance_transaction\":\"txn_00000000000000\",\"billing_details\":{\"address\":{\"city\":\"Mohali\",\"country\":\"IN\",\"line1\":\"1320\",\"line2\":\"Phase 3B2\",\"postal_code\":\"160059\",\"state\":\"Punjab\"},\"email\":\"rajeshupwork01@gmail.com\",\"name\":\"Rajesh\",\"phone\":null},\"calculated_statement_descriptor\":\"MEALTICKET\",\"captured\":true,\"created\":1597778752,\"currency\":\"dkk\",\"customer\":\"cus_00000000000000\",\"description\":\"Invoice 644973D4-0001\",\"disputed\":false,\"failure_code\":null,\"failure_message\":null,\"fraud_details\":[],\"invoice\":\"in_00000000000000\",\"livemode\":false,\"metadata\":[],\"on_behalf_of\":null,\"order\":null,\"outcome\":{\"network_status\":\"approved_by_network\",\"reason\":null,\"risk_level\":\"normal\",\"risk_score\":34,\"seller_message\":\"Payment complete.\",\"type\":\"authorized\"},\"paid\":true,\"payment_intent\":\"pi_00000000000000\",\"payment_method\":\"pm_00000000000000\",\"payment_method_details\":{\"card\":{\"brand\":\"visa\",\"checks\":{\"address_line1_check\":\"pass\",\"address_postal_code_check\":\"pass\",\"cvc_check\":\"pass\"},\"country\":\"US\",\"exp_month\":11,\"exp_year\":2022,\"fingerprint\":\"9qtuSqKEtouZSQN9\",\"funding\":\"credit\",\"installments\":null,\"last4\":\"4242\",\"network\":\"visa\",\"three_d_secure\":null,\"wallet\":null},\"type\":\"card\"},\"receipt_email\":null,\"receipt_number\":null,\"receipt_url\":\"https:\\/\\/pay.stripe.com\\/receipts\\/acct_1DTVcrCHKNBUNpgk\\/ch_1HHaRQCHKNBUNpgkkuuHpeP9\\/rcpt_HrJ3cKBPyik7Dn7Sw6cmPdv3j07PN8v\",\"refunded\":false,\"refunds\":{\"object\":\"list\",\"data\":[],\"has_more\":false,\"url\":\"\\/v1\\/charges\\/ch_1HHaRQCHKNBUNpgkkuuHpeP9\\/refunds\"},\"review\":null,\"shipping\":null,\"source_transfer\":null,\"statement_descriptor\":null,\"statement_descriptor_suffix\":null,\"status\":\"succeeded\",\"transfer_data\":null,\"transfer_group\":null}}}',	'2020-08-24 10:49:54'),
(3,	'',	'stripe',	'{\"id\":\"evt_1HJdQJCHKNBUNpgkex4EeuZ1\",\"object\":\"event\",\"api_version\":\"2018-10-31\",\"created\":1598266870,\"data\":{\"object\":{\"id\":\"ch_1HJdQHCHKNBUNpgk26MYdtuH\",\"object\":\"charge\",\"amount\":3800,\"amount_refunded\":0,\"application\":null,\"application_fee\":null,\"application_fee_amount\":null,\"balance_transaction\":\"txn_1HJdQICHKNBUNpgkbMuvE95T\",\"billing_details\":{\"address\":{\"city\":null,\"country\":null,\"line1\":null,\"line2\":null,\"postal_code\":\"22222\",\"state\":null},\"email\":null,\"name\":null,\"phone\":null},\"calculated_statement_descriptor\":\"MEALTICKET\",\"captured\":true,\"created\":1598266869,\"currency\":\"dkk\",\"customer\":\"cus_HtQBDsofxzGzmw\",\"description\":\"Subscription creation\",\"destination\":null,\"dispute\":null,\"disputed\":false,\"failure_code\":null,\"failure_message\":null,\"fraud_details\":[],\"invoice\":\"in_1HJdQHCHKNBUNpgkftmcr1H8\",\"livemode\":false,\"metadata\":[],\"on_behalf_of\":null,\"order\":null,\"outcome\":{\"network_status\":\"approved_by_network\",\"reason\":null,\"risk_level\":\"normal\",\"risk_score\":21,\"seller_message\":\"Payment complete.\",\"type\":\"authorized\"},\"paid\":true,\"payment_intent\":\"pi_1HJdQHCHKNBUNpgkz32HMPTz\",\"payment_method\":\"pm_1HJdQCCHKNBUNpgknbDdkxX7\",\"payment_method_details\":{\"card\":{\"brand\":\"visa\",\"checks\":{\"address_line1_check\":null,\"address_postal_code_check\":\"pass\",\"cvc_check\":\"pass\"},\"country\":\"US\",\"exp_month\":4,\"exp_year\":2022,\"fingerprint\":\"663QPYdZgNc6hEkp\",\"funding\":\"credit\",\"installments\":null,\"last4\":\"4242\",\"network\":\"visa\",\"three_d_secure\":null,\"wallet\":null},\"type\":\"card\"},\"receipt_email\":null,\"receipt_number\":null,\"receipt_url\":\"https:\\/\\/pay.stripe.com\\/receipts\\/acct_1DTVcrCHKNBUNpgk\\/ch_1HJdQHCHKNBUNpgk26MYdtuH\\/rcpt_HtQGSKTV7u9jZURP4oCNg7KfmeNueKG\",\"refunded\":false,\"refunds\":{\"object\":\"list\",\"data\":[],\"has_more\":false,\"total_count\":0,\"url\":\"\\/v1\\/charges\\/ch_1HJdQHCHKNBUNpgk26MYdtuH\\/refunds\"},\"review\":null,\"shipping\":null,\"source\":null,\"source_transfer\":null,\"statement_descriptor\":null,\"statement_descriptor_suffix\":null,\"status\":\"succeeded\",\"transfer_data\":null,\"transfer_group\":null}},\"livemode\":false,\"pending_webhooks\":4,\"request\":{\"id\":\"req_6LsInxaOyQwhsA\",\"idempotency_key\":null},\"type\":\"charge.succeeded\"}',	'2020-08-24 11:01:12'),
(4,	'',	'charge.succeeded',	'{\"id\":\"evt_1HJde7CHKNBUNpgkN0QVSF59\",\"object\":\"event\",\"api_version\":\"2018-10-31\",\"created\":1598267726,\"data\":{\"object\":{\"id\":\"ch_1HJde5CHKNBUNpgkzzXqIaSE\",\"object\":\"charge\",\"amount\":3800,\"amount_refunded\":0,\"application\":null,\"application_fee\":null,\"application_fee_amount\":null,\"balance_transaction\":\"txn_1HJde6CHKNBUNpgkRI85DPYT\",\"billing_details\":{\"address\":{\"city\":null,\"country\":null,\"line1\":null,\"line2\":null,\"postal_code\":\"22222\",\"state\":null},\"email\":null,\"name\":null,\"phone\":null},\"calculated_statement_descriptor\":\"MEALTICKET\",\"captured\":true,\"created\":1598267725,\"currency\":\"dkk\",\"customer\":\"cus_HtQBDsofxzGzmw\",\"description\":\"Subscription creation\",\"destination\":null,\"dispute\":null,\"disputed\":false,\"failure_code\":null,\"failure_message\":null,\"fraud_details\":[],\"invoice\":\"in_1HJde5CHKNBUNpgkfe1y3Bnv\",\"livemode\":false,\"metadata\":[],\"on_behalf_of\":null,\"order\":null,\"outcome\":{\"network_status\":\"approved_by_network\",\"reason\":null,\"risk_level\":\"normal\",\"risk_score\":60,\"seller_message\":\"Payment complete.\",\"type\":\"authorized\"},\"paid\":true,\"payment_intent\":\"pi_1HJde5CHKNBUNpgkvHhkeAhz\",\"payment_method\":\"pm_1HJde0CHKNBUNpgkwDiTZOSS\",\"payment_method_details\":{\"card\":{\"brand\":\"visa\",\"checks\":{\"address_line1_check\":null,\"address_postal_code_check\":\"pass\",\"cvc_check\":\"pass\"},\"country\":\"US\",\"exp_month\":4,\"exp_year\":2022,\"fingerprint\":\"663QPYdZgNc6hEkp\",\"funding\":\"credit\",\"installments\":null,\"last4\":\"4242\",\"network\":\"visa\",\"three_d_secure\":null,\"wallet\":null},\"type\":\"card\"},\"receipt_email\":null,\"receipt_number\":null,\"receipt_url\":\"https:\\/\\/pay.stripe.com\\/receipts\\/acct_1DTVcrCHKNBUNpgk\\/ch_1HJde5CHKNBUNpgkzzXqIaSE\\/rcpt_HtQVYfBRJJV9gMmkNwDHb7AP8DqaUCy\",\"refunded\":false,\"refunds\":{\"object\":\"list\",\"data\":[],\"has_more\":false,\"total_count\":0,\"url\":\"\\/v1\\/charges\\/ch_1HJde5CHKNBUNpgkzzXqIaSE\\/refunds\"},\"review\":null,\"shipping\":null,\"source\":null,\"source_transfer\":null,\"statement_descriptor\":null,\"statement_descriptor_suffix\":null,\"status\":\"succeeded\",\"transfer_data\":null,\"transfer_group\":null}},\"livemode\":false,\"pending_webhooks\":4,\"request\":{\"id\":\"req_JdHGyYTlFNmz1g\",\"idempotency_key\":null},\"type\":\"charge.succeeded\"}',	'2020-08-24 11:15:39'),
(5,	'',	'invoice.paid',	'{\"id\":\"evt_1HJde7CHKNBUNpgkplaR85kb\",\"object\":\"event\",\"api_version\":\"2018-10-31\",\"created\":1598267726,\"data\":{\"object\":{\"id\":\"in_1HJde5CHKNBUNpgkfe1y3Bnv\",\"object\":\"invoice\",\"account_country\":\"DK\",\"account_name\":\"MealTicket\",\"amount_due\":3800,\"amount_paid\":3800,\"amount_remaining\":0,\"application_fee\":null,\"attempt_count\":1,\"attempted\":true,\"auto_advance\":false,\"billing\":\"charge_automatically\",\"billing_reason\":\"subscription_create\",\"charge\":\"ch_1HJde5CHKNBUNpgkzzXqIaSE\",\"closed\":true,\"collection_method\":\"charge_automatically\",\"created\":1598267725,\"currency\":\"dkk\",\"custom_fields\":null,\"customer\":\"cus_HtQBDsofxzGzmw\",\"customer_address\":null,\"customer_email\":\"Kathrine@gmail.com\",\"customer_name\":\"Kathrine Villemoes\",\"customer_phone\":\"30953244\",\"customer_shipping\":null,\"customer_tax_exempt\":\"none\",\"customer_tax_ids\":[],\"date\":1598267725,\"default_payment_method\":null,\"default_source\":null,\"default_tax_rates\":[],\"description\":null,\"discount\":null,\"discounts\":[],\"due_date\":null,\"ending_balance\":0,\"finalized_at\":1598267724,\"footer\":null,\"forgiven\":false,\"hosted_invoice_url\":\"https:\\/\\/pay.stripe.com\\/invoice\\/acct_1DTVcrCHKNBUNpgk\\/invst_HtQVmagfMZu80NU3eLVjVNpmFd4L2YY\",\"invoice_pdf\":\"https:\\/\\/pay.stripe.com\\/invoice\\/acct_1DTVcrCHKNBUNpgk\\/invst_HtQVmagfMZu80NU3eLVjVNpmFd4L2YY\\/pdf\",\"lines\":{\"object\":\"list\",\"data\":[{\"id\":\"sli_0a0f1490e6bc80\",\"object\":\"line_item\",\"amount\":3800,\"currency\":\"dkk\",\"description\":\"1 \\u00d7 Junior (at 38.00 kr \\/ week)\",\"discount_amounts\":[],\"discountable\":true,\"discounts\":[],\"livemode\":false,\"metadata\":[],\"period\":{\"end\":1598872524,\"start\":1598267724},\"plan\":{\"id\":\"price_1HJZ6BCHKNBUNpgkKgGnC5xT\",\"object\":\"plan\",\"active\":true,\"aggregate_usage\":null,\"amount\":3800,\"amount_decimal\":\"3800\",\"billing_scheme\":\"per_unit\",\"created\":1598250247,\"currency\":\"dkk\",\"interval\":\"week\",\"interval_count\":1,\"livemode\":false,\"metadata\":[],\"nickname\":null,\"product\":\"prod_HtLnMRfxhVyUsI\",\"tiers\":null,\"tiers_mode\":null,\"transform_usage\":null,\"trial_period_days\":2,\"usage_type\":\"licensed\"},\"price\":{\"id\":\"price_1HJZ6BCHKNBUNpgkKgGnC5xT\",\"object\":\"price\",\"active\":true,\"billing_scheme\":\"per_unit\",\"created\":1598250247,\"currency\":\"dkk\",\"livemode\":false,\"lookup_key\":null,\"metadata\":[],\"nickname\":null,\"product\":\"prod_HtLnMRfxhVyUsI\",\"recurring\":{\"aggregate_usage\":null,\"interval\":\"week\",\"interval_count\":1,\"trial_period_days\":2,\"usage_type\":\"licensed\"},\"tiers_mode\":null,\"transform_quantity\":null,\"type\":\"recurring\",\"unit_amount\":3800,\"unit_amount_decimal\":\"3800\"},\"proration\":false,\"quantity\":1,\"subscription\":\"sub_HtQV2BnDhiw7rA\",\"subscription_item\":\"si_HtQV8uDeP9qeVi\",\"tax_amounts\":[],\"tax_rates\":[],\"type\":\"subscription\",\"unique_id\":\"il_1HJde5CHKNBUNpgkbHcmCFcz\"}],\"has_more\":false,\"total_count\":1,\"url\":\"\\/v1\\/invoices\\/in_1HJde5CHKNBUNpgkfe1y3Bnv\\/lines\"},\"livemode\":false,\"metadata\":[],\"next_payment_attempt\":null,\"number\":\"32B8DF93-0004\",\"paid\":true,\"payment_intent\":\"pi_1HJde5CHKNBUNpgkvHhkeAhz\",\"period_end\":1598267724,\"period_start\":1598267724,\"post_payment_credit_notes_amount\":0,\"pre_payment_credit_notes_amount\":0,\"receipt_number\":null,\"starting_balance\":0,\"statement_descriptor\":null,\"status\":\"paid\",\"status_transitions\":{\"finalized_at\":1598267724,\"marked_uncollectible_at\":null,\"paid_at\":1598267724,\"voided_at\":null},\"subscription\":\"sub_HtQV2BnDhiw7rA\",\"subtotal\":3800,\"tax\":null,\"tax_percent\":null,\"total\":3800,\"total_discount_amounts\":[],\"total_tax_amounts\":[],\"transfer_data\":null,\"webhooks_delivered_at\":null}},\"livemode\":false,\"pending_webhooks\":2,\"request\":{\"id\":\"req_JdHGyYTlFNmz1g\",\"idempotency_key\":null},\"type\":\"invoice.paid\"}',	'2020-08-24 11:15:40'),
(6,	'',	'charge.succeeded',	'{\"id\":\"evt_1HJdqlCHKNBUNpgk3WqKLFPr\",\"object\":\"event\",\"api_version\":\"2018-10-31\",\"created\":1598268510,\"data\":{\"object\":{\"id\":\"ch_1HJdqjCHKNBUNpgkZZzLXxdU\",\"object\":\"charge\",\"amount\":3800,\"amount_refunded\":0,\"application\":null,\"application_fee\":null,\"application_fee_amount\":null,\"balance_transaction\":\"txn_1HJdqkCHKNBUNpgkHktps2RO\",\"billing_details\":{\"address\":{\"city\":null,\"country\":null,\"line1\":null,\"line2\":null,\"postal_code\":\"22222\",\"state\":null},\"email\":null,\"name\":null,\"phone\":null},\"calculated_statement_descriptor\":\"MEALTICKET\",\"captured\":true,\"created\":1598268509,\"currency\":\"dkk\",\"customer\":\"cus_HtQBDsofxzGzmw\",\"description\":\"Subscription creation\",\"destination\":null,\"dispute\":null,\"disputed\":false,\"failure_code\":null,\"failure_message\":null,\"fraud_details\":[],\"invoice\":\"in_1HJdqjCHKNBUNpgkUwv0k2zO\",\"livemode\":false,\"metadata\":[],\"on_behalf_of\":null,\"order\":null,\"outcome\":{\"network_status\":\"approved_by_network\",\"reason\":null,\"risk_level\":\"normal\",\"risk_score\":41,\"seller_message\":\"Payment complete.\",\"type\":\"authorized\"},\"paid\":true,\"payment_intent\":\"pi_1HJdqjCHKNBUNpgkoDdNOAg9\",\"payment_method\":\"pm_1HJdqdCHKNBUNpgkIIT1Wiuh\",\"payment_method_details\":{\"card\":{\"brand\":\"visa\",\"checks\":{\"address_line1_check\":null,\"address_postal_code_check\":\"pass\",\"cvc_check\":\"pass\"},\"country\":\"US\",\"exp_month\":4,\"exp_year\":2022,\"fingerprint\":\"663QPYdZgNc6hEkp\",\"funding\":\"credit\",\"installments\":null,\"last4\":\"4242\",\"network\":\"visa\",\"three_d_secure\":null,\"wallet\":null},\"type\":\"card\"},\"receipt_email\":null,\"receipt_number\":null,\"receipt_url\":\"https:\\/\\/pay.stripe.com\\/receipts\\/acct_1DTVcrCHKNBUNpgk\\/ch_1HJdqjCHKNBUNpgkZZzLXxdU\\/rcpt_HtQivz85Ag29NzQ9M0R6rU996TMgnOj\",\"refunded\":false,\"refunds\":{\"object\":\"list\",\"data\":[],\"has_more\":false,\"total_count\":0,\"url\":\"\\/v1\\/charges\\/ch_1HJdqjCHKNBUNpgkZZzLXxdU\\/refunds\"},\"review\":null,\"shipping\":null,\"source\":null,\"source_transfer\":null,\"statement_descriptor\":null,\"statement_descriptor_suffix\":null,\"status\":\"succeeded\",\"transfer_data\":null,\"transfer_group\":null}},\"livemode\":false,\"pending_webhooks\":4,\"request\":{\"id\":\"req_lpJO45r3fTQ3Wt\",\"idempotency_key\":null},\"type\":\"charge.succeeded\"}',	'2020-08-24 11:28:36'),
(7,	'',	'invoice.paid',	'{\"id\":\"evt_1HJdqlCHKNBUNpgkeskQ1tpm\",\"object\":\"event\",\"api_version\":\"2018-10-31\",\"created\":1598268510,\"data\":{\"object\":{\"id\":\"in_1HJdqjCHKNBUNpgkUwv0k2zO\",\"object\":\"invoice\",\"account_country\":\"DK\",\"account_name\":\"MealTicket\",\"amount_due\":3800,\"amount_paid\":3800,\"amount_remaining\":0,\"application_fee\":null,\"attempt_count\":1,\"attempted\":true,\"auto_advance\":false,\"billing\":\"charge_automatically\",\"billing_reason\":\"subscription_create\",\"charge\":\"ch_1HJdqjCHKNBUNpgkZZzLXxdU\",\"closed\":true,\"collection_method\":\"charge_automatically\",\"created\":1598268509,\"currency\":\"dkk\",\"custom_fields\":null,\"customer\":\"cus_HtQBDsofxzGzmw\",\"customer_address\":null,\"customer_email\":\"Kathrine@gmail.com\",\"customer_name\":\"Kathrine Villemoes\",\"customer_phone\":\"30953244\",\"customer_shipping\":null,\"customer_tax_exempt\":\"none\",\"customer_tax_ids\":[],\"date\":1598268509,\"default_payment_method\":null,\"default_source\":null,\"default_tax_rates\":[],\"description\":null,\"discount\":null,\"discounts\":[],\"due_date\":null,\"ending_balance\":0,\"finalized_at\":1598268508,\"footer\":null,\"forgiven\":false,\"hosted_invoice_url\":\"https:\\/\\/pay.stripe.com\\/invoice\\/acct_1DTVcrCHKNBUNpgk\\/invst_HtQi7FlZUIKLq4loiI99xTbmFtkSaMn\",\"invoice_pdf\":\"https:\\/\\/pay.stripe.com\\/invoice\\/acct_1DTVcrCHKNBUNpgk\\/invst_HtQi7FlZUIKLq4loiI99xTbmFtkSaMn\\/pdf\",\"lines\":{\"object\":\"list\",\"data\":[{\"id\":\"sli_1b56dd52fcbe9d\",\"object\":\"line_item\",\"amount\":3800,\"currency\":\"dkk\",\"description\":\"1 \\u00d7 Junior (at 38.00 kr \\/ week)\",\"discount_amounts\":[],\"discountable\":true,\"discounts\":[],\"livemode\":false,\"metadata\":[],\"period\":{\"end\":1598873308,\"start\":1598268508},\"plan\":{\"id\":\"price_1HJZ6BCHKNBUNpgkKgGnC5xT\",\"object\":\"plan\",\"active\":true,\"aggregate_usage\":null,\"amount\":3800,\"amount_decimal\":\"3800\",\"billing_scheme\":\"per_unit\",\"created\":1598250247,\"currency\":\"dkk\",\"interval\":\"week\",\"interval_count\":1,\"livemode\":false,\"metadata\":[],\"nickname\":null,\"product\":\"prod_HtLnMRfxhVyUsI\",\"tiers\":null,\"tiers_mode\":null,\"transform_usage\":null,\"trial_period_days\":2,\"usage_type\":\"licensed\"},\"price\":{\"id\":\"price_1HJZ6BCHKNBUNpgkKgGnC5xT\",\"object\":\"price\",\"active\":true,\"billing_scheme\":\"per_unit\",\"created\":1598250247,\"currency\":\"dkk\",\"livemode\":false,\"lookup_key\":null,\"metadata\":[],\"nickname\":null,\"product\":\"prod_HtLnMRfxhVyUsI\",\"recurring\":{\"aggregate_usage\":null,\"interval\":\"week\",\"interval_count\":1,\"trial_period_days\":2,\"usage_type\":\"licensed\"},\"tiers_mode\":null,\"transform_quantity\":null,\"type\":\"recurring\",\"unit_amount\":3800,\"unit_amount_decimal\":\"3800\"},\"proration\":false,\"quantity\":1,\"subscription\":\"sub_HtQitSY3APPfgu\",\"subscription_item\":\"si_HtQijrNmuHCgdy\",\"tax_amounts\":[],\"tax_rates\":[],\"type\":\"subscription\",\"unique_id\":\"il_1HJdqjCHKNBUNpgk3xmvtimH\"}],\"has_more\":false,\"total_count\":1,\"url\":\"\\/v1\\/invoices\\/in_1HJdqjCHKNBUNpgkUwv0k2zO\\/lines\"},\"livemode\":false,\"metadata\":[],\"next_payment_attempt\":null,\"number\":\"32B8DF93-0005\",\"paid\":true,\"payment_intent\":\"pi_1HJdqjCHKNBUNpgkoDdNOAg9\",\"period_end\":1598268508,\"period_start\":1598268508,\"post_payment_credit_notes_amount\":0,\"pre_payment_credit_notes_amount\":0,\"receipt_number\":null,\"starting_balance\":0,\"statement_descriptor\":null,\"status\":\"paid\",\"status_transitions\":{\"finalized_at\":1598268508,\"marked_uncollectible_at\":null,\"paid_at\":1598268508,\"voided_at\":null},\"subscription\":\"sub_HtQitSY3APPfgu\",\"subtotal\":3800,\"tax\":null,\"tax_percent\":null,\"total\":3800,\"total_discount_amounts\":[],\"total_tax_amounts\":[],\"transfer_data\":null,\"webhooks_delivered_at\":null}},\"livemode\":false,\"pending_webhooks\":2,\"request\":{\"id\":\"req_lpJO45r3fTQ3Wt\",\"idempotency_key\":null},\"type\":\"invoice.paid\"}',	'2020-08-24 11:28:37'),
(8,	'',	'invoice.upcoming',	'{\"id\":\"evt_1HJdqnCHKNBUNpgkYuz0XqvT\",\"object\":\"event\",\"api_version\":\"2018-10-31\",\"created\":1598268513,\"data\":{\"object\":{\"object\":\"invoice\",\"account_country\":\"DK\",\"account_name\":\"MealTicket\",\"amount_due\":3800,\"amount_paid\":0,\"amount_remaining\":3800,\"application_fee\":null,\"attempt_count\":0,\"attempted\":false,\"billing\":\"charge_automatically\",\"billing_reason\":\"upcoming\",\"charge\":null,\"closed\":false,\"collection_method\":\"charge_automatically\",\"created\":1598873308,\"currency\":\"dkk\",\"custom_fields\":null,\"customer\":\"cus_HtQBDsofxzGzmw\",\"customer_address\":null,\"customer_email\":\"Kathrine@gmail.com\",\"customer_name\":\"Kathrine Villemoes\",\"customer_phone\":\"30953244\",\"customer_shipping\":null,\"customer_tax_exempt\":\"none\",\"customer_tax_ids\":[],\"date\":1598873308,\"default_payment_method\":null,\"default_source\":null,\"default_tax_rates\":[],\"description\":null,\"discount\":null,\"discounts\":[],\"due_date\":null,\"ending_balance\":0,\"finalized_at\":null,\"footer\":null,\"forgiven\":false,\"lines\":{\"object\":\"list\",\"data\":[{\"id\":\"sli_0afc799c3d794e\",\"object\":\"line_item\",\"amount\":3800,\"currency\":\"dkk\",\"description\":\"1 \\u00d7 Junior (at 38.00 kr \\/ week)\",\"discount_amounts\":[],\"discountable\":true,\"discounts\":[],\"livemode\":false,\"metadata\":[],\"period\":{\"end\":1599478108,\"start\":1598873308},\"plan\":{\"id\":\"price_1HJZ6BCHKNBUNpgkKgGnC5xT\",\"object\":\"plan\",\"active\":true,\"aggregate_usage\":null,\"amount\":3800,\"amount_decimal\":\"3800\",\"billing_scheme\":\"per_unit\",\"created\":1598250247,\"currency\":\"dkk\",\"interval\":\"week\",\"interval_count\":1,\"livemode\":false,\"metadata\":[],\"nickname\":null,\"product\":\"prod_HtLnMRfxhVyUsI\",\"tiers\":null,\"tiers_mode\":null,\"transform_usage\":null,\"trial_period_days\":2,\"usage_type\":\"licensed\"},\"price\":{\"id\":\"price_1HJZ6BCHKNBUNpgkKgGnC5xT\",\"object\":\"price\",\"active\":true,\"billing_scheme\":\"per_unit\",\"created\":1598250247,\"currency\":\"dkk\",\"livemode\":false,\"lookup_key\":null,\"metadata\":[],\"nickname\":null,\"product\":\"prod_HtLnMRfxhVyUsI\",\"recurring\":{\"aggregate_usage\":null,\"interval\":\"week\",\"interval_count\":1,\"trial_period_days\":2,\"usage_type\":\"licensed\"},\"tiers_mode\":null,\"transform_quantity\":null,\"type\":\"recurring\",\"unit_amount\":3800,\"unit_amount_decimal\":\"3800\"},\"proration\":false,\"quantity\":1,\"subscription\":\"sub_HtQitSY3APPfgu\",\"subscription_item\":\"si_HtQijrNmuHCgdy\",\"tax_amounts\":[],\"tax_rates\":[],\"type\":\"subscription\",\"unique_id\":\"il_tmp_0afc799c3d794e\"}],\"has_more\":false,\"total_count\":1,\"url\":\"\\/v1\\/invoices\\/upcoming\\/lines?customer=cus_HtQBDsofxzGzmw&subscription=sub_HtQitSY3APPfgu\"},\"livemode\":false,\"metadata\":[],\"next_payment_attempt\":1598876908,\"number\":\"32B8DF93-0006\",\"paid\":false,\"payment_intent\":null,\"period_end\":1598873308,\"period_start\":1598268508,\"post_payment_credit_notes_amount\":0,\"pre_payment_credit_notes_amount\":0,\"receipt_number\":null,\"starting_balance\":0,\"statement_descriptor\":null,\"status\":\"draft\",\"status_transitions\":{\"finalized_at\":null,\"marked_uncollectible_at\":null,\"paid_at\":null,\"voided_at\":null},\"subscription\":\"sub_HtQitSY3APPfgu\",\"subtotal\":3800,\"tax\":null,\"tax_percent\":null,\"total\":3800,\"total_discount_amounts\":[],\"total_tax_amounts\":[],\"transfer_data\":null,\"webhooks_delivered_at\":null}},\"livemode\":false,\"pending_webhooks\":2,\"request\":{\"id\":null,\"idempotency_key\":null},\"type\":\"invoice.upcoming\"}',	'2020-08-24 11:28:37'),
(9,	'',	'invoice.paid',	'{\"id\":\"evt_1HJduACHKNBUNpgkDmmgTZ5g\",\"object\":\"event\",\"api_version\":\"2018-10-31\",\"created\":1598268721,\"data\":{\"object\":{\"id\":\"in_1HJdu8CHKNBUNpgkeDdE0nke\",\"object\":\"invoice\",\"account_country\":\"DK\",\"account_name\":\"MealTicket\",\"amount_due\":0,\"amount_paid\":0,\"amount_remaining\":0,\"application_fee\":null,\"attempt_count\":0,\"attempted\":true,\"auto_advance\":false,\"billing\":\"charge_automatically\",\"billing_reason\":\"subscription_create\",\"charge\":null,\"closed\":true,\"collection_method\":\"charge_automatically\",\"created\":1598268720,\"currency\":\"dkk\",\"custom_fields\":null,\"customer\":\"cus_HtQBDsofxzGzmw\",\"customer_address\":null,\"customer_email\":\"Kathrine@gmail.com\",\"customer_name\":\"Kathrine Villemoes\",\"customer_phone\":\"30953244\",\"customer_shipping\":null,\"customer_tax_exempt\":\"none\",\"customer_tax_ids\":[],\"date\":1598268720,\"default_payment_method\":null,\"default_source\":null,\"default_tax_rates\":[],\"description\":null,\"discount\":null,\"discounts\":[],\"due_date\":null,\"ending_balance\":0,\"finalized_at\":1598268720,\"footer\":null,\"forgiven\":false,\"hosted_invoice_url\":\"https:\\/\\/pay.stripe.com\\/invoice\\/acct_1DTVcrCHKNBUNpgk\\/invst_HtQlQFdAlsCbenUGDfEqMsnjy5tyT9h\",\"invoice_pdf\":\"https:\\/\\/pay.stripe.com\\/invoice\\/acct_1DTVcrCHKNBUNpgk\\/invst_HtQlQFdAlsCbenUGDfEqMsnjy5tyT9h\\/pdf\",\"lines\":{\"object\":\"list\",\"data\":[{\"id\":\"sli_e3e34228857210\",\"object\":\"line_item\",\"amount\":0,\"currency\":\"dkk\",\"description\":\"Trial period for Junior\",\"discount_amounts\":[],\"discountable\":true,\"discounts\":[],\"livemode\":false,\"metadata\":[],\"period\":{\"end\":1598400000,\"start\":1598268720},\"plan\":{\"id\":\"price_1HJZ6BCHKNBUNpgkKgGnC5xT\",\"object\":\"plan\",\"active\":true,\"aggregate_usage\":null,\"amount\":3800,\"amount_decimal\":\"3800\",\"billing_scheme\":\"per_unit\",\"created\":1598250247,\"currency\":\"dkk\",\"interval\":\"week\",\"interval_count\":1,\"livemode\":false,\"metadata\":[],\"nickname\":null,\"product\":\"prod_HtLnMRfxhVyUsI\",\"tiers\":null,\"tiers_mode\":null,\"transform_usage\":null,\"trial_period_days\":2,\"usage_type\":\"licensed\"},\"price\":{\"id\":\"price_1HJZ6BCHKNBUNpgkKgGnC5xT\",\"object\":\"price\",\"active\":true,\"billing_scheme\":\"per_unit\",\"created\":1598250247,\"currency\":\"dkk\",\"livemode\":false,\"lookup_key\":null,\"metadata\":[],\"nickname\":null,\"product\":\"prod_HtLnMRfxhVyUsI\",\"recurring\":{\"aggregate_usage\":null,\"interval\":\"week\",\"interval_count\":1,\"trial_period_days\":2,\"usage_type\":\"licensed\"},\"tiers_mode\":null,\"transform_quantity\":null,\"type\":\"recurring\",\"unit_amount\":3800,\"unit_amount_decimal\":\"3800\"},\"proration\":false,\"quantity\":1,\"subscription\":\"sub_HtQlorbvP0LYxL\",\"subscription_item\":\"si_HtQlTGsd3zvskB\",\"tax_amounts\":[],\"tax_rates\":[],\"type\":\"subscription\",\"unique_id\":\"il_1HJdu8CHKNBUNpgkBpyC8INW\"}],\"has_more\":false,\"total_count\":1,\"url\":\"\\/v1\\/invoices\\/in_1HJdu8CHKNBUNpgkeDdE0nke\\/lines\"},\"livemode\":false,\"metadata\":[],\"next_payment_attempt\":null,\"number\":\"32B8DF93-0006\",\"paid\":true,\"payment_intent\":null,\"period_end\":1598268720,\"period_start\":1598268720,\"post_payment_credit_notes_amount\":0,\"pre_payment_credit_notes_amount\":0,\"receipt_number\":null,\"starting_balance\":0,\"statement_descriptor\":null,\"status\":\"paid\",\"status_transitions\":{\"finalized_at\":1598268720,\"marked_uncollectible_at\":null,\"paid_at\":1598268720,\"voided_at\":null},\"subscription\":\"sub_HtQlorbvP0LYxL\",\"subtotal\":0,\"tax\":null,\"tax_percent\":null,\"total\":0,\"total_discount_amounts\":[],\"total_tax_amounts\":[],\"transfer_data\":null,\"webhooks_delivered_at\":null}},\"livemode\":false,\"pending_webhooks\":2,\"request\":{\"id\":\"req_cDi7OLbfC0QBFF\",\"idempotency_key\":null},\"type\":\"invoice.paid\"}',	'2020-08-24 11:32:03'),
(10,	'',	'charge.succeeded',	'{\"id\":\"evt_1HJdvUCHKNBUNpgkwMdGHc1l\",\"object\":\"event\",\"api_version\":\"2018-10-31\",\"created\":1598268803,\"data\":{\"object\":{\"id\":\"ch_1HJdvSCHKNBUNpgkdkfz16fY\",\"object\":\"charge\",\"amount\":3800,\"amount_refunded\":0,\"application\":null,\"application_fee\":null,\"application_fee_amount\":null,\"balance_transaction\":\"txn_1HJdvTCHKNBUNpgkDU3mAxgu\",\"billing_details\":{\"address\":{\"city\":null,\"country\":null,\"line1\":null,\"line2\":null,\"postal_code\":\"22222\",\"state\":null},\"email\":null,\"name\":null,\"phone\":null},\"calculated_statement_descriptor\":\"MEALTICKET\",\"captured\":true,\"created\":1598268802,\"currency\":\"dkk\",\"customer\":\"cus_HtQBDsofxzGzmw\",\"description\":\"Subscription creation\",\"destination\":null,\"dispute\":null,\"disputed\":false,\"failure_code\":null,\"failure_message\":null,\"fraud_details\":[],\"invoice\":\"in_1HJdvSCHKNBUNpgk2eDF1sv1\",\"livemode\":false,\"metadata\":[],\"on_behalf_of\":null,\"order\":null,\"outcome\":{\"network_status\":\"approved_by_network\",\"reason\":null,\"risk_level\":\"normal\",\"risk_score\":43,\"seller_message\":\"Payment complete.\",\"type\":\"authorized\"},\"paid\":true,\"payment_intent\":\"pi_1HJdvSCHKNBUNpgkexEuPiZ9\",\"payment_method\":\"pm_1HJdvLCHKNBUNpgkJwnIcxql\",\"payment_method_details\":{\"card\":{\"brand\":\"visa\",\"checks\":{\"address_line1_check\":null,\"address_postal_code_check\":\"pass\",\"cvc_check\":\"pass\"},\"country\":\"US\",\"exp_month\":4,\"exp_year\":2022,\"fingerprint\":\"663QPYdZgNc6hEkp\",\"funding\":\"credit\",\"installments\":null,\"last4\":\"4242\",\"network\":\"visa\",\"three_d_secure\":null,\"wallet\":null},\"type\":\"card\"},\"receipt_email\":null,\"receipt_number\":null,\"receipt_url\":\"https:\\/\\/pay.stripe.com\\/receipts\\/acct_1DTVcrCHKNBUNpgk\\/ch_1HJdvSCHKNBUNpgkdkfz16fY\\/rcpt_HtQnVgZXBsGU4zCuaTq7Rr2NvLxkq44\",\"refunded\":false,\"refunds\":{\"object\":\"list\",\"data\":[],\"has_more\":false,\"total_count\":0,\"url\":\"\\/v1\\/charges\\/ch_1HJdvSCHKNBUNpgkdkfz16fY\\/refunds\"},\"review\":null,\"shipping\":null,\"source\":null,\"source_transfer\":null,\"statement_descriptor\":null,\"statement_descriptor_suffix\":null,\"status\":\"succeeded\",\"transfer_data\":null,\"transfer_group\":null}},\"livemode\":false,\"pending_webhooks\":4,\"request\":{\"id\":\"req_kyDol30NL0LEuH\",\"idempotency_key\":null},\"type\":\"charge.succeeded\"}',	'2020-08-24 11:33:25'),
(11,	'',	'invoice.paid',	'{\"id\":\"evt_1HJdvUCHKNBUNpgkBXUTaLuW\",\"object\":\"event\",\"api_version\":\"2018-10-31\",\"created\":1598268803,\"data\":{\"object\":{\"id\":\"in_1HJdvSCHKNBUNpgk2eDF1sv1\",\"object\":\"invoice\",\"account_country\":\"DK\",\"account_name\":\"MealTicket\",\"amount_due\":3800,\"amount_paid\":3800,\"amount_remaining\":0,\"application_fee\":null,\"attempt_count\":1,\"attempted\":true,\"auto_advance\":false,\"billing\":\"charge_automatically\",\"billing_reason\":\"subscription_create\",\"charge\":\"ch_1HJdvSCHKNBUNpgkdkfz16fY\",\"closed\":true,\"collection_method\":\"charge_automatically\",\"created\":1598268802,\"currency\":\"dkk\",\"custom_fields\":null,\"customer\":\"cus_HtQBDsofxzGzmw\",\"customer_address\":null,\"customer_email\":\"Kathrine@gmail.com\",\"customer_name\":\"Kathrine Villemoes\",\"customer_phone\":\"30953244\",\"customer_shipping\":null,\"customer_tax_exempt\":\"none\",\"customer_tax_ids\":[],\"date\":1598268802,\"default_payment_method\":null,\"default_source\":null,\"default_tax_rates\":[],\"description\":null,\"discount\":null,\"discounts\":[],\"due_date\":null,\"ending_balance\":0,\"finalized_at\":1598268801,\"footer\":null,\"forgiven\":false,\"hosted_invoice_url\":\"https:\\/\\/pay.stripe.com\\/invoice\\/acct_1DTVcrCHKNBUNpgk\\/invst_HtQnwtvqVrvGFcLwyTOpvouS4TF9LTv\",\"invoice_pdf\":\"https:\\/\\/pay.stripe.com\\/invoice\\/acct_1DTVcrCHKNBUNpgk\\/invst_HtQnwtvqVrvGFcLwyTOpvouS4TF9LTv\\/pdf\",\"lines\":{\"object\":\"list\",\"data\":[{\"id\":\"sli_8b2ce43fb1d69b\",\"object\":\"line_item\",\"amount\":3800,\"currency\":\"dkk\",\"description\":\"1 \\u00d7 Junior (at 38.00 kr \\/ week)\",\"discount_amounts\":[],\"discountable\":true,\"discounts\":[],\"livemode\":false,\"metadata\":[],\"period\":{\"end\":1598873601,\"start\":1598268801},\"plan\":{\"id\":\"price_1HJZ6BCHKNBUNpgkKgGnC5xT\",\"object\":\"plan\",\"active\":true,\"aggregate_usage\":null,\"amount\":3800,\"amount_decimal\":\"3800\",\"billing_scheme\":\"per_unit\",\"created\":1598250247,\"currency\":\"dkk\",\"interval\":\"week\",\"interval_count\":1,\"livemode\":false,\"metadata\":[],\"nickname\":null,\"product\":\"prod_HtLnMRfxhVyUsI\",\"tiers\":null,\"tiers_mode\":null,\"transform_usage\":null,\"trial_period_days\":2,\"usage_type\":\"licensed\"},\"price\":{\"id\":\"price_1HJZ6BCHKNBUNpgkKgGnC5xT\",\"object\":\"price\",\"active\":true,\"billing_scheme\":\"per_unit\",\"created\":1598250247,\"currency\":\"dkk\",\"livemode\":false,\"lookup_key\":null,\"metadata\":[],\"nickname\":null,\"product\":\"prod_HtLnMRfxhVyUsI\",\"recurring\":{\"aggregate_usage\":null,\"interval\":\"week\",\"interval_count\":1,\"trial_period_days\":2,\"usage_type\":\"licensed\"},\"tiers_mode\":null,\"transform_quantity\":null,\"type\":\"recurring\",\"unit_amount\":3800,\"unit_amount_decimal\":\"3800\"},\"proration\":false,\"quantity\":1,\"subscription\":\"sub_HtQnW2Tb1Juvn5\",\"subscription_item\":\"si_HtQnQThFeKoZ9s\",\"tax_amounts\":[],\"tax_rates\":[],\"type\":\"subscription\",\"unique_id\":\"il_1HJdvSCHKNBUNpgkWcRyEI7s\"}],\"has_more\":false,\"total_count\":1,\"url\":\"\\/v1\\/invoices\\/in_1HJdvSCHKNBUNpgk2eDF1sv1\\/lines\"},\"livemode\":false,\"metadata\":[],\"next_payment_attempt\":null,\"number\":\"32B8DF93-0007\",\"paid\":true,\"payment_intent\":\"pi_1HJdvSCHKNBUNpgkexEuPiZ9\",\"period_end\":1598268801,\"period_start\":1598268801,\"post_payment_credit_notes_amount\":0,\"pre_payment_credit_notes_amount\":0,\"receipt_number\":null,\"starting_balance\":0,\"statement_descriptor\":null,\"status\":\"paid\",\"status_transitions\":{\"finalized_at\":1598268801,\"marked_uncollectible_at\":null,\"paid_at\":1598268801,\"voided_at\":null},\"subscription\":\"sub_HtQnW2Tb1Juvn5\",\"subtotal\":3800,\"tax\":null,\"tax_percent\":null,\"total\":3800,\"total_discount_amounts\":[],\"total_tax_amounts\":[],\"transfer_data\":null,\"webhooks_delivered_at\":null}},\"livemode\":false,\"pending_webhooks\":2,\"request\":{\"id\":\"req_kyDol30NL0LEuH\",\"idempotency_key\":null},\"type\":\"invoice.paid\"}',	'2020-08-24 11:33:26'),
(12,	'',	'invoice.upcoming',	'{\"id\":\"evt_1HJdvrCHKNBUNpgkkoH0WDqu\",\"object\":\"event\",\"api_version\":\"2018-10-31\",\"created\":1598268827,\"data\":{\"object\":{\"object\":\"invoice\",\"account_country\":\"DK\",\"account_name\":\"MealTicket\",\"amount_due\":3800,\"amount_paid\":0,\"amount_remaining\":3800,\"application_fee\":null,\"attempt_count\":0,\"attempted\":false,\"billing\":\"charge_automatically\",\"billing_reason\":\"upcoming\",\"charge\":null,\"closed\":false,\"collection_method\":\"charge_automatically\",\"created\":1598873601,\"currency\":\"dkk\",\"custom_fields\":null,\"customer\":\"cus_HtQBDsofxzGzmw\",\"customer_address\":null,\"customer_email\":\"Kathrine@gmail.com\",\"customer_name\":\"Kathrine Villemoes\",\"customer_phone\":\"30953244\",\"customer_shipping\":null,\"customer_tax_exempt\":\"none\",\"customer_tax_ids\":[],\"date\":1598873601,\"default_payment_method\":null,\"default_source\":null,\"default_tax_rates\":[],\"description\":null,\"discount\":null,\"discounts\":[],\"due_date\":null,\"ending_balance\":0,\"finalized_at\":null,\"footer\":null,\"forgiven\":false,\"lines\":{\"object\":\"list\",\"data\":[{\"id\":\"sli_daf0defd226856\",\"object\":\"line_item\",\"amount\":3800,\"currency\":\"dkk\",\"description\":\"1 \\u00d7 Junior (at 38.00 kr \\/ week)\",\"discount_amounts\":[],\"discountable\":true,\"discounts\":[],\"livemode\":false,\"metadata\":[],\"period\":{\"end\":1599478401,\"start\":1598873601},\"plan\":{\"id\":\"price_1HJZ6BCHKNBUNpgkKgGnC5xT\",\"object\":\"plan\",\"active\":true,\"aggregate_usage\":null,\"amount\":3800,\"amount_decimal\":\"3800\",\"billing_scheme\":\"per_unit\",\"created\":1598250247,\"currency\":\"dkk\",\"interval\":\"week\",\"interval_count\":1,\"livemode\":false,\"metadata\":[],\"nickname\":null,\"product\":\"prod_HtLnMRfxhVyUsI\",\"tiers\":null,\"tiers_mode\":null,\"transform_usage\":null,\"trial_period_days\":2,\"usage_type\":\"licensed\"},\"price\":{\"id\":\"price_1HJZ6BCHKNBUNpgkKgGnC5xT\",\"object\":\"price\",\"active\":true,\"billing_scheme\":\"per_unit\",\"created\":1598250247,\"currency\":\"dkk\",\"livemode\":false,\"lookup_key\":null,\"metadata\":[],\"nickname\":null,\"product\":\"prod_HtLnMRfxhVyUsI\",\"recurring\":{\"aggregate_usage\":null,\"interval\":\"week\",\"interval_count\":1,\"trial_period_days\":2,\"usage_type\":\"licensed\"},\"tiers_mode\":null,\"transform_quantity\":null,\"type\":\"recurring\",\"unit_amount\":3800,\"unit_amount_decimal\":\"3800\"},\"proration\":false,\"quantity\":1,\"subscription\":\"sub_HtQnW2Tb1Juvn5\",\"subscription_item\":\"si_HtQnQThFeKoZ9s\",\"tax_amounts\":[],\"tax_rates\":[],\"type\":\"subscription\",\"unique_id\":\"il_tmp_daf0defd226856\"}],\"has_more\":false,\"total_count\":1,\"url\":\"\\/v1\\/invoices\\/upcoming\\/lines?customer=cus_HtQBDsofxzGzmw&subscription=sub_HtQnW2Tb1Juvn5\"},\"livemode\":false,\"metadata\":[],\"next_payment_attempt\":1598877201,\"number\":\"32B8DF93-0008\",\"paid\":false,\"payment_intent\":null,\"period_end\":1598873601,\"period_start\":1598268801,\"post_payment_credit_notes_amount\":0,\"pre_payment_credit_notes_amount\":0,\"receipt_number\":null,\"starting_balance\":0,\"statement_descriptor\":null,\"status\":\"draft\",\"status_transitions\":{\"finalized_at\":null,\"marked_uncollectible_at\":null,\"paid_at\":null,\"voided_at\":null},\"subscription\":\"sub_HtQnW2Tb1Juvn5\",\"subtotal\":3800,\"tax\":null,\"tax_percent\":null,\"total\":3800,\"total_discount_amounts\":[],\"total_tax_amounts\":[],\"transfer_data\":null,\"webhooks_delivered_at\":null}},\"livemode\":false,\"pending_webhooks\":2,\"request\":{\"id\":null,\"idempotency_key\":null},\"type\":\"invoice.upcoming\"}',	'2020-08-24 11:33:48'),
(13,	'',	'invoice.paid',	'{\"id\":\"evt_1HJe16CHKNBUNpgkUCmZopNl\",\"object\":\"event\",\"api_version\":\"2018-10-31\",\"created\":1598269152,\"data\":{\"object\":{\"id\":\"in_1HJe15CHKNBUNpgkuJkMwolI\",\"object\":\"invoice\",\"account_country\":\"DK\",\"account_name\":\"MealTicket\",\"amount_due\":0,\"amount_paid\":0,\"amount_remaining\":0,\"application_fee\":null,\"attempt_count\":0,\"attempted\":true,\"auto_advance\":false,\"billing\":\"charge_automatically\",\"billing_reason\":\"subscription_create\",\"charge\":null,\"closed\":true,\"collection_method\":\"charge_automatically\",\"created\":1598269151,\"currency\":\"dkk\",\"custom_fields\":null,\"customer\":\"cus_HtQBDsofxzGzmw\",\"customer_address\":null,\"customer_email\":\"Kathrine@gmail.com\",\"customer_name\":\"Kathrine Villemoes\",\"customer_phone\":\"30953244\",\"customer_shipping\":null,\"customer_tax_exempt\":\"none\",\"customer_tax_ids\":[],\"date\":1598269151,\"default_payment_method\":null,\"default_source\":null,\"default_tax_rates\":[],\"description\":null,\"discount\":null,\"discounts\":[],\"due_date\":null,\"ending_balance\":0,\"finalized_at\":1598269150,\"footer\":null,\"forgiven\":false,\"hosted_invoice_url\":\"https:\\/\\/pay.stripe.com\\/invoice\\/acct_1DTVcrCHKNBUNpgk\\/invst_HtQs5XW0mkpIbI37lXN2FUVLQR4liqf\",\"invoice_pdf\":\"https:\\/\\/pay.stripe.com\\/invoice\\/acct_1DTVcrCHKNBUNpgk\\/invst_HtQs5XW0mkpIbI37lXN2FUVLQR4liqf\\/pdf\",\"lines\":{\"object\":\"list\",\"data\":[{\"id\":\"sli_36336d54d09d19\",\"object\":\"line_item\",\"amount\":0,\"currency\":\"dkk\",\"description\":\"Trial period for Junior\",\"discount_amounts\":[],\"discountable\":true,\"discounts\":[],\"livemode\":false,\"metadata\":[],\"period\":{\"end\":1598400000,\"start\":1598269150},\"plan\":{\"id\":\"price_1HJZ6BCHKNBUNpgkKgGnC5xT\",\"object\":\"plan\",\"active\":true,\"aggregate_usage\":null,\"amount\":3800,\"amount_decimal\":\"3800\",\"billing_scheme\":\"per_unit\",\"created\":1598250247,\"currency\":\"dkk\",\"interval\":\"week\",\"interval_count\":1,\"livemode\":false,\"metadata\":[],\"nickname\":null,\"product\":\"prod_HtLnMRfxhVyUsI\",\"tiers\":null,\"tiers_mode\":null,\"transform_usage\":null,\"trial_period_days\":2,\"usage_type\":\"licensed\"},\"price\":{\"id\":\"price_1HJZ6BCHKNBUNpgkKgGnC5xT\",\"object\":\"price\",\"active\":true,\"billing_scheme\":\"per_unit\",\"created\":1598250247,\"currency\":\"dkk\",\"livemode\":false,\"lookup_key\":null,\"metadata\":[],\"nickname\":null,\"product\":\"prod_HtLnMRfxhVyUsI\",\"recurring\":{\"aggregate_usage\":null,\"interval\":\"week\",\"interval_count\":1,\"trial_period_days\":2,\"usage_type\":\"licensed\"},\"tiers_mode\":null,\"transform_quantity\":null,\"type\":\"recurring\",\"unit_amount\":3800,\"unit_amount_decimal\":\"3800\"},\"proration\":false,\"quantity\":1,\"subscription\":\"sub_HtQsLO7fRtf51X\",\"subscription_item\":\"si_HtQs6vmR0xwT3l\",\"tax_amounts\":[],\"tax_rates\":[],\"type\":\"subscription\",\"unique_id\":\"il_1HJe15CHKNBUNpgkyVKPvYrQ\"}],\"has_more\":false,\"total_count\":1,\"url\":\"\\/v1\\/invoices\\/in_1HJe15CHKNBUNpgkuJkMwolI\\/lines\"},\"livemode\":false,\"metadata\":[],\"next_payment_attempt\":null,\"number\":\"32B8DF93-0008\",\"paid\":true,\"payment_intent\":null,\"period_end\":1598269150,\"period_start\":1598269150,\"post_payment_credit_notes_amount\":0,\"pre_payment_credit_notes_amount\":0,\"receipt_number\":null,\"starting_balance\":0,\"statement_descriptor\":null,\"status\":\"paid\",\"status_transitions\":{\"finalized_at\":1598269150,\"marked_uncollectible_at\":null,\"paid_at\":1598269150,\"voided_at\":null},\"subscription\":\"sub_HtQsLO7fRtf51X\",\"subtotal\":0,\"tax\":null,\"tax_percent\":null,\"total\":0,\"total_discount_amounts\":[],\"total_tax_amounts\":[],\"transfer_data\":null,\"webhooks_delivered_at\":null}},\"livemode\":false,\"pending_webhooks\":2,\"request\":{\"id\":\"req_DoYL6Mk4xJ8zcC\",\"idempotency_key\":null},\"type\":\"invoice.paid\"}',	'2020-08-24 11:39:14'),
(14,	'',	'invoice.paid',	'{\"id\":\"evt_1HJe5tCHKNBUNpgk8SFJo5Mh\",\"object\":\"event\",\"api_version\":\"2018-10-31\",\"created\":1598269448,\"data\":{\"object\":{\"id\":\"in_1HJe5sCHKNBUNpgkDFJ2WjZq\",\"object\":\"invoice\",\"account_country\":\"DK\",\"account_name\":\"MealTicket\",\"amount_due\":0,\"amount_paid\":0,\"amount_remaining\":0,\"application_fee\":null,\"attempt_count\":0,\"attempted\":true,\"auto_advance\":false,\"billing\":\"charge_automatically\",\"billing_reason\":\"subscription_create\",\"charge\":null,\"closed\":true,\"collection_method\":\"charge_automatically\",\"created\":1598269448,\"currency\":\"dkk\",\"custom_fields\":null,\"customer\":\"cus_HtQBDsofxzGzmw\",\"customer_address\":null,\"customer_email\":\"Kathrine@gmail.com\",\"customer_name\":\"Kathrine Villemoes\",\"customer_phone\":\"30953244\",\"customer_shipping\":null,\"customer_tax_exempt\":\"none\",\"customer_tax_ids\":[],\"date\":1598269448,\"default_payment_method\":null,\"default_source\":null,\"default_tax_rates\":[],\"description\":null,\"discount\":null,\"discounts\":[],\"due_date\":null,\"ending_balance\":0,\"finalized_at\":1598269447,\"footer\":null,\"forgiven\":false,\"hosted_invoice_url\":\"https:\\/\\/pay.stripe.com\\/invoice\\/acct_1DTVcrCHKNBUNpgk\\/invst_HtQxD7gdtHODJvXmP9cNVbAsbDTJSwS\",\"invoice_pdf\":\"https:\\/\\/pay.stripe.com\\/invoice\\/acct_1DTVcrCHKNBUNpgk\\/invst_HtQxD7gdtHODJvXmP9cNVbAsbDTJSwS\\/pdf\",\"lines\":{\"object\":\"list\",\"data\":[{\"id\":\"sli_33069b43de962e\",\"object\":\"line_item\",\"amount\":0,\"currency\":\"dkk\",\"description\":\"Trial period for Junior\",\"discount_amounts\":[],\"discountable\":true,\"discounts\":[],\"livemode\":false,\"metadata\":[],\"period\":{\"end\":1598400000,\"start\":1598269447},\"plan\":{\"id\":\"price_1HJZ6BCHKNBUNpgkKgGnC5xT\",\"object\":\"plan\",\"active\":true,\"aggregate_usage\":null,\"amount\":3800,\"amount_decimal\":\"3800\",\"billing_scheme\":\"per_unit\",\"created\":1598250247,\"currency\":\"dkk\",\"interval\":\"week\",\"interval_count\":1,\"livemode\":false,\"metadata\":[],\"nickname\":null,\"product\":\"prod_HtLnMRfxhVyUsI\",\"tiers\":null,\"tiers_mode\":null,\"transform_usage\":null,\"trial_period_days\":2,\"usage_type\":\"licensed\"},\"price\":{\"id\":\"price_1HJZ6BCHKNBUNpgkKgGnC5xT\",\"object\":\"price\",\"active\":true,\"billing_scheme\":\"per_unit\",\"created\":1598250247,\"currency\":\"dkk\",\"livemode\":false,\"lookup_key\":null,\"metadata\":[],\"nickname\":null,\"product\":\"prod_HtLnMRfxhVyUsI\",\"recurring\":{\"aggregate_usage\":null,\"interval\":\"week\",\"interval_count\":1,\"trial_period_days\":2,\"usage_type\":\"licensed\"},\"tiers_mode\":null,\"transform_quantity\":null,\"type\":\"recurring\",\"unit_amount\":3800,\"unit_amount_decimal\":\"3800\"},\"proration\":false,\"quantity\":1,\"subscription\":\"sub_HtQxocgPUCxcVv\",\"subscription_item\":\"si_HtQxFzh8lnm1K6\",\"tax_amounts\":[],\"tax_rates\":[],\"type\":\"subscription\",\"unique_id\":\"il_1HJe5sCHKNBUNpgkj9oTWyKf\"}],\"has_more\":false,\"total_count\":1,\"url\":\"\\/v1\\/invoices\\/in_1HJe5sCHKNBUNpgkDFJ2WjZq\\/lines\"},\"livemode\":false,\"metadata\":[],\"next_payment_attempt\":null,\"number\":\"32B8DF93-0009\",\"paid\":true,\"payment_intent\":null,\"period_end\":1598269447,\"period_start\":1598269447,\"post_payment_credit_notes_amount\":0,\"pre_payment_credit_notes_amount\":0,\"receipt_number\":null,\"starting_balance\":0,\"statement_descriptor\":null,\"status\":\"paid\",\"status_transitions\":{\"finalized_at\":1598269447,\"marked_uncollectible_at\":null,\"paid_at\":1598269447,\"voided_at\":null},\"subscription\":\"sub_HtQxocgPUCxcVv\",\"subtotal\":0,\"tax\":null,\"tax_percent\":null,\"total\":0,\"total_discount_amounts\":[],\"total_tax_amounts\":[],\"transfer_data\":null,\"webhooks_delivered_at\":null}},\"livemode\":false,\"pending_webhooks\":2,\"request\":{\"id\":\"req_bG7qUFF5L8LvM7\",\"idempotency_key\":null},\"type\":\"invoice.paid\"}',	'2020-08-24 11:44:10'),
(15,	'1598400000',	'invoice.paid',	'{\"id\":\"evt_1HJe5tCHKNBUNpgk8SFJo5Mh\",\"object\":\"event\",\"api_version\":\"2018-10-31\",\"created\":1598269448,\"data\":{\"object\":{\"id\":\"in_1HJe5sCHKNBUNpgkDFJ2WjZq\",\"object\":\"invoice\",\"account_country\":\"DK\",\"account_name\":\"MealTicket\",\"amount_due\":0,\"amount_paid\":0,\"amount_remaining\":0,\"application_fee\":null,\"attempt_count\":0,\"attempted\":true,\"auto_advance\":false,\"billing\":\"charge_automatically\",\"billing_reason\":\"subscription_create\",\"charge\":null,\"closed\":true,\"collection_method\":\"charge_automatically\",\"created\":1598269448,\"currency\":\"dkk\",\"custom_fields\":null,\"customer\":\"cus_HtQBDsofxzGzmw\",\"customer_address\":null,\"customer_email\":\"Kathrine@gmail.com\",\"customer_name\":\"Kathrine Villemoes\",\"customer_phone\":\"30953244\",\"customer_shipping\":null,\"customer_tax_exempt\":\"none\",\"customer_tax_ids\":[],\"date\":1598269448,\"default_payment_method\":null,\"default_source\":null,\"default_tax_rates\":[],\"description\":null,\"discount\":null,\"discounts\":[],\"due_date\":null,\"ending_balance\":0,\"finalized_at\":1598269447,\"footer\":null,\"forgiven\":false,\"hosted_invoice_url\":\"https:\\/\\/pay.stripe.com\\/invoice\\/acct_1DTVcrCHKNBUNpgk\\/invst_HtQxD7gdtHODJvXmP9cNVbAsbDTJSwS\",\"invoice_pdf\":\"https:\\/\\/pay.stripe.com\\/invoice\\/acct_1DTVcrCHKNBUNpgk\\/invst_HtQxD7gdtHODJvXmP9cNVbAsbDTJSwS\\/pdf\",\"lines\":{\"object\":\"list\",\"data\":[{\"id\":\"sli_33069b43de962e\",\"object\":\"line_item\",\"amount\":0,\"currency\":\"dkk\",\"description\":\"Trial period for Junior\",\"discount_amounts\":[],\"discountable\":true,\"discounts\":[],\"livemode\":false,\"metadata\":[],\"period\":{\"end\":1598400000,\"start\":1598269447},\"plan\":{\"id\":\"price_1HJZ6BCHKNBUNpgkKgGnC5xT\",\"object\":\"plan\",\"active\":true,\"aggregate_usage\":null,\"amount\":3800,\"amount_decimal\":\"3800\",\"billing_scheme\":\"per_unit\",\"created\":1598250247,\"currency\":\"dkk\",\"interval\":\"week\",\"interval_count\":1,\"livemode\":false,\"metadata\":[],\"nickname\":null,\"product\":\"prod_HtLnMRfxhVyUsI\",\"tiers\":null,\"tiers_mode\":null,\"transform_usage\":null,\"trial_period_days\":2,\"usage_type\":\"licensed\"},\"price\":{\"id\":\"price_1HJZ6BCHKNBUNpgkKgGnC5xT\",\"object\":\"price\",\"active\":true,\"billing_scheme\":\"per_unit\",\"created\":1598250247,\"currency\":\"dkk\",\"livemode\":false,\"lookup_key\":null,\"metadata\":[],\"nickname\":null,\"product\":\"prod_HtLnMRfxhVyUsI\",\"recurring\":{\"aggregate_usage\":null,\"interval\":\"week\",\"interval_count\":1,\"trial_period_days\":2,\"usage_type\":\"licensed\"},\"tiers_mode\":null,\"transform_quantity\":null,\"type\":\"recurring\",\"unit_amount\":3800,\"unit_amount_decimal\":\"3800\"},\"proration\":false,\"quantity\":1,\"subscription\":\"sub_HtQxocgPUCxcVv\",\"subscription_item\":\"si_HtQxFzh8lnm1K6\",\"tax_amounts\":[],\"tax_rates\":[],\"type\":\"subscription\",\"unique_id\":\"il_1HJe5sCHKNBUNpgkj9oTWyKf\"}],\"has_more\":false,\"total_count\":1,\"url\":\"\\/v1\\/invoices\\/in_1HJe5sCHKNBUNpgkDFJ2WjZq\\/lines\"},\"livemode\":false,\"metadata\":[],\"next_payment_attempt\":null,\"number\":\"32B8DF93-0009\",\"paid\":true,\"payment_intent\":null,\"period_end\":1598269447,\"period_start\":1598269447,\"post_payment_credit_notes_amount\":0,\"pre_payment_credit_notes_amount\":0,\"receipt_number\":null,\"starting_balance\":0,\"statement_descriptor\":null,\"status\":\"paid\",\"status_transitions\":{\"finalized_at\":1598269447,\"marked_uncollectible_at\":null,\"paid_at\":1598269447,\"voided_at\":null},\"subscription\":\"sub_HtQxocgPUCxcVv\",\"subtotal\":0,\"tax\":null,\"tax_percent\":null,\"total\":0,\"total_discount_amounts\":[],\"total_tax_amounts\":[],\"transfer_data\":null,\"webhooks_delivered_at\":null}},\"livemode\":false,\"pending_webhooks\":2,\"request\":{\"id\":\"req_bG7qUFF5L8LvM7\",\"idempotency_key\":null},\"type\":\"invoice.paid\"}',	'2020-08-24 11:44:10'),
(16,	'',	'invoice.paid',	'{\"id\":\"evt_1HJecjCHKNBUNpgky9WbBfFb\",\"object\":\"event\",\"api_version\":\"2018-10-31\",\"created\":1598271484,\"data\":{\"object\":{\"id\":\"in_1HJeciCHKNBUNpgkCOqLdXhv\",\"object\":\"invoice\",\"account_country\":\"DK\",\"account_name\":\"MealTicket\",\"amount_due\":0,\"amount_paid\":0,\"amount_remaining\":0,\"application_fee\":null,\"attempt_count\":0,\"attempted\":true,\"auto_advance\":false,\"billing\":\"charge_automatically\",\"billing_reason\":\"subscription_create\",\"charge\":null,\"closed\":true,\"collection_method\":\"charge_automatically\",\"created\":1598271484,\"currency\":\"dkk\",\"custom_fields\":null,\"customer\":\"cus_HtQBDsofxzGzmw\",\"customer_address\":null,\"customer_email\":\"Kathrine@gmail.com\",\"customer_name\":\"Kathrine Villemoes\",\"customer_phone\":\"30953244\",\"customer_shipping\":null,\"customer_tax_exempt\":\"none\",\"customer_tax_ids\":[],\"date\":1598271484,\"default_payment_method\":null,\"default_source\":null,\"default_tax_rates\":[],\"description\":null,\"discount\":null,\"discounts\":[],\"due_date\":null,\"ending_balance\":0,\"finalized_at\":1598271483,\"footer\":null,\"forgiven\":false,\"hosted_invoice_url\":\"https:\\/\\/pay.stripe.com\\/invoice\\/acct_1DTVcrCHKNBUNpgk\\/invst_HtRVvhk7FCJC0rfppVdogo0qhCcvooA\",\"invoice_pdf\":\"https:\\/\\/pay.stripe.com\\/invoice\\/acct_1DTVcrCHKNBUNpgk\\/invst_HtRVvhk7FCJC0rfppVdogo0qhCcvooA\\/pdf\",\"lines\":{\"object\":\"list\",\"data\":[{\"id\":\"sli_dbabdb44122e4b\",\"object\":\"line_item\",\"amount\":0,\"currency\":\"dkk\",\"description\":\"Trial period for Junior\",\"discount_amounts\":[],\"discountable\":true,\"discounts\":[],\"livemode\":false,\"metadata\":[],\"period\":{\"end\":1598400000,\"start\":1598271483},\"plan\":{\"id\":\"price_1HJZ6BCHKNBUNpgkKgGnC5xT\",\"object\":\"plan\",\"active\":true,\"aggregate_usage\":null,\"amount\":3800,\"amount_decimal\":\"3800\",\"billing_scheme\":\"per_unit\",\"created\":1598250247,\"currency\":\"dkk\",\"interval\":\"week\",\"interval_count\":1,\"livemode\":false,\"metadata\":[],\"nickname\":null,\"product\":\"prod_HtLnMRfxhVyUsI\",\"tiers\":null,\"tiers_mode\":null,\"transform_usage\":null,\"trial_period_days\":2,\"usage_type\":\"licensed\"},\"price\":{\"id\":\"price_1HJZ6BCHKNBUNpgkKgGnC5xT\",\"object\":\"price\",\"active\":true,\"billing_scheme\":\"per_unit\",\"created\":1598250247,\"currency\":\"dkk\",\"livemode\":false,\"lookup_key\":null,\"metadata\":[],\"nickname\":null,\"product\":\"prod_HtLnMRfxhVyUsI\",\"recurring\":{\"aggregate_usage\":null,\"interval\":\"week\",\"interval_count\":1,\"trial_period_days\":2,\"usage_type\":\"licensed\"},\"tiers_mode\":null,\"transform_quantity\":null,\"type\":\"recurring\",\"unit_amount\":3800,\"unit_amount_decimal\":\"3800\"},\"proration\":false,\"quantity\":1,\"subscription\":\"sub_HtRVHlHVpFP5oc\",\"subscription_item\":\"si_HtRVJYxLr59bXm\",\"tax_amounts\":[],\"tax_rates\":[],\"type\":\"subscription\",\"unique_id\":\"il_1HJeciCHKNBUNpgkFkTuyht3\"}],\"has_more\":false,\"total_count\":1,\"url\":\"\\/v1\\/invoices\\/in_1HJeciCHKNBUNpgkCOqLdXhv\\/lines\"},\"livemode\":false,\"metadata\":[],\"next_payment_attempt\":null,\"number\":\"32B8DF93-0010\",\"paid\":true,\"payment_intent\":null,\"period_end\":1598271483,\"period_start\":1598271483,\"post_payment_credit_notes_amount\":0,\"pre_payment_credit_notes_amount\":0,\"receipt_number\":null,\"starting_balance\":0,\"statement_descriptor\":null,\"status\":\"paid\",\"status_transitions\":{\"finalized_at\":1598271483,\"marked_uncollectible_at\":null,\"paid_at\":1598271483,\"voided_at\":null},\"subscription\":\"sub_HtRVHlHVpFP5oc\",\"subtotal\":0,\"tax\":null,\"tax_percent\":null,\"total\":0,\"total_discount_amounts\":[],\"total_tax_amounts\":[],\"transfer_data\":null,\"webhooks_delivered_at\":null}},\"livemode\":false,\"pending_webhooks\":2,\"request\":{\"id\":\"req_psGBoQEPLs1eCO\",\"idempotency_key\":null},\"type\":\"invoice.paid\"}',	'2020-08-24 12:18:06'),
(17,	'1598400000',	'invoice.paid',	'{\"id\":\"evt_1HJecjCHKNBUNpgky9WbBfFb\",\"object\":\"event\",\"api_version\":\"2018-10-31\",\"created\":1598271484,\"data\":{\"object\":{\"id\":\"in_1HJeciCHKNBUNpgkCOqLdXhv\",\"object\":\"invoice\",\"account_country\":\"DK\",\"account_name\":\"MealTicket\",\"amount_due\":0,\"amount_paid\":0,\"amount_remaining\":0,\"application_fee\":null,\"attempt_count\":0,\"attempted\":true,\"auto_advance\":false,\"billing\":\"charge_automatically\",\"billing_reason\":\"subscription_create\",\"charge\":null,\"closed\":true,\"collection_method\":\"charge_automatically\",\"created\":1598271484,\"currency\":\"dkk\",\"custom_fields\":null,\"customer\":\"cus_HtQBDsofxzGzmw\",\"customer_address\":null,\"customer_email\":\"Kathrine@gmail.com\",\"customer_name\":\"Kathrine Villemoes\",\"customer_phone\":\"30953244\",\"customer_shipping\":null,\"customer_tax_exempt\":\"none\",\"customer_tax_ids\":[],\"date\":1598271484,\"default_payment_method\":null,\"default_source\":null,\"default_tax_rates\":[],\"description\":null,\"discount\":null,\"discounts\":[],\"due_date\":null,\"ending_balance\":0,\"finalized_at\":1598271483,\"footer\":null,\"forgiven\":false,\"hosted_invoice_url\":\"https:\\/\\/pay.stripe.com\\/invoice\\/acct_1DTVcrCHKNBUNpgk\\/invst_HtRVvhk7FCJC0rfppVdogo0qhCcvooA\",\"invoice_pdf\":\"https:\\/\\/pay.stripe.com\\/invoice\\/acct_1DTVcrCHKNBUNpgk\\/invst_HtRVvhk7FCJC0rfppVdogo0qhCcvooA\\/pdf\",\"lines\":{\"object\":\"list\",\"data\":[{\"id\":\"sli_dbabdb44122e4b\",\"object\":\"line_item\",\"amount\":0,\"currency\":\"dkk\",\"description\":\"Trial period for Junior\",\"discount_amounts\":[],\"discountable\":true,\"discounts\":[],\"livemode\":false,\"metadata\":[],\"period\":{\"end\":1598400000,\"start\":1598271483},\"plan\":{\"id\":\"price_1HJZ6BCHKNBUNpgkKgGnC5xT\",\"object\":\"plan\",\"active\":true,\"aggregate_usage\":null,\"amount\":3800,\"amount_decimal\":\"3800\",\"billing_scheme\":\"per_unit\",\"created\":1598250247,\"currency\":\"dkk\",\"interval\":\"week\",\"interval_count\":1,\"livemode\":false,\"metadata\":[],\"nickname\":null,\"product\":\"prod_HtLnMRfxhVyUsI\",\"tiers\":null,\"tiers_mode\":null,\"transform_usage\":null,\"trial_period_days\":2,\"usage_type\":\"licensed\"},\"price\":{\"id\":\"price_1HJZ6BCHKNBUNpgkKgGnC5xT\",\"object\":\"price\",\"active\":true,\"billing_scheme\":\"per_unit\",\"created\":1598250247,\"currency\":\"dkk\",\"livemode\":false,\"lookup_key\":null,\"metadata\":[],\"nickname\":null,\"product\":\"prod_HtLnMRfxhVyUsI\",\"recurring\":{\"aggregate_usage\":null,\"interval\":\"week\",\"interval_count\":1,\"trial_period_days\":2,\"usage_type\":\"licensed\"},\"tiers_mode\":null,\"transform_quantity\":null,\"type\":\"recurring\",\"unit_amount\":3800,\"unit_amount_decimal\":\"3800\"},\"proration\":false,\"quantity\":1,\"subscription\":\"sub_HtRVHlHVpFP5oc\",\"subscription_item\":\"si_HtRVJYxLr59bXm\",\"tax_amounts\":[],\"tax_rates\":[],\"type\":\"subscription\",\"unique_id\":\"il_1HJeciCHKNBUNpgkFkTuyht3\"}],\"has_more\":false,\"total_count\":1,\"url\":\"\\/v1\\/invoices\\/in_1HJeciCHKNBUNpgkCOqLdXhv\\/lines\"},\"livemode\":false,\"metadata\":[],\"next_payment_attempt\":null,\"number\":\"32B8DF93-0010\",\"paid\":true,\"payment_intent\":null,\"period_end\":1598271483,\"period_start\":1598271483,\"post_payment_credit_notes_amount\":0,\"pre_payment_credit_notes_amount\":0,\"receipt_number\":null,\"starting_balance\":0,\"statement_descriptor\":null,\"status\":\"paid\",\"status_transitions\":{\"finalized_at\":1598271483,\"marked_uncollectible_at\":null,\"paid_at\":1598271483,\"voided_at\":null},\"subscription\":\"sub_HtRVHlHVpFP5oc\",\"subtotal\":0,\"tax\":null,\"tax_percent\":null,\"total\":0,\"total_discount_amounts\":[],\"total_tax_amounts\":[],\"transfer_data\":null,\"webhooks_delivered_at\":null}},\"livemode\":false,\"pending_webhooks\":2,\"request\":{\"id\":\"req_psGBoQEPLs1eCO\",\"idempotency_key\":null},\"type\":\"invoice.paid\"}',	'2020-08-24 12:18:06'),
(18,	'',	'invoice.paid',	'{\"id\":\"evt_1HJg9mCHKNBUNpgkmRMnph1v\",\"object\":\"event\",\"api_version\":\"2018-10-31\",\"created\":1598277377,\"data\":{\"object\":{\"id\":\"in_1HJg9kCHKNBUNpgkMSXZXisS\",\"object\":\"invoice\",\"account_country\":\"DK\",\"account_name\":\"MealTicket\",\"amount_due\":0,\"amount_paid\":0,\"amount_remaining\":0,\"application_fee\":null,\"attempt_count\":0,\"attempted\":true,\"auto_advance\":false,\"billing\":\"charge_automatically\",\"billing_reason\":\"subscription_create\",\"charge\":null,\"closed\":true,\"collection_method\":\"charge_automatically\",\"created\":1598277376,\"currency\":\"dkk\",\"custom_fields\":null,\"customer\":\"cus_HtT59aq0UTvhp8\",\"customer_address\":null,\"customer_email\":\"stranden93@gmail.com\",\"customer_name\":\"Martin Christensen\",\"customer_phone\":\"24618067\",\"customer_shipping\":null,\"customer_tax_exempt\":\"none\",\"customer_tax_ids\":[],\"date\":1598277376,\"default_payment_method\":null,\"default_source\":null,\"default_tax_rates\":[],\"description\":null,\"discount\":null,\"discounts\":[],\"due_date\":null,\"ending_balance\":0,\"finalized_at\":1598277376,\"footer\":null,\"forgiven\":false,\"hosted_invoice_url\":\"https:\\/\\/pay.stripe.com\\/invoice\\/acct_1DTVcrCHKNBUNpgk\\/invst_HtT5pHLNUyhxgHtbK0ScdtOu1dahTve\",\"invoice_pdf\":\"https:\\/\\/pay.stripe.com\\/invoice\\/acct_1DTVcrCHKNBUNpgk\\/invst_HtT5pHLNUyhxgHtbK0ScdtOu1dahTve\\/pdf\",\"lines\":{\"object\":\"list\",\"data\":[{\"id\":\"sli_3cee5269384305\",\"object\":\"line_item\",\"amount\":0,\"currency\":\"dkk\",\"description\":\"Trial period for Junior\",\"discount_amounts\":[],\"discountable\":true,\"discounts\":[],\"livemode\":false,\"metadata\":[],\"period\":{\"end\":1598400000,\"start\":1598277376},\"plan\":{\"id\":\"price_1HJZ6BCHKNBUNpgkKgGnC5xT\",\"object\":\"plan\",\"active\":true,\"aggregate_usage\":null,\"amount\":3800,\"amount_decimal\":\"3800\",\"billing_scheme\":\"per_unit\",\"created\":1598250247,\"currency\":\"dkk\",\"interval\":\"week\",\"interval_count\":1,\"livemode\":false,\"metadata\":[],\"nickname\":null,\"product\":\"prod_HtLnMRfxhVyUsI\",\"tiers\":null,\"tiers_mode\":null,\"transform_usage\":null,\"trial_period_days\":2,\"usage_type\":\"licensed\"},\"price\":{\"id\":\"price_1HJZ6BCHKNBUNpgkKgGnC5xT\",\"object\":\"price\",\"active\":true,\"billing_scheme\":\"per_unit\",\"created\":1598250247,\"currency\":\"dkk\",\"livemode\":false,\"lookup_key\":null,\"metadata\":[],\"nickname\":null,\"product\":\"prod_HtLnMRfxhVyUsI\",\"recurring\":{\"aggregate_usage\":null,\"interval\":\"week\",\"interval_count\":1,\"trial_period_days\":2,\"usage_type\":\"licensed\"},\"tiers_mode\":null,\"transform_quantity\":null,\"type\":\"recurring\",\"unit_amount\":3800,\"unit_amount_decimal\":\"3800\"},\"proration\":false,\"quantity\":1,\"subscription\":\"sub_HtT5sQVPTuyzvA\",\"subscription_item\":\"si_HtT5BIBIa16I66\",\"tax_amounts\":[],\"tax_rates\":[],\"type\":\"subscription\",\"unique_id\":\"il_1HJg9kCHKNBUNpgkuqsfdocZ\"}],\"has_more\":false,\"total_count\":1,\"url\":\"\\/v1\\/invoices\\/in_1HJg9kCHKNBUNpgkMSXZXisS\\/lines\"},\"livemode\":false,\"metadata\":[],\"next_payment_attempt\":null,\"number\":\"572B72CF-0001\",\"paid\":true,\"payment_intent\":null,\"period_end\":1598277376,\"period_start\":1598277376,\"post_payment_credit_notes_amount\":0,\"pre_payment_credit_notes_amount\":0,\"receipt_number\":null,\"starting_balance\":0,\"statement_descriptor\":null,\"status\":\"paid\",\"status_transitions\":{\"finalized_at\":1598277376,\"marked_uncollectible_at\":null,\"paid_at\":1598277376,\"voided_at\":null},\"subscription\":\"sub_HtT5sQVPTuyzvA\",\"subtotal\":0,\"tax\":null,\"tax_percent\":null,\"total\":0,\"total_discount_amounts\":[],\"total_tax_amounts\":[],\"transfer_data\":null,\"webhooks_delivered_at\":null}},\"livemode\":false,\"pending_webhooks\":2,\"request\":{\"id\":\"req_NohPANnhnCr5nZ\",\"idempotency_key\":null},\"type\":\"invoice.paid\"}',	'2020-08-24 13:56:19'),
(19,	'1598400000',	'invoice.paid',	'{\"id\":\"evt_1HJg9mCHKNBUNpgkmRMnph1v\",\"object\":\"event\",\"api_version\":\"2018-10-31\",\"created\":1598277377,\"data\":{\"object\":{\"id\":\"in_1HJg9kCHKNBUNpgkMSXZXisS\",\"object\":\"invoice\",\"account_country\":\"DK\",\"account_name\":\"MealTicket\",\"amount_due\":0,\"amount_paid\":0,\"amount_remaining\":0,\"application_fee\":null,\"attempt_count\":0,\"attempted\":true,\"auto_advance\":false,\"billing\":\"charge_automatically\",\"billing_reason\":\"subscription_create\",\"charge\":null,\"closed\":true,\"collection_method\":\"charge_automatically\",\"created\":1598277376,\"currency\":\"dkk\",\"custom_fields\":null,\"customer\":\"cus_HtT59aq0UTvhp8\",\"customer_address\":null,\"customer_email\":\"stranden93@gmail.com\",\"customer_name\":\"Martin Christensen\",\"customer_phone\":\"24618067\",\"customer_shipping\":null,\"customer_tax_exempt\":\"none\",\"customer_tax_ids\":[],\"date\":1598277376,\"default_payment_method\":null,\"default_source\":null,\"default_tax_rates\":[],\"description\":null,\"discount\":null,\"discounts\":[],\"due_date\":null,\"ending_balance\":0,\"finalized_at\":1598277376,\"footer\":null,\"forgiven\":false,\"hosted_invoice_url\":\"https:\\/\\/pay.stripe.com\\/invoice\\/acct_1DTVcrCHKNBUNpgk\\/invst_HtT5pHLNUyhxgHtbK0ScdtOu1dahTve\",\"invoice_pdf\":\"https:\\/\\/pay.stripe.com\\/invoice\\/acct_1DTVcrCHKNBUNpgk\\/invst_HtT5pHLNUyhxgHtbK0ScdtOu1dahTve\\/pdf\",\"lines\":{\"object\":\"list\",\"data\":[{\"id\":\"sli_3cee5269384305\",\"object\":\"line_item\",\"amount\":0,\"currency\":\"dkk\",\"description\":\"Trial period for Junior\",\"discount_amounts\":[],\"discountable\":true,\"discounts\":[],\"livemode\":false,\"metadata\":[],\"period\":{\"end\":1598400000,\"start\":1598277376},\"plan\":{\"id\":\"price_1HJZ6BCHKNBUNpgkKgGnC5xT\",\"object\":\"plan\",\"active\":true,\"aggregate_usage\":null,\"amount\":3800,\"amount_decimal\":\"3800\",\"billing_scheme\":\"per_unit\",\"created\":1598250247,\"currency\":\"dkk\",\"interval\":\"week\",\"interval_count\":1,\"livemode\":false,\"metadata\":[],\"nickname\":null,\"product\":\"prod_HtLnMRfxhVyUsI\",\"tiers\":null,\"tiers_mode\":null,\"transform_usage\":null,\"trial_period_days\":2,\"usage_type\":\"licensed\"},\"price\":{\"id\":\"price_1HJZ6BCHKNBUNpgkKgGnC5xT\",\"object\":\"price\",\"active\":true,\"billing_scheme\":\"per_unit\",\"created\":1598250247,\"currency\":\"dkk\",\"livemode\":false,\"lookup_key\":null,\"metadata\":[],\"nickname\":null,\"product\":\"prod_HtLnMRfxhVyUsI\",\"recurring\":{\"aggregate_usage\":null,\"interval\":\"week\",\"interval_count\":1,\"trial_period_days\":2,\"usage_type\":\"licensed\"},\"tiers_mode\":null,\"transform_quantity\":null,\"type\":\"recurring\",\"unit_amount\":3800,\"unit_amount_decimal\":\"3800\"},\"proration\":false,\"quantity\":1,\"subscription\":\"sub_HtT5sQVPTuyzvA\",\"subscription_item\":\"si_HtT5BIBIa16I66\",\"tax_amounts\":[],\"tax_rates\":[],\"type\":\"subscription\",\"unique_id\":\"il_1HJg9kCHKNBUNpgkuqsfdocZ\"}],\"has_more\":false,\"total_count\":1,\"url\":\"\\/v1\\/invoices\\/in_1HJg9kCHKNBUNpgkMSXZXisS\\/lines\"},\"livemode\":false,\"metadata\":[],\"next_payment_attempt\":null,\"number\":\"572B72CF-0001\",\"paid\":true,\"payment_intent\":null,\"period_end\":1598277376,\"period_start\":1598277376,\"post_payment_credit_notes_amount\":0,\"pre_payment_credit_notes_amount\":0,\"receipt_number\":null,\"starting_balance\":0,\"statement_descriptor\":null,\"status\":\"paid\",\"status_transitions\":{\"finalized_at\":1598277376,\"marked_uncollectible_at\":null,\"paid_at\":1598277376,\"voided_at\":null},\"subscription\":\"sub_HtT5sQVPTuyzvA\",\"subtotal\":0,\"tax\":null,\"tax_percent\":null,\"total\":0,\"total_discount_amounts\":[],\"total_tax_amounts\":[],\"transfer_data\":null,\"webhooks_delivered_at\":null}},\"livemode\":false,\"pending_webhooks\":2,\"request\":{\"id\":\"req_NohPANnhnCr5nZ\",\"idempotency_key\":null},\"type\":\"invoice.paid\"}',	'2020-08-24 13:56:19'),
(20,	'',	'charge.succeeded',	'{\"id\":\"evt_1HJgBVCHKNBUNpgkhFmmjvFn\",\"object\":\"event\",\"api_version\":\"2018-10-31\",\"created\":1598277484,\"data\":{\"object\":{\"id\":\"ch_1HJgBUCHKNBUNpgk7HgJL4OH\",\"object\":\"charge\",\"amount\":10000,\"amount_refunded\":0,\"application\":null,\"application_fee\":null,\"application_fee_amount\":null,\"balance_transaction\":\"txn_1HJgBUCHKNBUNpgkQcSoUvYt\",\"billing_details\":{\"address\":{\"city\":null,\"country\":null,\"line1\":null,\"line2\":null,\"postal_code\":\"44444\",\"state\":null},\"email\":null,\"name\":\"Martin\",\"phone\":null},\"calculated_statement_descriptor\":\"MEALTICKET\",\"captured\":true,\"created\":1598277484,\"currency\":\"dkk\",\"customer\":\"cus_HtT59aq0UTvhp8\",\"description\":null,\"destination\":null,\"dispute\":null,\"disputed\":false,\"failure_code\":null,\"failure_message\":null,\"fraud_details\":[],\"invoice\":null,\"livemode\":false,\"metadata\":[],\"on_behalf_of\":null,\"order\":null,\"outcome\":{\"network_status\":\"approved_by_network\",\"reason\":null,\"risk_level\":\"normal\",\"risk_score\":12,\"seller_message\":\"Payment complete.\",\"type\":\"authorized\"},\"paid\":true,\"payment_intent\":\"pi_1HJgB5CHKNBUNpgkByU4USJq\",\"payment_method\":\"pm_1HJgBTCHKNBUNpgknwYItqsh\",\"payment_method_details\":{\"card\":{\"brand\":\"visa\",\"checks\":{\"address_line1_check\":null,\"address_postal_code_check\":\"pass\",\"cvc_check\":\"pass\"},\"country\":\"US\",\"exp_month\":4,\"exp_year\":2044,\"fingerprint\":\"663QPYdZgNc6hEkp\",\"funding\":\"credit\",\"installments\":null,\"last4\":\"4242\",\"network\":\"visa\",\"three_d_secure\":null,\"wallet\":null},\"type\":\"card\"},\"receipt_email\":null,\"receipt_number\":null,\"receipt_url\":\"https:\\/\\/pay.stripe.com\\/receipts\\/acct_1DTVcrCHKNBUNpgk\\/ch_1HJgBUCHKNBUNpgk7HgJL4OH\\/rcpt_HtT7jeGKB36sknjirMUV79v0vgRek0Z\",\"refunded\":false,\"refunds\":{\"object\":\"list\",\"data\":[],\"has_more\":false,\"total_count\":0,\"url\":\"\\/v1\\/charges\\/ch_1HJgBUCHKNBUNpgk7HgJL4OH\\/refunds\"},\"review\":null,\"shipping\":null,\"source\":null,\"source_transfer\":null,\"statement_descriptor\":null,\"statement_descriptor_suffix\":null,\"status\":\"succeeded\",\"transfer_data\":null,\"transfer_group\":null}},\"livemode\":false,\"pending_webhooks\":4,\"request\":{\"id\":\"req_ALtGgk1wJDIvnW\",\"idempotency_key\":null},\"type\":\"charge.succeeded\"}',	'2020-08-24 13:58:06'),
(21,	'',	'customer.subscription.deleted',	'{\"id\":\"evt_1HJh5gCHKNBUNpgkzjlxPSmP\",\"object\":\"event\",\"api_version\":\"2018-10-31\",\"created\":1598280968,\"data\":{\"object\":{\"id\":\"sub_HtQsLO7fRtf51X\",\"object\":\"subscription\",\"application_fee_percent\":null,\"billing\":\"charge_automatically\",\"billing_cycle_anchor\":1598400000,\"billing_thresholds\":null,\"cancel_at\":null,\"cancel_at_period_end\":false,\"canceled_at\":1598280968,\"collection_method\":\"charge_automatically\",\"created\":1598269150,\"current_period_end\":1598400000,\"current_period_start\":1598269150,\"customer\":\"cus_HtQBDsofxzGzmw\",\"days_until_due\":null,\"default_payment_method\":null,\"default_source\":null,\"default_tax_rates\":[],\"discount\":null,\"ended_at\":1598280968,\"invoice_customer_balance_settings\":{\"consume_applied_balance_on_void\":true},\"items\":{\"object\":\"list\",\"data\":[{\"id\":\"si_HtQs6vmR0xwT3l\",\"object\":\"subscription_item\",\"billing_thresholds\":null,\"created\":1598269152,\"metadata\":[],\"plan\":{\"id\":\"price_1HJZ6BCHKNBUNpgkKgGnC5xT\",\"object\":\"plan\",\"active\":true,\"aggregate_usage\":null,\"amount\":3800,\"amount_decimal\":\"3800\",\"billing_scheme\":\"per_unit\",\"created\":1598250247,\"currency\":\"dkk\",\"interval\":\"week\",\"interval_count\":1,\"livemode\":false,\"metadata\":[],\"nickname\":null,\"product\":\"prod_HtLnMRfxhVyUsI\",\"tiers\":null,\"tiers_mode\":null,\"transform_usage\":null,\"trial_period_days\":2,\"usage_type\":\"licensed\"},\"price\":{\"id\":\"price_1HJZ6BCHKNBUNpgkKgGnC5xT\",\"object\":\"price\",\"active\":true,\"billing_scheme\":\"per_unit\",\"created\":1598250247,\"currency\":\"dkk\",\"livemode\":false,\"lookup_key\":null,\"metadata\":[],\"nickname\":null,\"product\":\"prod_HtLnMRfxhVyUsI\",\"recurring\":{\"aggregate_usage\":null,\"interval\":\"week\",\"interval_count\":1,\"trial_period_days\":2,\"usage_type\":\"licensed\"},\"tiers_mode\":null,\"transform_quantity\":null,\"type\":\"recurring\",\"unit_amount\":3800,\"unit_amount_decimal\":\"3800\"},\"quantity\":1,\"subscription\":\"sub_HtQsLO7fRtf51X\",\"tax_rates\":[]}],\"has_more\":false,\"total_count\":1,\"url\":\"\\/v1\\/subscription_items?subscription=sub_HtQsLO7fRtf51X\"},\"latest_invoice\":\"in_1HJe15CHKNBUNpgkuJkMwolI\",\"livemode\":false,\"metadata\":[],\"next_pending_invoice_item_invoice\":null,\"pause_collection\":null,\"pending_invoice_item_interval\":null,\"pending_setup_intent\":null,\"pending_update\":null,\"plan\":{\"id\":\"price_1HJZ6BCHKNBUNpgkKgGnC5xT\",\"object\":\"plan\",\"active\":true,\"aggregate_usage\":null,\"amount\":3800,\"amount_decimal\":\"3800\",\"billing_scheme\":\"per_unit\",\"created\":1598250247,\"currency\":\"dkk\",\"interval\":\"week\",\"interval_count\":1,\"livemode\":false,\"metadata\":[],\"nickname\":null,\"product\":\"prod_HtLnMRfxhVyUsI\",\"tiers\":null,\"tiers_mode\":null,\"transform_usage\":null,\"trial_period_days\":2,\"usage_type\":\"licensed\"},\"quantity\":1,\"schedule\":null,\"start\":1598269150,\"start_date\":1598269150,\"status\":\"canceled\",\"tax_percent\":null,\"transfer_data\":null,\"trial_end\":1598400000,\"trial_start\":1598269150}},\"livemode\":false,\"pending_webhooks\":3,\"request\":{\"id\":\"req_dfumDxVJuSrUMD\",\"idempotency_key\":null},\"type\":\"customer.subscription.deleted\"}',	'2020-08-24 14:56:10'),
(22,	'',	'invoice.paid',	'{\"id\":\"evt_1HJhQvCHKNBUNpgkSKo3Tnob\",\"object\":\"event\",\"api_version\":\"2018-10-31\",\"created\":1598282283,\"data\":{\"object\":{\"id\":\"in_1HJhQtCHKNBUNpgkN88ZBrfv\",\"object\":\"invoice\",\"account_country\":\"DK\",\"account_name\":\"MealTicket\",\"amount_due\":0,\"amount_paid\":0,\"amount_remaining\":0,\"application_fee\":null,\"attempt_count\":0,\"attempted\":true,\"auto_advance\":false,\"billing\":\"charge_automatically\",\"billing_reason\":\"subscription_create\",\"charge\":null,\"closed\":true,\"collection_method\":\"charge_automatically\",\"created\":1598282283,\"currency\":\"dkk\",\"custom_fields\":null,\"customer\":\"cus_HtUPIVaLqdrM1E\",\"customer_address\":null,\"customer_email\":\"Oliver@gmail.com\",\"customer_name\":\"Oliver Basse\",\"customer_phone\":\"60350954\",\"customer_shipping\":null,\"customer_tax_exempt\":\"none\",\"customer_tax_ids\":[],\"date\":1598282283,\"default_payment_method\":null,\"default_source\":null,\"default_tax_rates\":[],\"description\":null,\"discount\":null,\"discounts\":[],\"due_date\":null,\"ending_balance\":0,\"finalized_at\":1598282283,\"footer\":null,\"forgiven\":false,\"hosted_invoice_url\":\"https:\\/\\/pay.stripe.com\\/invoice\\/acct_1DTVcrCHKNBUNpgk\\/invst_HtUPPrtIlhUtfXNkfxft4G5XchdUDGS\",\"invoice_pdf\":\"https:\\/\\/pay.stripe.com\\/invoice\\/acct_1DTVcrCHKNBUNpgk\\/invst_HtUPPrtIlhUtfXNkfxft4G5XchdUDGS\\/pdf\",\"lines\":{\"object\":\"list\",\"data\":[{\"id\":\"sli_b5b7a8953f779b\",\"object\":\"line_item\",\"amount\":0,\"currency\":\"dkk\",\"description\":\"Trial period for Junior\",\"discount_amounts\":[],\"discountable\":true,\"discounts\":[],\"livemode\":false,\"metadata\":[],\"period\":{\"end\":1598400000,\"start\":1598282283},\"plan\":{\"id\":\"price_1HJZ6BCHKNBUNpgkKgGnC5xT\",\"object\":\"plan\",\"active\":true,\"aggregate_usage\":null,\"amount\":3800,\"amount_decimal\":\"3800\",\"billing_scheme\":\"per_unit\",\"created\":1598250247,\"currency\":\"dkk\",\"interval\":\"week\",\"interval_count\":1,\"livemode\":false,\"metadata\":[],\"nickname\":null,\"product\":\"prod_HtLnMRfxhVyUsI\",\"tiers\":null,\"tiers_mode\":null,\"transform_usage\":null,\"trial_period_days\":2,\"usage_type\":\"licensed\"},\"price\":{\"id\":\"price_1HJZ6BCHKNBUNpgkKgGnC5xT\",\"object\":\"price\",\"active\":true,\"billing_scheme\":\"per_unit\",\"created\":1598250247,\"currency\":\"dkk\",\"livemode\":false,\"lookup_key\":null,\"metadata\":[],\"nickname\":null,\"product\":\"prod_HtLnMRfxhVyUsI\",\"recurring\":{\"aggregate_usage\":null,\"interval\":\"week\",\"interval_count\":1,\"trial_period_days\":2,\"usage_type\":\"licensed\"},\"tiers_mode\":null,\"transform_quantity\":null,\"type\":\"recurring\",\"unit_amount\":3800,\"unit_amount_decimal\":\"3800\"},\"proration\":false,\"quantity\":1,\"subscription\":\"sub_HtUPL7gmUkkBWK\",\"subscription_item\":\"si_HtUPpz2ym7EJhx\",\"tax_amounts\":[],\"tax_rates\":[],\"type\":\"subscription\",\"unique_id\":\"il_1HJhQtCHKNBUNpgkk61PFayZ\"}],\"has_more\":false,\"total_count\":1,\"url\":\"\\/v1\\/invoices\\/in_1HJhQtCHKNBUNpgkN88ZBrfv\\/lines\"},\"livemode\":false,\"metadata\":[],\"next_payment_attempt\":null,\"number\":\"1C68C074-0001\",\"paid\":true,\"payment_intent\":null,\"period_end\":1598282283,\"period_start\":1598282283,\"post_payment_credit_notes_amount\":0,\"pre_payment_credit_notes_amount\":0,\"receipt_number\":null,\"starting_balance\":0,\"statement_descriptor\":null,\"status\":\"paid\",\"status_transitions\":{\"finalized_at\":1598282283,\"marked_uncollectible_at\":null,\"paid_at\":1598282283,\"voided_at\":null},\"subscription\":\"sub_HtUPL7gmUkkBWK\",\"subtotal\":0,\"tax\":null,\"tax_percent\":null,\"total\":0,\"total_discount_amounts\":[],\"total_tax_amounts\":[],\"transfer_data\":null,\"webhooks_delivered_at\":null}},\"livemode\":false,\"pending_webhooks\":2,\"request\":{\"id\":\"req_AAEthQUBDrUals\",\"idempotency_key\":null},\"type\":\"invoice.paid\"}',	'2020-08-24 15:18:06'),
(23,	'1598400000',	'invoice.paid',	'{\"id\":\"evt_1HJhQvCHKNBUNpgkSKo3Tnob\",\"object\":\"event\",\"api_version\":\"2018-10-31\",\"created\":1598282283,\"data\":{\"object\":{\"id\":\"in_1HJhQtCHKNBUNpgkN88ZBrfv\",\"object\":\"invoice\",\"account_country\":\"DK\",\"account_name\":\"MealTicket\",\"amount_due\":0,\"amount_paid\":0,\"amount_remaining\":0,\"application_fee\":null,\"attempt_count\":0,\"attempted\":true,\"auto_advance\":false,\"billing\":\"charge_automatically\",\"billing_reason\":\"subscription_create\",\"charge\":null,\"closed\":true,\"collection_method\":\"charge_automatically\",\"created\":1598282283,\"currency\":\"dkk\",\"custom_fields\":null,\"customer\":\"cus_HtUPIVaLqdrM1E\",\"customer_address\":null,\"customer_email\":\"Oliver@gmail.com\",\"customer_name\":\"Oliver Basse\",\"customer_phone\":\"60350954\",\"customer_shipping\":null,\"customer_tax_exempt\":\"none\",\"customer_tax_ids\":[],\"date\":1598282283,\"default_payment_method\":null,\"default_source\":null,\"default_tax_rates\":[],\"description\":null,\"discount\":null,\"discounts\":[],\"due_date\":null,\"ending_balance\":0,\"finalized_at\":1598282283,\"footer\":null,\"forgiven\":false,\"hosted_invoice_url\":\"https:\\/\\/pay.stripe.com\\/invoice\\/acct_1DTVcrCHKNBUNpgk\\/invst_HtUPPrtIlhUtfXNkfxft4G5XchdUDGS\",\"invoice_pdf\":\"https:\\/\\/pay.stripe.com\\/invoice\\/acct_1DTVcrCHKNBUNpgk\\/invst_HtUPPrtIlhUtfXNkfxft4G5XchdUDGS\\/pdf\",\"lines\":{\"object\":\"list\",\"data\":[{\"id\":\"sli_b5b7a8953f779b\",\"object\":\"line_item\",\"amount\":0,\"currency\":\"dkk\",\"description\":\"Trial period for Junior\",\"discount_amounts\":[],\"discountable\":true,\"discounts\":[],\"livemode\":false,\"metadata\":[],\"period\":{\"end\":1598400000,\"start\":1598282283},\"plan\":{\"id\":\"price_1HJZ6BCHKNBUNpgkKgGnC5xT\",\"object\":\"plan\",\"active\":true,\"aggregate_usage\":null,\"amount\":3800,\"amount_decimal\":\"3800\",\"billing_scheme\":\"per_unit\",\"created\":1598250247,\"currency\":\"dkk\",\"interval\":\"week\",\"interval_count\":1,\"livemode\":false,\"metadata\":[],\"nickname\":null,\"product\":\"prod_HtLnMRfxhVyUsI\",\"tiers\":null,\"tiers_mode\":null,\"transform_usage\":null,\"trial_period_days\":2,\"usage_type\":\"licensed\"},\"price\":{\"id\":\"price_1HJZ6BCHKNBUNpgkKgGnC5xT\",\"object\":\"price\",\"active\":true,\"billing_scheme\":\"per_unit\",\"created\":1598250247,\"currency\":\"dkk\",\"livemode\":false,\"lookup_key\":null,\"metadata\":[],\"nickname\":null,\"product\":\"prod_HtLnMRfxhVyUsI\",\"recurring\":{\"aggregate_usage\":null,\"interval\":\"week\",\"interval_count\":1,\"trial_period_days\":2,\"usage_type\":\"licensed\"},\"tiers_mode\":null,\"transform_quantity\":null,\"type\":\"recurring\",\"unit_amount\":3800,\"unit_amount_decimal\":\"3800\"},\"proration\":false,\"quantity\":1,\"subscription\":\"sub_HtUPL7gmUkkBWK\",\"subscription_item\":\"si_HtUPpz2ym7EJhx\",\"tax_amounts\":[],\"tax_rates\":[],\"type\":\"subscription\",\"unique_id\":\"il_1HJhQtCHKNBUNpgkk61PFayZ\"}],\"has_more\":false,\"total_count\":1,\"url\":\"\\/v1\\/invoices\\/in_1HJhQtCHKNBUNpgkN88ZBrfv\\/lines\"},\"livemode\":false,\"metadata\":[],\"next_payment_attempt\":null,\"number\":\"1C68C074-0001\",\"paid\":true,\"payment_intent\":null,\"period_end\":1598282283,\"period_start\":1598282283,\"post_payment_credit_notes_amount\":0,\"pre_payment_credit_notes_amount\":0,\"receipt_number\":null,\"starting_balance\":0,\"statement_descriptor\":null,\"status\":\"paid\",\"status_transitions\":{\"finalized_at\":1598282283,\"marked_uncollectible_at\":null,\"paid_at\":1598282283,\"voided_at\":null},\"subscription\":\"sub_HtUPL7gmUkkBWK\",\"subtotal\":0,\"tax\":null,\"tax_percent\":null,\"total\":0,\"total_discount_amounts\":[],\"total_tax_amounts\":[],\"transfer_data\":null,\"webhooks_delivered_at\":null}},\"livemode\":false,\"pending_webhooks\":2,\"request\":{\"id\":\"req_AAEthQUBDrUals\",\"idempotency_key\":null},\"type\":\"invoice.paid\"}',	'2020-08-24 15:18:06'),
(24,	'',	'customer.subscription.deleted',	'{\"id\":\"evt_1HJhULCHKNBUNpgkxoKH33yK\",\"object\":\"event\",\"api_version\":\"2018-10-31\",\"created\":1598282497,\"data\":{\"object\":{\"id\":\"sub_HtUPL7gmUkkBWK\",\"object\":\"subscription\",\"application_fee_percent\":null,\"billing\":\"charge_automatically\",\"billing_cycle_anchor\":1598400000,\"billing_thresholds\":null,\"cancel_at\":null,\"cancel_at_period_end\":false,\"canceled_at\":1598282497,\"collection_method\":\"charge_automatically\",\"created\":1598282283,\"current_period_end\":1598400000,\"current_period_start\":1598282283,\"customer\":\"cus_HtUPIVaLqdrM1E\",\"days_until_due\":null,\"default_payment_method\":null,\"default_source\":null,\"default_tax_rates\":[],\"discount\":null,\"ended_at\":1598282497,\"invoice_customer_balance_settings\":{\"consume_applied_balance_on_void\":true},\"items\":{\"object\":\"list\",\"data\":[{\"id\":\"si_HtUPpz2ym7EJhx\",\"object\":\"subscription_item\",\"billing_thresholds\":null,\"created\":1598282283,\"metadata\":[],\"plan\":{\"id\":\"price_1HJZ6BCHKNBUNpgkKgGnC5xT\",\"object\":\"plan\",\"active\":true,\"aggregate_usage\":null,\"amount\":3800,\"amount_decimal\":\"3800\",\"billing_scheme\":\"per_unit\",\"created\":1598250247,\"currency\":\"dkk\",\"interval\":\"week\",\"interval_count\":1,\"livemode\":false,\"metadata\":[],\"nickname\":null,\"product\":\"prod_HtLnMRfxhVyUsI\",\"tiers\":null,\"tiers_mode\":null,\"transform_usage\":null,\"trial_period_days\":2,\"usage_type\":\"licensed\"},\"price\":{\"id\":\"price_1HJZ6BCHKNBUNpgkKgGnC5xT\",\"object\":\"price\",\"active\":true,\"billing_scheme\":\"per_unit\",\"created\":1598250247,\"currency\":\"dkk\",\"livemode\":false,\"lookup_key\":null,\"metadata\":[],\"nickname\":null,\"product\":\"prod_HtLnMRfxhVyUsI\",\"recurring\":{\"aggregate_usage\":null,\"interval\":\"week\",\"interval_count\":1,\"trial_period_days\":2,\"usage_type\":\"licensed\"},\"tiers_mode\":null,\"transform_quantity\":null,\"type\":\"recurring\",\"unit_amount\":3800,\"unit_amount_decimal\":\"3800\"},\"quantity\":1,\"subscription\":\"sub_HtUPL7gmUkkBWK\",\"tax_rates\":[]}],\"has_more\":false,\"total_count\":1,\"url\":\"\\/v1\\/subscription_items?subscription=sub_HtUPL7gmUkkBWK\"},\"latest_invoice\":\"in_1HJhQtCHKNBUNpgkN88ZBrfv\",\"livemode\":false,\"metadata\":[],\"next_pending_invoice_item_invoice\":null,\"pause_collection\":null,\"pending_invoice_item_interval\":null,\"pending_setup_intent\":null,\"pending_update\":null,\"plan\":{\"id\":\"price_1HJZ6BCHKNBUNpgkKgGnC5xT\",\"object\":\"plan\",\"active\":true,\"aggregate_usage\":null,\"amount\":3800,\"amount_decimal\":\"3800\",\"billing_scheme\":\"per_unit\",\"created\":1598250247,\"currency\":\"dkk\",\"interval\":\"week\",\"interval_count\":1,\"livemode\":false,\"metadata\":[],\"nickname\":null,\"product\":\"prod_HtLnMRfxhVyUsI\",\"tiers\":null,\"tiers_mode\":null,\"transform_usage\":null,\"trial_period_days\":2,\"usage_type\":\"licensed\"},\"quantity\":1,\"schedule\":null,\"start\":1598282283,\"start_date\":1598282283,\"status\":\"canceled\",\"tax_percent\":null,\"transfer_data\":null,\"trial_end\":1598400000,\"trial_start\":1598282283}},\"livemode\":false,\"pending_webhooks\":3,\"request\":{\"id\":\"req_YHin6gJkZCtqiZ\",\"idempotency_key\":null},\"type\":\"customer.subscription.deleted\"}',	'2020-08-24 15:21:38'),
(25,	'',	'invoice.paid',	'{\"id\":\"evt_1HJhWNCHKNBUNpgkB9Uqtnwh\",\"object\":\"event\",\"api_version\":\"2018-10-31\",\"created\":1598282622,\"data\":{\"object\":{\"id\":\"in_1HJhWLCHKNBUNpgkePlVzphR\",\"object\":\"invoice\",\"account_country\":\"DK\",\"account_name\":\"MealTicket\",\"amount_due\":0,\"amount_paid\":0,\"amount_remaining\":0,\"application_fee\":null,\"attempt_count\":0,\"attempted\":true,\"auto_advance\":false,\"billing\":\"charge_automatically\",\"billing_reason\":\"subscription_create\",\"charge\":null,\"closed\":true,\"collection_method\":\"charge_automatically\",\"created\":1598282621,\"currency\":\"dkk\",\"custom_fields\":null,\"customer\":\"cus_HtUVV2zlkjmTmb\",\"customer_address\":null,\"customer_email\":\"William01@gmail.com\",\"customer_name\":\"William Gormsen\",\"customer_phone\":\"30743143\",\"customer_shipping\":null,\"customer_tax_exempt\":\"none\",\"customer_tax_ids\":[],\"date\":1598282621,\"default_payment_method\":null,\"default_source\":null,\"default_tax_rates\":[],\"description\":null,\"discount\":null,\"discounts\":[],\"due_date\":null,\"ending_balance\":0,\"finalized_at\":1598282621,\"footer\":null,\"forgiven\":false,\"hosted_invoice_url\":\"https:\\/\\/pay.stripe.com\\/invoice\\/acct_1DTVcrCHKNBUNpgk\\/invst_HtUVfS1lmJmzYmYM3NPHlQz8NTzLDvB\",\"invoice_pdf\":\"https:\\/\\/pay.stripe.com\\/invoice\\/acct_1DTVcrCHKNBUNpgk\\/invst_HtUVfS1lmJmzYmYM3NPHlQz8NTzLDvB\\/pdf\",\"lines\":{\"object\":\"list\",\"data\":[{\"id\":\"sli_e200f1d92d64be\",\"object\":\"line_item\",\"amount\":0,\"currency\":\"dkk\",\"description\":\"Trial period for Junior\",\"discount_amounts\":[],\"discountable\":true,\"discounts\":[],\"livemode\":false,\"metadata\":[],\"period\":{\"end\":1598400000,\"start\":1598282621},\"plan\":{\"id\":\"price_1HJZ6BCHKNBUNpgkKgGnC5xT\",\"object\":\"plan\",\"active\":true,\"aggregate_usage\":null,\"amount\":3800,\"amount_decimal\":\"3800\",\"billing_scheme\":\"per_unit\",\"created\":1598250247,\"currency\":\"dkk\",\"interval\":\"week\",\"interval_count\":1,\"livemode\":false,\"metadata\":[],\"nickname\":null,\"product\":\"prod_HtLnMRfxhVyUsI\",\"tiers\":null,\"tiers_mode\":null,\"transform_usage\":null,\"trial_period_days\":2,\"usage_type\":\"licensed\"},\"price\":{\"id\":\"price_1HJZ6BCHKNBUNpgkKgGnC5xT\",\"object\":\"price\",\"active\":true,\"billing_scheme\":\"per_unit\",\"created\":1598250247,\"currency\":\"dkk\",\"livemode\":false,\"lookup_key\":null,\"metadata\":[],\"nickname\":null,\"product\":\"prod_HtLnMRfxhVyUsI\",\"recurring\":{\"aggregate_usage\":null,\"interval\":\"week\",\"interval_count\":1,\"trial_period_days\":2,\"usage_type\":\"licensed\"},\"tiers_mode\":null,\"transform_quantity\":null,\"type\":\"recurring\",\"unit_amount\":3800,\"unit_amount_decimal\":\"3800\"},\"proration\":false,\"quantity\":1,\"subscription\":\"sub_HtUVjmsiHBtiaS\",\"subscription_item\":\"si_HtUVnsT5uI4uQR\",\"tax_amounts\":[],\"tax_rates\":[],\"type\":\"subscription\",\"unique_id\":\"il_1HJhWLCHKNBUNpgkwSkmKLgK\"}],\"has_more\":false,\"total_count\":1,\"url\":\"\\/v1\\/invoices\\/in_1HJhWLCHKNBUNpgkePlVzphR\\/lines\"},\"livemode\":false,\"metadata\":[],\"next_payment_attempt\":null,\"number\":\"87017DC3-0001\",\"paid\":true,\"payment_intent\":null,\"period_end\":1598282621,\"period_start\":1598282621,\"post_payment_credit_notes_amount\":0,\"pre_payment_credit_notes_amount\":0,\"receipt_number\":null,\"starting_balance\":0,\"statement_descriptor\":null,\"status\":\"paid\",\"status_transitions\":{\"finalized_at\":1598282621,\"marked_uncollectible_at\":null,\"paid_at\":1598282621,\"voided_at\":null},\"subscription\":\"sub_HtUVjmsiHBtiaS\",\"subtotal\":0,\"tax\":null,\"tax_percent\":null,\"total\":0,\"total_discount_amounts\":[],\"total_tax_amounts\":[],\"transfer_data\":null,\"webhooks_delivered_at\":null}},\"livemode\":false,\"pending_webhooks\":2,\"request\":{\"id\":\"req_NJgtcII753s5kQ\",\"idempotency_key\":null},\"type\":\"invoice.paid\"}',	'2020-08-24 15:23:44'),
(26,	'1598400000',	'invoice.paid',	'{\"id\":\"evt_1HJhWNCHKNBUNpgkB9Uqtnwh\",\"object\":\"event\",\"api_version\":\"2018-10-31\",\"created\":1598282622,\"data\":{\"object\":{\"id\":\"in_1HJhWLCHKNBUNpgkePlVzphR\",\"object\":\"invoice\",\"account_country\":\"DK\",\"account_name\":\"MealTicket\",\"amount_due\":0,\"amount_paid\":0,\"amount_remaining\":0,\"application_fee\":null,\"attempt_count\":0,\"attempted\":true,\"auto_advance\":false,\"billing\":\"charge_automatically\",\"billing_reason\":\"subscription_create\",\"charge\":null,\"closed\":true,\"collection_method\":\"charge_automatically\",\"created\":1598282621,\"currency\":\"dkk\",\"custom_fields\":null,\"customer\":\"cus_HtUVV2zlkjmTmb\",\"customer_address\":null,\"customer_email\":\"William01@gmail.com\",\"customer_name\":\"William Gormsen\",\"customer_phone\":\"30743143\",\"customer_shipping\":null,\"customer_tax_exempt\":\"none\",\"customer_tax_ids\":[],\"date\":1598282621,\"default_payment_method\":null,\"default_source\":null,\"default_tax_rates\":[],\"description\":null,\"discount\":null,\"discounts\":[],\"due_date\":null,\"ending_balance\":0,\"finalized_at\":1598282621,\"footer\":null,\"forgiven\":false,\"hosted_invoice_url\":\"https:\\/\\/pay.stripe.com\\/invoice\\/acct_1DTVcrCHKNBUNpgk\\/invst_HtUVfS1lmJmzYmYM3NPHlQz8NTzLDvB\",\"invoice_pdf\":\"https:\\/\\/pay.stripe.com\\/invoice\\/acct_1DTVcrCHKNBUNpgk\\/invst_HtUVfS1lmJmzYmYM3NPHlQz8NTzLDvB\\/pdf\",\"lines\":{\"object\":\"list\",\"data\":[{\"id\":\"sli_e200f1d92d64be\",\"object\":\"line_item\",\"amount\":0,\"currency\":\"dkk\",\"description\":\"Trial period for Junior\",\"discount_amounts\":[],\"discountable\":true,\"discounts\":[],\"livemode\":false,\"metadata\":[],\"period\":{\"end\":1598400000,\"start\":1598282621},\"plan\":{\"id\":\"price_1HJZ6BCHKNBUNpgkKgGnC5xT\",\"object\":\"plan\",\"active\":true,\"aggregate_usage\":null,\"amount\":3800,\"amount_decimal\":\"3800\",\"billing_scheme\":\"per_unit\",\"created\":1598250247,\"currency\":\"dkk\",\"interval\":\"week\",\"interval_count\":1,\"livemode\":false,\"metadata\":[],\"nickname\":null,\"product\":\"prod_HtLnMRfxhVyUsI\",\"tiers\":null,\"tiers_mode\":null,\"transform_usage\":null,\"trial_period_days\":2,\"usage_type\":\"licensed\"},\"price\":{\"id\":\"price_1HJZ6BCHKNBUNpgkKgGnC5xT\",\"object\":\"price\",\"active\":true,\"billing_scheme\":\"per_unit\",\"created\":1598250247,\"currency\":\"dkk\",\"livemode\":false,\"lookup_key\":null,\"metadata\":[],\"nickname\":null,\"product\":\"prod_HtLnMRfxhVyUsI\",\"recurring\":{\"aggregate_usage\":null,\"interval\":\"week\",\"interval_count\":1,\"trial_period_days\":2,\"usage_type\":\"licensed\"},\"tiers_mode\":null,\"transform_quantity\":null,\"type\":\"recurring\",\"unit_amount\":3800,\"unit_amount_decimal\":\"3800\"},\"proration\":false,\"quantity\":1,\"subscription\":\"sub_HtUVjmsiHBtiaS\",\"subscription_item\":\"si_HtUVnsT5uI4uQR\",\"tax_amounts\":[],\"tax_rates\":[],\"type\":\"subscription\",\"unique_id\":\"il_1HJhWLCHKNBUNpgkwSkmKLgK\"}],\"has_more\":false,\"total_count\":1,\"url\":\"\\/v1\\/invoices\\/in_1HJhWLCHKNBUNpgkePlVzphR\\/lines\"},\"livemode\":false,\"metadata\":[],\"next_payment_attempt\":null,\"number\":\"87017DC3-0001\",\"paid\":true,\"payment_intent\":null,\"period_end\":1598282621,\"period_start\":1598282621,\"post_payment_credit_notes_amount\":0,\"pre_payment_credit_notes_amount\":0,\"receipt_number\":null,\"starting_balance\":0,\"statement_descriptor\":null,\"status\":\"paid\",\"status_transitions\":{\"finalized_at\":1598282621,\"marked_uncollectible_at\":null,\"paid_at\":1598282621,\"voided_at\":null},\"subscription\":\"sub_HtUVjmsiHBtiaS\",\"subtotal\":0,\"tax\":null,\"tax_percent\":null,\"total\":0,\"total_discount_amounts\":[],\"total_tax_amounts\":[],\"transfer_data\":null,\"webhooks_delivered_at\":null}},\"livemode\":false,\"pending_webhooks\":2,\"request\":{\"id\":\"req_NJgtcII753s5kQ\",\"idempotency_key\":null},\"type\":\"invoice.paid\"}',	'2020-08-24 15:23:44'),
(27,	'',	'customer.subscription.deleted',	'{\"id\":\"evt_1HJhXICHKNBUNpgkhuVDl2tL\",\"object\":\"event\",\"api_version\":\"2018-10-31\",\"created\":1598282680,\"data\":{\"object\":{\"id\":\"sub_HtUVjmsiHBtiaS\",\"object\":\"subscription\",\"application_fee_percent\":null,\"billing\":\"charge_automatically\",\"billing_cycle_anchor\":1598400000,\"billing_thresholds\":null,\"cancel_at\":null,\"cancel_at_period_end\":false,\"canceled_at\":1598282680,\"collection_method\":\"charge_automatically\",\"created\":1598282621,\"current_period_end\":1598400000,\"current_period_start\":1598282621,\"customer\":\"cus_HtUVV2zlkjmTmb\",\"days_until_due\":null,\"default_payment_method\":null,\"default_source\":null,\"default_tax_rates\":[],\"discount\":null,\"ended_at\":1598282680,\"invoice_customer_balance_settings\":{\"consume_applied_balance_on_void\":true},\"items\":{\"object\":\"list\",\"data\":[{\"id\":\"si_HtUVnsT5uI4uQR\",\"object\":\"subscription_item\",\"billing_thresholds\":null,\"created\":1598282622,\"metadata\":[],\"plan\":{\"id\":\"price_1HJZ6BCHKNBUNpgkKgGnC5xT\",\"object\":\"plan\",\"active\":true,\"aggregate_usage\":null,\"amount\":3800,\"amount_decimal\":\"3800\",\"billing_scheme\":\"per_unit\",\"created\":1598250247,\"currency\":\"dkk\",\"interval\":\"week\",\"interval_count\":1,\"livemode\":false,\"metadata\":[],\"nickname\":null,\"product\":\"prod_HtLnMRfxhVyUsI\",\"tiers\":null,\"tiers_mode\":null,\"transform_usage\":null,\"trial_period_days\":2,\"usage_type\":\"licensed\"},\"price\":{\"id\":\"price_1HJZ6BCHKNBUNpgkKgGnC5xT\",\"object\":\"price\",\"active\":true,\"billing_scheme\":\"per_unit\",\"created\":1598250247,\"currency\":\"dkk\",\"livemode\":false,\"lookup_key\":null,\"metadata\":[],\"nickname\":null,\"product\":\"prod_HtLnMRfxhVyUsI\",\"recurring\":{\"aggregate_usage\":null,\"interval\":\"week\",\"interval_count\":1,\"trial_period_days\":2,\"usage_type\":\"licensed\"},\"tiers_mode\":null,\"transform_quantity\":null,\"type\":\"recurring\",\"unit_amount\":3800,\"unit_amount_decimal\":\"3800\"},\"quantity\":1,\"subscription\":\"sub_HtUVjmsiHBtiaS\",\"tax_rates\":[]}],\"has_more\":false,\"total_count\":1,\"url\":\"\\/v1\\/subscription_items?subscription=sub_HtUVjmsiHBtiaS\"},\"latest_invoice\":\"in_1HJhWLCHKNBUNpgkePlVzphR\",\"livemode\":false,\"metadata\":[],\"next_pending_invoice_item_invoice\":null,\"pause_collection\":null,\"pending_invoice_item_interval\":null,\"pending_setup_intent\":null,\"pending_update\":null,\"plan\":{\"id\":\"price_1HJZ6BCHKNBUNpgkKgGnC5xT\",\"object\":\"plan\",\"active\":true,\"aggregate_usage\":null,\"amount\":3800,\"amount_decimal\":\"3800\",\"billing_scheme\":\"per_unit\",\"created\":1598250247,\"currency\":\"dkk\",\"interval\":\"week\",\"interval_count\":1,\"livemode\":false,\"metadata\":[],\"nickname\":null,\"product\":\"prod_HtLnMRfxhVyUsI\",\"tiers\":null,\"tiers_mode\":null,\"transform_usage\":null,\"trial_period_days\":2,\"usage_type\":\"licensed\"},\"quantity\":1,\"schedule\":null,\"start\":1598282621,\"start_date\":1598282621,\"status\":\"canceled\",\"tax_percent\":null,\"transfer_data\":null,\"trial_end\":1598400000,\"trial_start\":1598282621}},\"livemode\":false,\"pending_webhooks\":3,\"request\":{\"id\":\"req_lVE2ZBkRVGXo7L\",\"idempotency_key\":null},\"type\":\"customer.subscription.deleted\"}',	'2020-08-24 15:24:41'),
(28,	'',	'invoice.paid',	'{\"id\":\"evt_1HJheqCHKNBUNpgkN632zv6g\",\"object\":\"event\",\"api_version\":\"2018-10-31\",\"created\":1598283147,\"data\":{\"object\":{\"id\":\"in_1HJhepCHKNBUNpgk1GA5FuTn\",\"object\":\"invoice\",\"account_country\":\"DK\",\"account_name\":\"MealTicket\",\"amount_due\":0,\"amount_paid\":0,\"amount_remaining\":0,\"application_fee\":null,\"attempt_count\":0,\"attempted\":true,\"auto_advance\":false,\"billing\":\"charge_automatically\",\"billing_reason\":\"subscription_create\",\"charge\":null,\"closed\":true,\"collection_method\":\"charge_automatically\",\"created\":1598283147,\"currency\":\"dkk\",\"custom_fields\":null,\"customer\":\"cus_HtUebuMUD80zUN\",\"customer_address\":null,\"customer_email\":\"Peter@gmail.com\",\"customer_name\":\"Peter Nielsen\",\"customer_phone\":\"12312312\",\"customer_shipping\":null,\"customer_tax_exempt\":\"none\",\"customer_tax_ids\":[],\"date\":1598283147,\"default_payment_method\":null,\"default_source\":null,\"default_tax_rates\":[],\"description\":null,\"discount\":null,\"discounts\":[],\"due_date\":null,\"ending_balance\":0,\"finalized_at\":1598283146,\"footer\":null,\"forgiven\":false,\"hosted_invoice_url\":\"https:\\/\\/pay.stripe.com\\/invoice\\/acct_1DTVcrCHKNBUNpgk\\/invst_HtUedFvUjmgLNgFe9jhkqBr0pZOcc9m\",\"invoice_pdf\":\"https:\\/\\/pay.stripe.com\\/invoice\\/acct_1DTVcrCHKNBUNpgk\\/invst_HtUedFvUjmgLNgFe9jhkqBr0pZOcc9m\\/pdf\",\"lines\":{\"object\":\"list\",\"data\":[{\"id\":\"sli_7fdf66de3fe93d\",\"object\":\"line_item\",\"amount\":0,\"currency\":\"dkk\",\"description\":\"Trial period for Junior\",\"discount_amounts\":[],\"discountable\":true,\"discounts\":[],\"livemode\":false,\"metadata\":[],\"period\":{\"end\":1598400000,\"start\":1598283146},\"plan\":{\"id\":\"price_1HJZ6BCHKNBUNpgkKgGnC5xT\",\"object\":\"plan\",\"active\":true,\"aggregate_usage\":null,\"amount\":3800,\"amount_decimal\":\"3800\",\"billing_scheme\":\"per_unit\",\"created\":1598250247,\"currency\":\"dkk\",\"interval\":\"week\",\"interval_count\":1,\"livemode\":false,\"metadata\":[],\"nickname\":null,\"product\":\"prod_HtLnMRfxhVyUsI\",\"tiers\":null,\"tiers_mode\":null,\"transform_usage\":null,\"trial_period_days\":2,\"usage_type\":\"licensed\"},\"price\":{\"id\":\"price_1HJZ6BCHKNBUNpgkKgGnC5xT\",\"object\":\"price\",\"active\":true,\"billing_scheme\":\"per_unit\",\"created\":1598250247,\"currency\":\"dkk\",\"livemode\":false,\"lookup_key\":null,\"metadata\":[],\"nickname\":null,\"product\":\"prod_HtLnMRfxhVyUsI\",\"recurring\":{\"aggregate_usage\":null,\"interval\":\"week\",\"interval_count\":1,\"trial_period_days\":2,\"usage_type\":\"licensed\"},\"tiers_mode\":null,\"transform_quantity\":null,\"type\":\"recurring\",\"unit_amount\":3800,\"unit_amount_decimal\":\"3800\"},\"proration\":false,\"quantity\":1,\"subscription\":\"sub_HtUezn7dWVuYnA\",\"subscription_item\":\"si_HtUeKtljBQc6sz\",\"tax_amounts\":[],\"tax_rates\":[],\"type\":\"subscription\",\"unique_id\":\"il_1HJhepCHKNBUNpgkcApsWeU9\"}],\"has_more\":false,\"total_count\":1,\"url\":\"\\/v1\\/invoices\\/in_1HJhepCHKNBUNpgk1GA5FuTn\\/lines\"},\"livemode\":false,\"metadata\":[],\"next_payment_attempt\":null,\"number\":\"47E99820-0001\",\"paid\":true,\"payment_intent\":null,\"period_end\":1598283146,\"period_start\":1598283146,\"post_payment_credit_notes_amount\":0,\"pre_payment_credit_notes_amount\":0,\"receipt_number\":null,\"starting_balance\":0,\"statement_descriptor\":null,\"status\":\"paid\",\"status_transitions\":{\"finalized_at\":1598283146,\"marked_uncollectible_at\":null,\"paid_at\":1598283146,\"voided_at\":null},\"subscription\":\"sub_HtUezn7dWVuYnA\",\"subtotal\":0,\"tax\":null,\"tax_percent\":null,\"total\":0,\"total_discount_amounts\":[],\"total_tax_amounts\":[],\"transfer_data\":null,\"webhooks_delivered_at\":null}},\"livemode\":false,\"pending_webhooks\":2,\"request\":{\"id\":\"req_QmvGoVdHcjlUoV\",\"idempotency_key\":null},\"type\":\"invoice.paid\"}',	'2020-08-24 15:32:29'),
(29,	'1598400000',	'invoice.paid',	'{\"id\":\"evt_1HJheqCHKNBUNpgkN632zv6g\",\"object\":\"event\",\"api_version\":\"2018-10-31\",\"created\":1598283147,\"data\":{\"object\":{\"id\":\"in_1HJhepCHKNBUNpgk1GA5FuTn\",\"object\":\"invoice\",\"account_country\":\"DK\",\"account_name\":\"MealTicket\",\"amount_due\":0,\"amount_paid\":0,\"amount_remaining\":0,\"application_fee\":null,\"attempt_count\":0,\"attempted\":true,\"auto_advance\":false,\"billing\":\"charge_automatically\",\"billing_reason\":\"subscription_create\",\"charge\":null,\"closed\":true,\"collection_method\":\"charge_automatically\",\"created\":1598283147,\"currency\":\"dkk\",\"custom_fields\":null,\"customer\":\"cus_HtUebuMUD80zUN\",\"customer_address\":null,\"customer_email\":\"Peter@gmail.com\",\"customer_name\":\"Peter Nielsen\",\"customer_phone\":\"12312312\",\"customer_shipping\":null,\"customer_tax_exempt\":\"none\",\"customer_tax_ids\":[],\"date\":1598283147,\"default_payment_method\":null,\"default_source\":null,\"default_tax_rates\":[],\"description\":null,\"discount\":null,\"discounts\":[],\"due_date\":null,\"ending_balance\":0,\"finalized_at\":1598283146,\"footer\":null,\"forgiven\":false,\"hosted_invoice_url\":\"https:\\/\\/pay.stripe.com\\/invoice\\/acct_1DTVcrCHKNBUNpgk\\/invst_HtUedFvUjmgLNgFe9jhkqBr0pZOcc9m\",\"invoice_pdf\":\"https:\\/\\/pay.stripe.com\\/invoice\\/acct_1DTVcrCHKNBUNpgk\\/invst_HtUedFvUjmgLNgFe9jhkqBr0pZOcc9m\\/pdf\",\"lines\":{\"object\":\"list\",\"data\":[{\"id\":\"sli_7fdf66de3fe93d\",\"object\":\"line_item\",\"amount\":0,\"currency\":\"dkk\",\"description\":\"Trial period for Junior\",\"discount_amounts\":[],\"discountable\":true,\"discounts\":[],\"livemode\":false,\"metadata\":[],\"period\":{\"end\":1598400000,\"start\":1598283146},\"plan\":{\"id\":\"price_1HJZ6BCHKNBUNpgkKgGnC5xT\",\"object\":\"plan\",\"active\":true,\"aggregate_usage\":null,\"amount\":3800,\"amount_decimal\":\"3800\",\"billing_scheme\":\"per_unit\",\"created\":1598250247,\"currency\":\"dkk\",\"interval\":\"week\",\"interval_count\":1,\"livemode\":false,\"metadata\":[],\"nickname\":null,\"product\":\"prod_HtLnMRfxhVyUsI\",\"tiers\":null,\"tiers_mode\":null,\"transform_usage\":null,\"trial_period_days\":2,\"usage_type\":\"licensed\"},\"price\":{\"id\":\"price_1HJZ6BCHKNBUNpgkKgGnC5xT\",\"object\":\"price\",\"active\":true,\"billing_scheme\":\"per_unit\",\"created\":1598250247,\"currency\":\"dkk\",\"livemode\":false,\"lookup_key\":null,\"metadata\":[],\"nickname\":null,\"product\":\"prod_HtLnMRfxhVyUsI\",\"recurring\":{\"aggregate_usage\":null,\"interval\":\"week\",\"interval_count\":1,\"trial_period_days\":2,\"usage_type\":\"licensed\"},\"tiers_mode\":null,\"transform_quantity\":null,\"type\":\"recurring\",\"unit_amount\":3800,\"unit_amount_decimal\":\"3800\"},\"proration\":false,\"quantity\":1,\"subscription\":\"sub_HtUezn7dWVuYnA\",\"subscription_item\":\"si_HtUeKtljBQc6sz\",\"tax_amounts\":[],\"tax_rates\":[],\"type\":\"subscription\",\"unique_id\":\"il_1HJhepCHKNBUNpgkcApsWeU9\"}],\"has_more\":false,\"total_count\":1,\"url\":\"\\/v1\\/invoices\\/in_1HJhepCHKNBUNpgk1GA5FuTn\\/lines\"},\"livemode\":false,\"metadata\":[],\"next_payment_attempt\":null,\"number\":\"47E99820-0001\",\"paid\":true,\"payment_intent\":null,\"period_end\":1598283146,\"period_start\":1598283146,\"post_payment_credit_notes_amount\":0,\"pre_payment_credit_notes_amount\":0,\"receipt_number\":null,\"starting_balance\":0,\"statement_descriptor\":null,\"status\":\"paid\",\"status_transitions\":{\"finalized_at\":1598283146,\"marked_uncollectible_at\":null,\"paid_at\":1598283146,\"voided_at\":null},\"subscription\":\"sub_HtUezn7dWVuYnA\",\"subtotal\":0,\"tax\":null,\"tax_percent\":null,\"total\":0,\"total_discount_amounts\":[],\"total_tax_amounts\":[],\"transfer_data\":null,\"webhooks_delivered_at\":null}},\"livemode\":false,\"pending_webhooks\":2,\"request\":{\"id\":\"req_QmvGoVdHcjlUoV\",\"idempotency_key\":null},\"type\":\"invoice.paid\"}',	'2020-08-24 15:32:29'),
(30,	'',	'customer.subscription.deleted',	'{\"id\":\"evt_1HJhfcCHKNBUNpgkDwTAQxCC\",\"object\":\"event\",\"api_version\":\"2018-10-31\",\"created\":1598283196,\"data\":{\"object\":{\"id\":\"sub_HtUezn7dWVuYnA\",\"object\":\"subscription\",\"application_fee_percent\":null,\"billing\":\"charge_automatically\",\"billing_cycle_anchor\":1598400000,\"billing_thresholds\":null,\"cancel_at\":null,\"cancel_at_period_end\":false,\"canceled_at\":1598283195,\"collection_method\":\"charge_automatically\",\"created\":1598283146,\"current_period_end\":1598400000,\"current_period_start\":1598283146,\"customer\":\"cus_HtUebuMUD80zUN\",\"days_until_due\":null,\"default_payment_method\":null,\"default_source\":null,\"default_tax_rates\":[],\"discount\":null,\"ended_at\":1598283195,\"invoice_customer_balance_settings\":{\"consume_applied_balance_on_void\":true},\"items\":{\"object\":\"list\",\"data\":[{\"id\":\"si_HtUeKtljBQc6sz\",\"object\":\"subscription_item\",\"billing_thresholds\":null,\"created\":1598283147,\"metadata\":[],\"plan\":{\"id\":\"price_1HJZ6BCHKNBUNpgkKgGnC5xT\",\"object\":\"plan\",\"active\":true,\"aggregate_usage\":null,\"amount\":3800,\"amount_decimal\":\"3800\",\"billing_scheme\":\"per_unit\",\"created\":1598250247,\"currency\":\"dkk\",\"interval\":\"week\",\"interval_count\":1,\"livemode\":false,\"metadata\":[],\"nickname\":null,\"product\":\"prod_HtLnMRfxhVyUsI\",\"tiers\":null,\"tiers_mode\":null,\"transform_usage\":null,\"trial_period_days\":2,\"usage_type\":\"licensed\"},\"price\":{\"id\":\"price_1HJZ6BCHKNBUNpgkKgGnC5xT\",\"object\":\"price\",\"active\":true,\"billing_scheme\":\"per_unit\",\"created\":1598250247,\"currency\":\"dkk\",\"livemode\":false,\"lookup_key\":null,\"metadata\":[],\"nickname\":null,\"product\":\"prod_HtLnMRfxhVyUsI\",\"recurring\":{\"aggregate_usage\":null,\"interval\":\"week\",\"interval_count\":1,\"trial_period_days\":2,\"usage_type\":\"licensed\"},\"tiers_mode\":null,\"transform_quantity\":null,\"type\":\"recurring\",\"unit_amount\":3800,\"unit_amount_decimal\":\"3800\"},\"quantity\":1,\"subscription\":\"sub_HtUezn7dWVuYnA\",\"tax_rates\":[]}],\"has_more\":false,\"total_count\":1,\"url\":\"\\/v1\\/subscription_items?subscription=sub_HtUezn7dWVuYnA\"},\"latest_invoice\":\"in_1HJhepCHKNBUNpgk1GA5FuTn\",\"livemode\":false,\"metadata\":[],\"next_pending_invoice_item_invoice\":null,\"pause_collection\":null,\"pending_invoice_item_interval\":null,\"pending_setup_intent\":null,\"pending_update\":null,\"plan\":{\"id\":\"price_1HJZ6BCHKNBUNpgkKgGnC5xT\",\"object\":\"plan\",\"active\":true,\"aggregate_usage\":null,\"amount\":3800,\"amount_decimal\":\"3800\",\"billing_scheme\":\"per_unit\",\"created\":1598250247,\"currency\":\"dkk\",\"interval\":\"week\",\"interval_count\":1,\"livemode\":false,\"metadata\":[],\"nickname\":null,\"product\":\"prod_HtLnMRfxhVyUsI\",\"tiers\":null,\"tiers_mode\":null,\"transform_usage\":null,\"trial_period_days\":2,\"usage_type\":\"licensed\"},\"quantity\":1,\"schedule\":null,\"start\":1598283146,\"start_date\":1598283146,\"status\":\"canceled\",\"tax_percent\":null,\"transfer_data\":null,\"trial_end\":1598400000,\"trial_start\":1598283146}},\"livemode\":false,\"pending_webhooks\":3,\"request\":{\"id\":\"req_qDqz0mn5VP5UYv\",\"idempotency_key\":null},\"type\":\"customer.subscription.deleted\"}',	'2020-08-24 15:33:17'),
(31,	'',	'invoice.paid',	'{\"id\":\"evt_1HJhogCHKNBUNpgkJbbK2b0p\",\"object\":\"event\",\"api_version\":\"2018-10-31\",\"created\":1598283756,\"data\":{\"object\":{\"id\":\"in_1HJhoeCHKNBUNpgkxyBdQwQH\",\"object\":\"invoice\",\"account_country\":\"DK\",\"account_name\":\"MealTicket\",\"amount_due\":0,\"amount_paid\":0,\"amount_remaining\":0,\"application_fee\":null,\"attempt_count\":0,\"attempted\":true,\"auto_advance\":false,\"billing\":\"charge_automatically\",\"billing_reason\":\"subscription_create\",\"charge\":null,\"closed\":true,\"collection_method\":\"charge_automatically\",\"created\":1598283756,\"currency\":\"dkk\",\"custom_fields\":null,\"customer\":\"cus_HtUoJU0tnbFpxy\",\"customer_address\":null,\"customer_email\":\"Vansh@gmail.com\",\"customer_name\":\"Vansh Soni\",\"customer_phone\":\"9950123751\",\"customer_shipping\":null,\"customer_tax_exempt\":\"none\",\"customer_tax_ids\":[],\"date\":1598283756,\"default_payment_method\":null,\"default_source\":null,\"default_tax_rates\":[],\"description\":null,\"discount\":null,\"discounts\":[],\"due_date\":null,\"ending_balance\":0,\"finalized_at\":1598283755,\"footer\":null,\"forgiven\":false,\"hosted_invoice_url\":\"https:\\/\\/pay.stripe.com\\/invoice\\/acct_1DTVcrCHKNBUNpgk\\/invst_HtUorxN0XUKMx5sEB9lsgPrMC3H8a9b\",\"invoice_pdf\":\"https:\\/\\/pay.stripe.com\\/invoice\\/acct_1DTVcrCHKNBUNpgk\\/invst_HtUorxN0XUKMx5sEB9lsgPrMC3H8a9b\\/pdf\",\"lines\":{\"object\":\"list\",\"data\":[{\"id\":\"sli_e35f8c11ce231e\",\"object\":\"line_item\",\"amount\":0,\"currency\":\"dkk\",\"description\":\"Trial period for Junior\",\"discount_amounts\":[],\"discountable\":true,\"discounts\":[],\"livemode\":false,\"metadata\":[],\"period\":{\"end\":1598400000,\"start\":1598283755},\"plan\":{\"id\":\"price_1HJZ6BCHKNBUNpgkKgGnC5xT\",\"object\":\"plan\",\"active\":true,\"aggregate_usage\":null,\"amount\":3800,\"amount_decimal\":\"3800\",\"billing_scheme\":\"per_unit\",\"created\":1598250247,\"currency\":\"dkk\",\"interval\":\"week\",\"interval_count\":1,\"livemode\":false,\"metadata\":[],\"nickname\":null,\"product\":\"prod_HtLnMRfxhVyUsI\",\"tiers\":null,\"tiers_mode\":null,\"transform_usage\":null,\"trial_period_days\":2,\"usage_type\":\"licensed\"},\"price\":{\"id\":\"price_1HJZ6BCHKNBUNpgkKgGnC5xT\",\"object\":\"price\",\"active\":true,\"billing_scheme\":\"per_unit\",\"created\":1598250247,\"currency\":\"dkk\",\"livemode\":false,\"lookup_key\":null,\"metadata\":[],\"nickname\":null,\"product\":\"prod_HtLnMRfxhVyUsI\",\"recurring\":{\"aggregate_usage\":null,\"interval\":\"week\",\"interval_count\":1,\"trial_period_days\":2,\"usage_type\":\"licensed\"},\"tiers_mode\":null,\"transform_quantity\":null,\"type\":\"recurring\",\"unit_amount\":3800,\"unit_amount_decimal\":\"3800\"},\"proration\":false,\"quantity\":1,\"subscription\":\"sub_HtUo9YfkZnQSky\",\"subscription_item\":\"si_HtUokgfU2eqZPa\",\"tax_amounts\":[],\"tax_rates\":[],\"type\":\"subscription\",\"unique_id\":\"il_1HJhoeCHKNBUNpgkZhocBlXP\"}],\"has_more\":false,\"total_count\":1,\"url\":\"\\/v1\\/invoices\\/in_1HJhoeCHKNBUNpgkxyBdQwQH\\/lines\"},\"livemode\":false,\"metadata\":[],\"next_payment_attempt\":null,\"number\":\"4833FAA9-0001\",\"paid\":true,\"payment_intent\":null,\"period_end\":1598283755,\"period_start\":1598283755,\"post_payment_credit_notes_amount\":0,\"pre_payment_credit_notes_amount\":0,\"receipt_number\":null,\"starting_balance\":0,\"statement_descriptor\":null,\"status\":\"paid\",\"status_transitions\":{\"finalized_at\":1598283755,\"marked_uncollectible_at\":null,\"paid_at\":1598283755,\"voided_at\":null},\"subscription\":\"sub_HtUo9YfkZnQSky\",\"subtotal\":0,\"tax\":null,\"tax_percent\":null,\"total\":0,\"total_discount_amounts\":[],\"total_tax_amounts\":[],\"transfer_data\":null,\"webhooks_delivered_at\":null}},\"livemode\":false,\"pending_webhooks\":2,\"request\":{\"id\":\"req_BvUex6a3YXhXmI\",\"idempotency_key\":null},\"type\":\"invoice.paid\"}',	'2020-08-24 15:42:39'),
(32,	'',	'customer.subscription.deleted',	'{\"id\":\"evt_1HJhq6CHKNBUNpgkaasd8lF7\",\"object\":\"event\",\"api_version\":\"2018-10-31\",\"created\":1598283846,\"data\":{\"object\":{\"id\":\"sub_HtUo9YfkZnQSky\",\"object\":\"subscription\",\"application_fee_percent\":null,\"billing\":\"charge_automatically\",\"billing_cycle_anchor\":1598400000,\"billing_thresholds\":null,\"cancel_at\":null,\"cancel_at_period_end\":false,\"canceled_at\":1598283846,\"collection_method\":\"charge_automatically\",\"created\":1598283755,\"current_period_end\":1598400000,\"current_period_start\":1598283755,\"customer\":\"cus_HtUoJU0tnbFpxy\",\"days_until_due\":null,\"default_payment_method\":null,\"default_source\":null,\"default_tax_rates\":[],\"discount\":null,\"ended_at\":1598283846,\"invoice_customer_balance_settings\":{\"consume_applied_balance_on_void\":true},\"items\":{\"object\":\"list\",\"data\":[{\"id\":\"si_HtUokgfU2eqZPa\",\"object\":\"subscription_item\",\"billing_thresholds\":null,\"created\":1598283756,\"metadata\":[],\"plan\":{\"id\":\"price_1HJZ6BCHKNBUNpgkKgGnC5xT\",\"object\":\"plan\",\"active\":true,\"aggregate_usage\":null,\"amount\":3800,\"amount_decimal\":\"3800\",\"billing_scheme\":\"per_unit\",\"created\":1598250247,\"currency\":\"dkk\",\"interval\":\"week\",\"interval_count\":1,\"livemode\":false,\"metadata\":[],\"nickname\":null,\"product\":\"prod_HtLnMRfxhVyUsI\",\"tiers\":null,\"tiers_mode\":null,\"transform_usage\":null,\"trial_period_days\":2,\"usage_type\":\"licensed\"},\"price\":{\"id\":\"price_1HJZ6BCHKNBUNpgkKgGnC5xT\",\"object\":\"price\",\"active\":true,\"billing_scheme\":\"per_unit\",\"created\":1598250247,\"currency\":\"dkk\",\"livemode\":false,\"lookup_key\":null,\"metadata\":[],\"nickname\":null,\"product\":\"prod_HtLnMRfxhVyUsI\",\"recurring\":{\"aggregate_usage\":null,\"interval\":\"week\",\"interval_count\":1,\"trial_period_days\":2,\"usage_type\":\"licensed\"},\"tiers_mode\":null,\"transform_quantity\":null,\"type\":\"recurring\",\"unit_amount\":3800,\"unit_amount_decimal\":\"3800\"},\"quantity\":1,\"subscription\":\"sub_HtUo9YfkZnQSky\",\"tax_rates\":[]}],\"has_more\":false,\"total_count\":1,\"url\":\"\\/v1\\/subscription_items?subscription=sub_HtUo9YfkZnQSky\"},\"latest_invoice\":\"in_1HJhoeCHKNBUNpgkxyBdQwQH\",\"livemode\":false,\"metadata\":[],\"next_pending_invoice_item_invoice\":null,\"pause_collection\":null,\"pending_invoice_item_interval\":null,\"pending_setup_intent\":null,\"pending_update\":null,\"plan\":{\"id\":\"price_1HJZ6BCHKNBUNpgkKgGnC5xT\",\"object\":\"plan\",\"active\":true,\"aggregate_usage\":null,\"amount\":3800,\"amount_decimal\":\"3800\",\"billing_scheme\":\"per_unit\",\"created\":1598250247,\"currency\":\"dkk\",\"interval\":\"week\",\"interval_count\":1,\"livemode\":false,\"metadata\":[],\"nickname\":null,\"product\":\"prod_HtLnMRfxhVyUsI\",\"tiers\":null,\"tiers_mode\":null,\"transform_usage\":null,\"trial_period_days\":2,\"usage_type\":\"licensed\"},\"quantity\":1,\"schedule\":null,\"start\":1598283755,\"start_date\":1598283755,\"status\":\"canceled\",\"tax_percent\":null,\"transfer_data\":null,\"trial_end\":1598400000,\"trial_start\":1598283755}},\"livemode\":false,\"pending_webhooks\":3,\"request\":{\"id\":\"req_fJdrnlYtOxGKym\",\"idempotency_key\":null},\"type\":\"customer.subscription.deleted\"}',	'2020-08-24 15:44:08'),
(33,	'',	'customer.subscription.deleted',	'{\"id\":\"evt_1HJhq6CHKNBUNpgkaasd8lF7\",\"object\":\"event\",\"api_version\":\"2018-10-31\",\"created\":1598283846,\"data\":{\"object\":{\"id\":\"sub_HtUo9YfkZnQSky\",\"object\":\"subscription\",\"application_fee_percent\":null,\"billing\":\"charge_automatically\",\"billing_cycle_anchor\":1598400000,\"billing_thresholds\":null,\"cancel_at\":null,\"cancel_at_period_end\":false,\"canceled_at\":1598283846,\"collection_method\":\"charge_automatically\",\"created\":1598283755,\"current_period_end\":1598400000,\"current_period_start\":1598283755,\"customer\":\"cus_HtUoJU0tnbFpxy\",\"days_until_due\":null,\"default_payment_method\":null,\"default_source\":null,\"default_tax_rates\":[],\"discount\":null,\"ended_at\":1598283846,\"invoice_customer_balance_settings\":{\"consume_applied_balance_on_void\":true},\"items\":{\"object\":\"list\",\"data\":[{\"id\":\"si_HtUokgfU2eqZPa\",\"object\":\"subscription_item\",\"billing_thresholds\":null,\"created\":1598283756,\"metadata\":[],\"plan\":{\"id\":\"price_1HJZ6BCHKNBUNpgkKgGnC5xT\",\"object\":\"plan\",\"active\":true,\"aggregate_usage\":null,\"amount\":3800,\"amount_decimal\":\"3800\",\"billing_scheme\":\"per_unit\",\"created\":1598250247,\"currency\":\"dkk\",\"interval\":\"week\",\"interval_count\":1,\"livemode\":false,\"metadata\":[],\"nickname\":null,\"product\":\"prod_HtLnMRfxhVyUsI\",\"tiers\":null,\"tiers_mode\":null,\"transform_usage\":null,\"trial_period_days\":2,\"usage_type\":\"licensed\"},\"price\":{\"id\":\"price_1HJZ6BCHKNBUNpgkKgGnC5xT\",\"object\":\"price\",\"active\":true,\"billing_scheme\":\"per_unit\",\"created\":1598250247,\"currency\":\"dkk\",\"livemode\":false,\"lookup_key\":null,\"metadata\":[],\"nickname\":null,\"product\":\"prod_HtLnMRfxhVyUsI\",\"recurring\":{\"aggregate_usage\":null,\"interval\":\"week\",\"interval_count\":1,\"trial_period_days\":2,\"usage_type\":\"licensed\"},\"tiers_mode\":null,\"transform_quantity\":null,\"type\":\"recurring\",\"unit_amount\":3800,\"unit_amount_decimal\":\"3800\"},\"quantity\":1,\"subscription\":\"sub_HtUo9YfkZnQSky\",\"tax_rates\":[]}],\"has_more\":false,\"total_count\":1,\"url\":\"\\/v1\\/subscription_items?subscription=sub_HtUo9YfkZnQSky\"},\"latest_invoice\":\"in_1HJhoeCHKNBUNpgkxyBdQwQH\",\"livemode\":false,\"metadata\":[],\"next_pending_invoice_item_invoice\":null,\"pause_collection\":null,\"pending_invoice_item_interval\":null,\"pending_setup_intent\":null,\"pending_update\":null,\"plan\":{\"id\":\"price_1HJZ6BCHKNBUNpgkKgGnC5xT\",\"object\":\"plan\",\"active\":true,\"aggregate_usage\":null,\"amount\":3800,\"amount_decimal\":\"3800\",\"billing_scheme\":\"per_unit\",\"created\":1598250247,\"currency\":\"dkk\",\"interval\":\"week\",\"interval_count\":1,\"livemode\":false,\"metadata\":[],\"nickname\":null,\"product\":\"prod_HtLnMRfxhVyUsI\",\"tiers\":null,\"tiers_mode\":null,\"transform_usage\":null,\"trial_period_days\":2,\"usage_type\":\"licensed\"},\"quantity\":1,\"schedule\":null,\"start\":1598283755,\"start_date\":1598283755,\"status\":\"canceled\",\"tax_percent\":null,\"transfer_data\":null,\"trial_end\":1598400000,\"trial_start\":1598283755}},\"livemode\":false,\"pending_webhooks\":1,\"request\":{\"id\":\"req_fJdrnlYtOxGKym\",\"idempotency_key\":null},\"type\":\"customer.subscription.deleted\"}',	'2020-08-24 15:44:39'),
(34,	'',	'invoice.paid',	'{\"id\":\"evt_1HJhu1CHKNBUNpgkA438bHNH\",\"object\":\"event\",\"api_version\":\"2018-10-31\",\"created\":1598284088,\"data\":{\"object\":{\"id\":\"in_1HJhu0CHKNBUNpgkA4uCmFOu\",\"object\":\"invoice\",\"account_country\":\"DK\",\"account_name\":\"MealTicket\",\"amount_due\":0,\"amount_paid\":0,\"amount_remaining\":0,\"application_fee\":null,\"attempt_count\":0,\"attempted\":true,\"auto_advance\":false,\"billing\":\"charge_automatically\",\"billing_reason\":\"subscription_create\",\"charge\":null,\"closed\":true,\"collection_method\":\"charge_automatically\",\"created\":1598284088,\"currency\":\"dkk\",\"custom_fields\":null,\"customer\":\"cus_HrzodLJ1PikxBK\",\"customer_address\":null,\"customer_email\":null,\"customer_name\":null,\"customer_phone\":\"27266895\",\"customer_shipping\":null,\"customer_tax_exempt\":\"none\",\"customer_tax_ids\":[],\"date\":1598284088,\"default_payment_method\":null,\"default_source\":null,\"default_tax_rates\":[],\"description\":null,\"discount\":null,\"discounts\":[],\"due_date\":null,\"ending_balance\":0,\"finalized_at\":1598284087,\"footer\":null,\"forgiven\":false,\"hosted_invoice_url\":\"https:\\/\\/pay.stripe.com\\/invoice\\/acct_1DTVcrCHKNBUNpgk\\/invst_HtUtJquPdY3aVxZviPaSvoQ71n3Kfz1\",\"invoice_pdf\":\"https:\\/\\/pay.stripe.com\\/invoice\\/acct_1DTVcrCHKNBUNpgk\\/invst_HtUtJquPdY3aVxZviPaSvoQ71n3Kfz1\\/pdf\",\"lines\":{\"object\":\"list\",\"data\":[{\"id\":\"sli_dc353bc4fca40a\",\"object\":\"line_item\",\"amount\":0,\"currency\":\"dkk\",\"description\":\"Trial period for Junior\",\"discount_amounts\":[],\"discountable\":true,\"discounts\":[],\"livemode\":false,\"metadata\":[],\"period\":{\"end\":1598400000,\"start\":1598284087},\"plan\":{\"id\":\"price_1HJZ6BCHKNBUNpgkKgGnC5xT\",\"object\":\"plan\",\"active\":true,\"aggregate_usage\":null,\"amount\":3800,\"amount_decimal\":\"3800\",\"billing_scheme\":\"per_unit\",\"created\":1598250247,\"currency\":\"dkk\",\"interval\":\"week\",\"interval_count\":1,\"livemode\":false,\"metadata\":[],\"nickname\":null,\"product\":\"prod_HtLnMRfxhVyUsI\",\"tiers\":null,\"tiers_mode\":null,\"transform_usage\":null,\"trial_period_days\":2,\"usage_type\":\"licensed\"},\"price\":{\"id\":\"price_1HJZ6BCHKNBUNpgkKgGnC5xT\",\"object\":\"price\",\"active\":true,\"billing_scheme\":\"per_unit\",\"created\":1598250247,\"currency\":\"dkk\",\"livemode\":false,\"lookup_key\":null,\"metadata\":[],\"nickname\":null,\"product\":\"prod_HtLnMRfxhVyUsI\",\"recurring\":{\"aggregate_usage\":null,\"interval\":\"week\",\"interval_count\":1,\"trial_period_days\":2,\"usage_type\":\"licensed\"},\"tiers_mode\":null,\"transform_quantity\":null,\"type\":\"recurring\",\"unit_amount\":3800,\"unit_amount_decimal\":\"3800\"},\"proration\":false,\"quantity\":1,\"subscription\":\"sub_HtUtvNnuzvEAZ8\",\"subscription_item\":\"si_HtUtbiDNXs4TD8\",\"tax_amounts\":[],\"tax_rates\":[],\"type\":\"subscription\",\"unique_id\":\"il_1HJhu0CHKNBUNpgkW4vV81up\"}],\"has_more\":false,\"total_count\":1,\"url\":\"\\/v1\\/invoices\\/in_1HJhu0CHKNBUNpgkA4uCmFOu\\/lines\"},\"livemode\":false,\"metadata\":[],\"next_payment_attempt\":null,\"number\":\"66C0CAC0-0003\",\"paid\":true,\"payment_intent\":null,\"period_end\":1598284087,\"period_start\":1598284087,\"post_payment_credit_notes_amount\":0,\"pre_payment_credit_notes_amount\":0,\"receipt_number\":null,\"starting_balance\":0,\"statement_descriptor\":null,\"status\":\"paid\",\"status_transitions\":{\"finalized_at\":1598284087,\"marked_uncollectible_at\":null,\"paid_at\":1598284087,\"voided_at\":null},\"subscription\":\"sub_HtUtvNnuzvEAZ8\",\"subtotal\":0,\"tax\":null,\"tax_percent\":null,\"total\":0,\"total_discount_amounts\":[],\"total_tax_amounts\":[],\"transfer_data\":null,\"webhooks_delivered_at\":null}},\"livemode\":false,\"pending_webhooks\":2,\"request\":{\"id\":\"req_2Zf9gtrqNjYrzU\",\"idempotency_key\":null},\"type\":\"invoice.paid\"}',	'2020-08-24 15:48:13'),
(35,	'',	'customer.subscription.deleted',	'{\"id\":\"evt_1HJhvWCHKNBUNpgktVsIaVMh\",\"object\":\"event\",\"api_version\":\"2018-10-31\",\"created\":1598284182,\"data\":{\"object\":{\"id\":\"sub_HtUtvNnuzvEAZ8\",\"object\":\"subscription\",\"application_fee_percent\":null,\"billing\":\"charge_automatically\",\"billing_cycle_anchor\":1598400000,\"billing_thresholds\":null,\"cancel_at\":null,\"cancel_at_period_end\":false,\"canceled_at\":1598284182,\"collection_method\":\"charge_automatically\",\"created\":1598284087,\"current_period_end\":1598400000,\"current_period_start\":1598284087,\"customer\":\"cus_HrzodLJ1PikxBK\",\"days_until_due\":null,\"default_payment_method\":null,\"default_source\":null,\"default_tax_rates\":[],\"discount\":null,\"ended_at\":1598284182,\"invoice_customer_balance_settings\":{\"consume_applied_balance_on_void\":true},\"items\":{\"object\":\"list\",\"data\":[{\"id\":\"si_HtUtbiDNXs4TD8\",\"object\":\"subscription_item\",\"billing_thresholds\":null,\"created\":1598284088,\"metadata\":[],\"plan\":{\"id\":\"price_1HJZ6BCHKNBUNpgkKgGnC5xT\",\"object\":\"plan\",\"active\":true,\"aggregate_usage\":null,\"amount\":3800,\"amount_decimal\":\"3800\",\"billing_scheme\":\"per_unit\",\"created\":1598250247,\"currency\":\"dkk\",\"interval\":\"week\",\"interval_count\":1,\"livemode\":false,\"metadata\":[],\"nickname\":null,\"product\":\"prod_HtLnMRfxhVyUsI\",\"tiers\":null,\"tiers_mode\":null,\"transform_usage\":null,\"trial_period_days\":2,\"usage_type\":\"licensed\"},\"price\":{\"id\":\"price_1HJZ6BCHKNBUNpgkKgGnC5xT\",\"object\":\"price\",\"active\":true,\"billing_scheme\":\"per_unit\",\"created\":1598250247,\"currency\":\"dkk\",\"livemode\":false,\"lookup_key\":null,\"metadata\":[],\"nickname\":null,\"product\":\"prod_HtLnMRfxhVyUsI\",\"recurring\":{\"aggregate_usage\":null,\"interval\":\"week\",\"interval_count\":1,\"trial_period_days\":2,\"usage_type\":\"licensed\"},\"tiers_mode\":null,\"transform_quantity\":null,\"type\":\"recurring\",\"unit_amount\":3800,\"unit_amount_decimal\":\"3800\"},\"quantity\":1,\"subscription\":\"sub_HtUtvNnuzvEAZ8\",\"tax_rates\":[]}],\"has_more\":false,\"total_count\":1,\"url\":\"\\/v1\\/subscription_items?subscription=sub_HtUtvNnuzvEAZ8\"},\"latest_invoice\":\"in_1HJhu0CHKNBUNpgkA4uCmFOu\",\"livemode\":false,\"metadata\":[],\"next_pending_invoice_item_invoice\":null,\"pause_collection\":null,\"pending_invoice_item_interval\":null,\"pending_setup_intent\":null,\"pending_update\":null,\"plan\":{\"id\":\"price_1HJZ6BCHKNBUNpgkKgGnC5xT\",\"object\":\"plan\",\"active\":true,\"aggregate_usage\":null,\"amount\":3800,\"amount_decimal\":\"3800\",\"billing_scheme\":\"per_unit\",\"created\":1598250247,\"currency\":\"dkk\",\"interval\":\"week\",\"interval_count\":1,\"livemode\":false,\"metadata\":[],\"nickname\":null,\"product\":\"prod_HtLnMRfxhVyUsI\",\"tiers\":null,\"tiers_mode\":null,\"transform_usage\":null,\"trial_period_days\":2,\"usage_type\":\"licensed\"},\"quantity\":1,\"schedule\":null,\"start\":1598284087,\"start_date\":1598284087,\"status\":\"canceled\",\"tax_percent\":null,\"transfer_data\":null,\"trial_end\":1598400000,\"trial_start\":1598284087}},\"livemode\":false,\"pending_webhooks\":3,\"request\":{\"id\":\"req_k5b3NVrPOMaIba\",\"idempotency_key\":null},\"type\":\"customer.subscription.deleted\"}',	'2020-08-24 15:49:43'),
(36,	'',	'invoice.paid',	'{\"id\":\"evt_1HJhxYCHKNBUNpgkk7EiLp4x\",\"object\":\"event\",\"api_version\":\"2018-10-31\",\"created\":1598284307,\"data\":{\"object\":{\"id\":\"in_1HJhxWCHKNBUNpgkbGAFO7iJ\",\"object\":\"invoice\",\"account_country\":\"DK\",\"account_name\":\"MealTicket\",\"amount_due\":0,\"amount_paid\":0,\"amount_remaining\":0,\"application_fee\":null,\"attempt_count\":0,\"attempted\":true,\"auto_advance\":false,\"billing\":\"charge_automatically\",\"billing_reason\":\"subscription_create\",\"charge\":null,\"closed\":true,\"collection_method\":\"charge_automatically\",\"created\":1598284306,\"currency\":\"dkk\",\"custom_fields\":null,\"customer\":\"cus_HtUxjJOalWUNlg\",\"customer_address\":null,\"customer_email\":\"Rohit@gmail.com\",\"customer_name\":\"Rohit Gupta\",\"customer_phone\":\"8290163691\",\"customer_shipping\":null,\"customer_tax_exempt\":\"none\",\"customer_tax_ids\":[],\"date\":1598284306,\"default_payment_method\":null,\"default_source\":null,\"default_tax_rates\":[],\"description\":null,\"discount\":null,\"discounts\":[],\"due_date\":null,\"ending_balance\":0,\"finalized_at\":1598284306,\"footer\":null,\"forgiven\":false,\"hosted_invoice_url\":\"https:\\/\\/pay.stripe.com\\/invoice\\/acct_1DTVcrCHKNBUNpgk\\/invst_HtUxVVOjuaDJxbBFN45YTGiykN4TxnH\",\"invoice_pdf\":\"https:\\/\\/pay.stripe.com\\/invoice\\/acct_1DTVcrCHKNBUNpgk\\/invst_HtUxVVOjuaDJxbBFN45YTGiykN4TxnH\\/pdf\",\"lines\":{\"object\":\"list\",\"data\":[{\"id\":\"sli_d157102957c6db\",\"object\":\"line_item\",\"amount\":0,\"currency\":\"dkk\",\"description\":\"Trial period for Junior\",\"discount_amounts\":[],\"discountable\":true,\"discounts\":[],\"livemode\":false,\"metadata\":[],\"period\":{\"end\":1598400000,\"start\":1598284306},\"plan\":{\"id\":\"price_1HJZ6BCHKNBUNpgkKgGnC5xT\",\"object\":\"plan\",\"active\":true,\"aggregate_usage\":null,\"amount\":3800,\"amount_decimal\":\"3800\",\"billing_scheme\":\"per_unit\",\"created\":1598250247,\"currency\":\"dkk\",\"interval\":\"week\",\"interval_count\":1,\"livemode\":false,\"metadata\":[],\"nickname\":null,\"product\":\"prod_HtLnMRfxhVyUsI\",\"tiers\":null,\"tiers_mode\":null,\"transform_usage\":null,\"trial_period_days\":2,\"usage_type\":\"licensed\"},\"price\":{\"id\":\"price_1HJZ6BCHKNBUNpgkKgGnC5xT\",\"object\":\"price\",\"active\":true,\"billing_scheme\":\"per_unit\",\"created\":1598250247,\"currency\":\"dkk\",\"livemode\":false,\"lookup_key\":null,\"metadata\":[],\"nickname\":null,\"product\":\"prod_HtLnMRfxhVyUsI\",\"recurring\":{\"aggregate_usage\":null,\"interval\":\"week\",\"interval_count\":1,\"trial_period_days\":2,\"usage_type\":\"licensed\"},\"tiers_mode\":null,\"transform_quantity\":null,\"type\":\"recurring\",\"unit_amount\":3800,\"unit_amount_decimal\":\"3800\"},\"proration\":false,\"quantity\":1,\"subscription\":\"sub_HtUxG9WW1pz9NW\",\"subscription_item\":\"si_HtUxAxncZUCSGo\",\"tax_amounts\":[],\"tax_rates\":[],\"type\":\"subscription\",\"unique_id\":\"il_1HJhxWCHKNBUNpgkMVew60nb\"}],\"has_more\":false,\"total_count\":1,\"url\":\"\\/v1\\/invoices\\/in_1HJhxWCHKNBUNpgkbGAFO7iJ\\/lines\"},\"livemode\":false,\"metadata\":[],\"next_payment_attempt\":null,\"number\":\"9C7BB7F8-0001\",\"paid\":true,\"payment_intent\":null,\"period_end\":1598284306,\"period_start\":1598284306,\"post_payment_credit_notes_amount\":0,\"pre_payment_credit_notes_amount\":0,\"receipt_number\":null,\"starting_balance\":0,\"statement_descriptor\":null,\"status\":\"paid\",\"status_transitions\":{\"finalized_at\":1598284306,\"marked_uncollectible_at\":null,\"paid_at\":1598284306,\"voided_at\":null},\"subscription\":\"sub_HtUxG9WW1pz9NW\",\"subtotal\":0,\"tax\":null,\"tax_percent\":null,\"total\":0,\"total_discount_amounts\":[],\"total_tax_amounts\":[],\"transfer_data\":null,\"webhooks_delivered_at\":null}},\"livemode\":false,\"pending_webhooks\":2,\"request\":{\"id\":\"req_6qdQLc39HEwexn\",\"idempotency_key\":null},\"type\":\"invoice.paid\"}',	'2020-08-24 15:51:49'),
(37,	'',	'customer.subscription.deleted',	'{\"id\":\"evt_1HJhyDCHKNBUNpgkYidaTS2G\",\"object\":\"event\",\"api_version\":\"2018-10-31\",\"created\":1598284349,\"data\":{\"object\":{\"id\":\"sub_HtUxG9WW1pz9NW\",\"object\":\"subscription\",\"application_fee_percent\":null,\"billing\":\"charge_automatically\",\"billing_cycle_anchor\":1598400000,\"billing_thresholds\":null,\"cancel_at\":null,\"cancel_at_period_end\":false,\"canceled_at\":1598284349,\"collection_method\":\"charge_automatically\",\"created\":1598284306,\"current_period_end\":1598400000,\"current_period_start\":1598284306,\"customer\":\"cus_HtUxjJOalWUNlg\",\"days_until_due\":null,\"default_payment_method\":null,\"default_source\":null,\"default_tax_rates\":[],\"discount\":null,\"ended_at\":1598284349,\"invoice_customer_balance_settings\":{\"consume_applied_balance_on_void\":true},\"items\":{\"object\":\"list\",\"data\":[{\"id\":\"si_HtUxAxncZUCSGo\",\"object\":\"subscription_item\",\"billing_thresholds\":null,\"created\":1598284307,\"metadata\":[],\"plan\":{\"id\":\"price_1HJZ6BCHKNBUNpgkKgGnC5xT\",\"object\":\"plan\",\"active\":true,\"aggregate_usage\":null,\"amount\":3800,\"amount_decimal\":\"3800\",\"billing_scheme\":\"per_unit\",\"created\":1598250247,\"currency\":\"dkk\",\"interval\":\"week\",\"interval_count\":1,\"livemode\":false,\"metadata\":[],\"nickname\":null,\"product\":\"prod_HtLnMRfxhVyUsI\",\"tiers\":null,\"tiers_mode\":null,\"transform_usage\":null,\"trial_period_days\":2,\"usage_type\":\"licensed\"},\"price\":{\"id\":\"price_1HJZ6BCHKNBUNpgkKgGnC5xT\",\"object\":\"price\",\"active\":true,\"billing_scheme\":\"per_unit\",\"created\":1598250247,\"currency\":\"dkk\",\"livemode\":false,\"lookup_key\":null,\"metadata\":[],\"nickname\":null,\"product\":\"prod_HtLnMRfxhVyUsI\",\"recurring\":{\"aggregate_usage\":null,\"interval\":\"week\",\"interval_count\":1,\"trial_period_days\":2,\"usage_type\":\"licensed\"},\"tiers_mode\":null,\"transform_quantity\":null,\"type\":\"recurring\",\"unit_amount\":3800,\"unit_amount_decimal\":\"3800\"},\"quantity\":1,\"subscription\":\"sub_HtUxG9WW1pz9NW\",\"tax_rates\":[]}],\"has_more\":false,\"total_count\":1,\"url\":\"\\/v1\\/subscription_items?subscription=sub_HtUxG9WW1pz9NW\"},\"latest_invoice\":\"in_1HJhxWCHKNBUNpgkbGAFO7iJ\",\"livemode\":false,\"metadata\":[],\"next_pending_invoice_item_invoice\":null,\"pause_collection\":null,\"pending_invoice_item_interval\":null,\"pending_setup_intent\":null,\"pending_update\":null,\"plan\":{\"id\":\"price_1HJZ6BCHKNBUNpgkKgGnC5xT\",\"object\":\"plan\",\"active\":true,\"aggregate_usage\":null,\"amount\":3800,\"amount_decimal\":\"3800\",\"billing_scheme\":\"per_unit\",\"created\":1598250247,\"currency\":\"dkk\",\"interval\":\"week\",\"interval_count\":1,\"livemode\":false,\"metadata\":[],\"nickname\":null,\"product\":\"prod_HtLnMRfxhVyUsI\",\"tiers\":null,\"tiers_mode\":null,\"transform_usage\":null,\"trial_period_days\":2,\"usage_type\":\"licensed\"},\"quantity\":1,\"schedule\":null,\"start\":1598284306,\"start_date\":1598284306,\"status\":\"canceled\",\"tax_percent\":null,\"transfer_data\":null,\"trial_end\":1598400000,\"trial_start\":1598284306}},\"livemode\":false,\"pending_webhooks\":3,\"request\":{\"id\":\"req_cZsM1axki3zk5I\",\"idempotency_key\":null},\"type\":\"customer.subscription.deleted\"}',	'2020-08-24 15:52:30'),
(38,	'',	'subscription_schedule.canceled',	'{\"created\":1326853478,\"livemode\":false,\"id\":\"evt_00000000000000\",\"type\":\"subscription_schedule.canceled\",\"object\":\"event\",\"request\":null,\"pending_webhooks\":1,\"api_version\":\"2018-10-31\",\"data\":{\"object\":{\"id\":\"sub_00000000000000\",\"object\":\"subscription_schedule\",\"canceled_at\":null,\"completed_at\":null,\"created\":1598284584,\"current_phase\":null,\"customer\":\"cus_00000000000000\",\"default_settings\":{\"billing_cycle_anchor\":\"automatic\",\"billing_thresholds\":null,\"collection_method\":\"charge_automatically\",\"default_payment_method\":null,\"invoice_settings\":null,\"transfer_data\":null},\"end_behavior\":\"release\",\"livemode\":false,\"metadata\":[],\"phases\":[{\"add_invoice_items\":[],\"application_fee_percent\":null,\"billing_cycle_anchor\":null,\"billing_thresholds\":null,\"collection_method\":null,\"coupon\":null,\"default_payment_method\":null,\"default_tax_rates\":[],\"end_date\":1630338984,\"invoice_settings\":null,\"plans\":[{\"billing_thresholds\":null,\"price\":\"price_00000000000000\",\"quantity\":1,\"tax_rates\":[]}],\"prorate\":true,\"proration_behavior\":\"create_prorations\",\"start_date\":1598889384,\"tax_percent\":null,\"transfer_data\":null,\"trial_end\":null}],\"released_at\":null,\"released_subscription\":null,\"status\":\"not_started\",\"subscription\":null}}}',	'2020-08-24 15:56:25'),
(39,	'',	'invoice.paid',	'{\"id\":\"evt_1HJi8xCHKNBUNpgknI4TX4KX\",\"object\":\"event\",\"api_version\":\"2018-10-31\",\"created\":1598285014,\"data\":{\"object\":{\"id\":\"in_1HJi8vCHKNBUNpgkRafyFgfK\",\"object\":\"invoice\",\"account_country\":\"DK\",\"account_name\":\"MealTicket\",\"amount_due\":0,\"amount_paid\":0,\"amount_remaining\":0,\"application_fee\":null,\"attempt_count\":0,\"attempted\":true,\"auto_advance\":false,\"billing\":\"charge_automatically\",\"billing_reason\":\"subscription_create\",\"charge\":null,\"closed\":true,\"collection_method\":\"charge_automatically\",\"created\":1598285013,\"currency\":\"dkk\",\"custom_fields\":null,\"customer\":\"cus_HtV98OWk9iR1Cj\",\"customer_address\":null,\"customer_email\":\"Christopher@gmail.com\",\"customer_name\":\"Christopher Guillaud Kleberg\",\"customer_phone\":\"60108696\",\"customer_shipping\":null,\"customer_tax_exempt\":\"none\",\"customer_tax_ids\":[],\"date\":1598285013,\"default_payment_method\":null,\"default_source\":null,\"default_tax_rates\":[],\"description\":null,\"discount\":null,\"discounts\":[],\"due_date\":null,\"ending_balance\":0,\"finalized_at\":1598285013,\"footer\":null,\"forgiven\":false,\"hosted_invoice_url\":\"https:\\/\\/pay.stripe.com\\/invoice\\/acct_1DTVcrCHKNBUNpgk\\/invst_HtV9YKkiugEhjGfmq2wdt7HAaeLhOQy\",\"invoice_pdf\":\"https:\\/\\/pay.stripe.com\\/invoice\\/acct_1DTVcrCHKNBUNpgk\\/invst_HtV9YKkiugEhjGfmq2wdt7HAaeLhOQy\\/pdf\",\"lines\":{\"object\":\"list\",\"data\":[{\"id\":\"sli_42645ff4630e3f\",\"object\":\"line_item\",\"amount\":0,\"currency\":\"dkk\",\"description\":\"Trial period for Junior\",\"discount_amounts\":[],\"discountable\":true,\"discounts\":[],\"livemode\":false,\"metadata\":[],\"period\":{\"end\":1598400000,\"start\":1598285013},\"plan\":{\"id\":\"price_1HJZ6BCHKNBUNpgkKgGnC5xT\",\"object\":\"plan\",\"active\":true,\"aggregate_usage\":null,\"amount\":3800,\"amount_decimal\":\"3800\",\"billing_scheme\":\"per_unit\",\"created\":1598250247,\"currency\":\"dkk\",\"interval\":\"week\",\"interval_count\":1,\"livemode\":false,\"metadata\":[],\"nickname\":null,\"product\":\"prod_HtLnMRfxhVyUsI\",\"tiers\":null,\"tiers_mode\":null,\"transform_usage\":null,\"trial_period_days\":2,\"usage_type\":\"licensed\"},\"price\":{\"id\":\"price_1HJZ6BCHKNBUNpgkKgGnC5xT\",\"object\":\"price\",\"active\":true,\"billing_scheme\":\"per_unit\",\"created\":1598250247,\"currency\":\"dkk\",\"livemode\":false,\"lookup_key\":null,\"metadata\":[],\"nickname\":null,\"product\":\"prod_HtLnMRfxhVyUsI\",\"recurring\":{\"aggregate_usage\":null,\"interval\":\"week\",\"interval_count\":1,\"trial_period_days\":2,\"usage_type\":\"licensed\"},\"tiers_mode\":null,\"transform_quantity\":null,\"type\":\"recurring\",\"unit_amount\":3800,\"unit_amount_decimal\":\"3800\"},\"proration\":false,\"quantity\":1,\"subscription\":\"sub_HtV9gDs8rfIx5B\",\"subscription_item\":\"si_HtV9u8bypKhTih\",\"tax_amounts\":[],\"tax_rates\":[],\"type\":\"subscription\",\"unique_id\":\"il_1HJi8vCHKNBUNpgkgzYt69bv\"}],\"has_more\":false,\"total_count\":1,\"url\":\"\\/v1\\/invoices\\/in_1HJi8vCHKNBUNpgkRafyFgfK\\/lines\"},\"livemode\":false,\"metadata\":[],\"next_payment_attempt\":null,\"number\":\"0087C7F3-0001\",\"paid\":true,\"payment_intent\":null,\"period_end\":1598285013,\"period_start\":1598285013,\"post_payment_credit_notes_amount\":0,\"pre_payment_credit_notes_amount\":0,\"receipt_number\":null,\"starting_balance\":0,\"statement_descriptor\":null,\"status\":\"paid\",\"status_transitions\":{\"finalized_at\":1598285013,\"marked_uncollectible_at\":null,\"paid_at\":1598285013,\"voided_at\":null},\"subscription\":\"sub_HtV9gDs8rfIx5B\",\"subtotal\":0,\"tax\":null,\"tax_percent\":null,\"total\":0,\"total_discount_amounts\":[],\"total_tax_amounts\":[],\"transfer_data\":null,\"webhooks_delivered_at\":null}},\"livemode\":false,\"pending_webhooks\":2,\"request\":{\"id\":\"req_SS6OBDznuy4BgR\",\"idempotency_key\":null},\"type\":\"invoice.paid\"}',	'2020-08-24 16:03:37'),
(40,	'',	'customer.subscription.deleted',	'{\"id\":\"evt_1HJi9DCHKNBUNpgkRUCvlzs2\",\"object\":\"event\",\"api_version\":\"2018-10-31\",\"created\":1598285031,\"data\":{\"object\":{\"id\":\"sub_HtV9gDs8rfIx5B\",\"object\":\"subscription\",\"application_fee_percent\":null,\"billing\":\"charge_automatically\",\"billing_cycle_anchor\":1598400000,\"billing_thresholds\":null,\"cancel_at\":null,\"cancel_at_period_end\":false,\"canceled_at\":1598285030,\"collection_method\":\"charge_automatically\",\"created\":1598285013,\"current_period_end\":1598400000,\"current_period_start\":1598285013,\"customer\":\"cus_HtV98OWk9iR1Cj\",\"days_until_due\":null,\"default_payment_method\":null,\"default_source\":null,\"default_tax_rates\":[],\"discount\":null,\"ended_at\":1598285030,\"invoice_customer_balance_settings\":{\"consume_applied_balance_on_void\":true},\"items\":{\"object\":\"list\",\"data\":[{\"id\":\"si_HtV9u8bypKhTih\",\"object\":\"subscription_item\",\"billing_thresholds\":null,\"created\":1598285014,\"metadata\":[],\"plan\":{\"id\":\"price_1HJZ6BCHKNBUNpgkKgGnC5xT\",\"object\":\"plan\",\"active\":true,\"aggregate_usage\":null,\"amount\":3800,\"amount_decimal\":\"3800\",\"billing_scheme\":\"per_unit\",\"created\":1598250247,\"currency\":\"dkk\",\"interval\":\"week\",\"interval_count\":1,\"livemode\":false,\"metadata\":[],\"nickname\":null,\"product\":\"prod_HtLnMRfxhVyUsI\",\"tiers\":null,\"tiers_mode\":null,\"transform_usage\":null,\"trial_period_days\":2,\"usage_type\":\"licensed\"},\"price\":{\"id\":\"price_1HJZ6BCHKNBUNpgkKgGnC5xT\",\"object\":\"price\",\"active\":true,\"billing_scheme\":\"per_unit\",\"created\":1598250247,\"currency\":\"dkk\",\"livemode\":false,\"lookup_key\":null,\"metadata\":[],\"nickname\":null,\"product\":\"prod_HtLnMRfxhVyUsI\",\"recurring\":{\"aggregate_usage\":null,\"interval\":\"week\",\"interval_count\":1,\"trial_period_days\":2,\"usage_type\":\"licensed\"},\"tiers_mode\":null,\"transform_quantity\":null,\"type\":\"recurring\",\"unit_amount\":3800,\"unit_amount_decimal\":\"3800\"},\"quantity\":1,\"subscription\":\"sub_HtV9gDs8rfIx5B\",\"tax_rates\":[]}],\"has_more\":false,\"total_count\":1,\"url\":\"\\/v1\\/subscription_items?subscription=sub_HtV9gDs8rfIx5B\"},\"latest_invoice\":\"in_1HJi8vCHKNBUNpgkRafyFgfK\",\"livemode\":false,\"metadata\":[],\"next_pending_invoice_item_invoice\":null,\"pause_collection\":null,\"pending_invoice_item_interval\":null,\"pending_setup_intent\":null,\"pending_update\":null,\"plan\":{\"id\":\"price_1HJZ6BCHKNBUNpgkKgGnC5xT\",\"object\":\"plan\",\"active\":true,\"aggregate_usage\":null,\"amount\":3800,\"amount_decimal\":\"3800\",\"billing_scheme\":\"per_unit\",\"created\":1598250247,\"currency\":\"dkk\",\"interval\":\"week\",\"interval_count\":1,\"livemode\":false,\"metadata\":[],\"nickname\":null,\"product\":\"prod_HtLnMRfxhVyUsI\",\"tiers\":null,\"tiers_mode\":null,\"transform_usage\":null,\"trial_period_days\":2,\"usage_type\":\"licensed\"},\"quantity\":1,\"schedule\":null,\"start\":1598285013,\"start_date\":1598285013,\"status\":\"canceled\",\"tax_percent\":null,\"transfer_data\":null,\"trial_end\":1598400000,\"trial_start\":1598285013}},\"livemode\":false,\"pending_webhooks\":3,\"request\":{\"id\":\"req_sm4gAeUDetLtLD\",\"idempotency_key\":null},\"type\":\"customer.subscription.deleted\"}',	'2020-08-24 16:03:52'),
(41,	'',	'invoice.paid',	'{\"id\":\"evt_1HJiM4CHKNBUNpgkCFsZEKn2\",\"object\":\"event\",\"api_version\":\"2018-10-31\",\"created\":1598285827,\"data\":{\"object\":{\"id\":\"in_1HJiM2CHKNBUNpgkggQrf5a4\",\"object\":\"invoice\",\"account_country\":\"DK\",\"account_name\":\"MealTicket\",\"amount_due\":0,\"amount_paid\":0,\"amount_remaining\":0,\"application_fee\":null,\"attempt_count\":0,\"attempted\":true,\"auto_advance\":false,\"billing\":\"charge_automatically\",\"billing_reason\":\"subscription_create\",\"charge\":null,\"closed\":true,\"collection_method\":\"charge_automatically\",\"created\":1598285826,\"currency\":\"dkk\",\"custom_fields\":null,\"customer\":\"cus_HtVME9HahgnNsA\",\"customer_address\":null,\"customer_email\":\"Alexander@gmail.com\",\"customer_name\":\"Alexander Chalmer\",\"customer_phone\":\"22324681\",\"customer_shipping\":null,\"customer_tax_exempt\":\"none\",\"customer_tax_ids\":[],\"date\":1598285826,\"default_payment_method\":null,\"default_source\":null,\"default_tax_rates\":[],\"description\":null,\"discount\":null,\"discounts\":[],\"due_date\":null,\"ending_balance\":0,\"finalized_at\":1598285826,\"footer\":null,\"forgiven\":false,\"hosted_invoice_url\":\"https:\\/\\/pay.stripe.com\\/invoice\\/acct_1DTVcrCHKNBUNpgk\\/invst_HtVM4ltXh6gVPYUZwKvJcr8YavCL99E\",\"invoice_pdf\":\"https:\\/\\/pay.stripe.com\\/invoice\\/acct_1DTVcrCHKNBUNpgk\\/invst_HtVM4ltXh6gVPYUZwKvJcr8YavCL99E\\/pdf\",\"lines\":{\"object\":\"list\",\"data\":[{\"id\":\"sli_f988d368ad2645\",\"object\":\"line_item\",\"amount\":0,\"currency\":\"dkk\",\"description\":\"Trial period for Junior\",\"discount_amounts\":[],\"discountable\":true,\"discounts\":[],\"livemode\":false,\"metadata\":[],\"period\":{\"end\":1598400000,\"start\":1598285826},\"plan\":{\"id\":\"price_1HJZ6BCHKNBUNpgkKgGnC5xT\",\"object\":\"plan\",\"active\":true,\"aggregate_usage\":null,\"amount\":3800,\"amount_decimal\":\"3800\",\"billing_scheme\":\"per_unit\",\"created\":1598250247,\"currency\":\"dkk\",\"interval\":\"week\",\"interval_count\":1,\"livemode\":false,\"metadata\":[],\"nickname\":null,\"product\":\"prod_HtLnMRfxhVyUsI\",\"tiers\":null,\"tiers_mode\":null,\"transform_usage\":null,\"trial_period_days\":2,\"usage_type\":\"licensed\"},\"price\":{\"id\":\"price_1HJZ6BCHKNBUNpgkKgGnC5xT\",\"object\":\"price\",\"active\":true,\"billing_scheme\":\"per_unit\",\"created\":1598250247,\"currency\":\"dkk\",\"livemode\":false,\"lookup_key\":null,\"metadata\":[],\"nickname\":null,\"product\":\"prod_HtLnMRfxhVyUsI\",\"recurring\":{\"aggregate_usage\":null,\"interval\":\"week\",\"interval_count\":1,\"trial_period_days\":2,\"usage_type\":\"licensed\"},\"tiers_mode\":null,\"transform_quantity\":null,\"type\":\"recurring\",\"unit_amount\":3800,\"unit_amount_decimal\":\"3800\"},\"proration\":false,\"quantity\":1,\"subscription\":\"sub_HtVMjOH0fC6OeR\",\"subscription_item\":\"si_HtVMBNOucOYhVI\",\"tax_amounts\":[],\"tax_rates\":[],\"type\":\"subscription\",\"unique_id\":\"il_1HJiM2CHKNBUNpgkvKVYyRtT\"}],\"has_more\":false,\"total_count\":1,\"url\":\"\\/v1\\/invoices\\/in_1HJiM2CHKNBUNpgkggQrf5a4\\/lines\"},\"livemode\":false,\"metadata\":[],\"next_payment_attempt\":null,\"number\":\"9B07998E-0001\",\"paid\":true,\"payment_intent\":null,\"period_end\":1598285826,\"period_start\":1598285826,\"post_payment_credit_notes_amount\":0,\"pre_payment_credit_notes_amount\":0,\"receipt_number\":null,\"starting_balance\":0,\"statement_descriptor\":null,\"status\":\"paid\",\"status_transitions\":{\"finalized_at\":1598285826,\"marked_uncollectible_at\":null,\"paid_at\":1598285826,\"voided_at\":null},\"subscription\":\"sub_HtVMjOH0fC6OeR\",\"subtotal\":0,\"tax\":null,\"tax_percent\":null,\"total\":0,\"total_discount_amounts\":[],\"total_tax_amounts\":[],\"transfer_data\":null,\"webhooks_delivered_at\":null}},\"livemode\":false,\"pending_webhooks\":2,\"request\":{\"id\":\"req_8JDA5wX7TcqvJw\",\"idempotency_key\":null},\"type\":\"invoice.paid\"}',	'2020-08-24 16:17:10'),
(42,	'',	'customer.subscription.deleted',	'{\"id\":\"evt_1HJiNVCHKNBUNpgkjGcDA09t\",\"object\":\"event\",\"api_version\":\"2018-10-31\",\"created\":1598285917,\"data\":{\"object\":{\"id\":\"sub_HtVMjOH0fC6OeR\",\"object\":\"subscription\",\"application_fee_percent\":null,\"billing\":\"charge_automatically\",\"billing_cycle_anchor\":1598400000,\"billing_thresholds\":null,\"cancel_at\":null,\"cancel_at_period_end\":false,\"canceled_at\":1598285917,\"collection_method\":\"charge_automatically\",\"created\":1598285826,\"current_period_end\":1598400000,\"current_period_start\":1598285826,\"customer\":\"cus_HtVME9HahgnNsA\",\"days_until_due\":null,\"default_payment_method\":null,\"default_source\":null,\"default_tax_rates\":[],\"discount\":null,\"ended_at\":1598285917,\"invoice_customer_balance_settings\":{\"consume_applied_balance_on_void\":true},\"items\":{\"object\":\"list\",\"data\":[{\"id\":\"si_HtVMBNOucOYhVI\",\"object\":\"subscription_item\",\"billing_thresholds\":null,\"created\":1598285827,\"metadata\":[],\"plan\":{\"id\":\"price_1HJZ6BCHKNBUNpgkKgGnC5xT\",\"object\":\"plan\",\"active\":true,\"aggregate_usage\":null,\"amount\":3800,\"amount_decimal\":\"3800\",\"billing_scheme\":\"per_unit\",\"created\":1598250247,\"currency\":\"dkk\",\"interval\":\"week\",\"interval_count\":1,\"livemode\":false,\"metadata\":[],\"nickname\":null,\"product\":\"prod_HtLnMRfxhVyUsI\",\"tiers\":null,\"tiers_mode\":null,\"transform_usage\":null,\"trial_period_days\":2,\"usage_type\":\"licensed\"},\"price\":{\"id\":\"price_1HJZ6BCHKNBUNpgkKgGnC5xT\",\"object\":\"price\",\"active\":true,\"billing_scheme\":\"per_unit\",\"created\":1598250247,\"currency\":\"dkk\",\"livemode\":false,\"lookup_key\":null,\"metadata\":[],\"nickname\":null,\"product\":\"prod_HtLnMRfxhVyUsI\",\"recurring\":{\"aggregate_usage\":null,\"interval\":\"week\",\"interval_count\":1,\"trial_period_days\":2,\"usage_type\":\"licensed\"},\"tiers_mode\":null,\"transform_quantity\":null,\"type\":\"recurring\",\"unit_amount\":3800,\"unit_amount_decimal\":\"3800\"},\"quantity\":1,\"subscription\":\"sub_HtVMjOH0fC6OeR\",\"tax_rates\":[]}],\"has_more\":false,\"total_count\":1,\"url\":\"\\/v1\\/subscription_items?subscription=sub_HtVMjOH0fC6OeR\"},\"latest_invoice\":\"in_1HJiM2CHKNBUNpgkggQrf5a4\",\"livemode\":false,\"metadata\":[],\"next_pending_invoice_item_invoice\":null,\"pause_collection\":null,\"pending_invoice_item_interval\":null,\"pending_setup_intent\":null,\"pending_update\":null,\"plan\":{\"id\":\"price_1HJZ6BCHKNBUNpgkKgGnC5xT\",\"object\":\"plan\",\"active\":true,\"aggregate_usage\":null,\"amount\":3800,\"amount_decimal\":\"3800\",\"billing_scheme\":\"per_unit\",\"created\":1598250247,\"currency\":\"dkk\",\"interval\":\"week\",\"interval_count\":1,\"livemode\":false,\"metadata\":[],\"nickname\":null,\"product\":\"prod_HtLnMRfxhVyUsI\",\"tiers\":null,\"tiers_mode\":null,\"transform_usage\":null,\"trial_period_days\":2,\"usage_type\":\"licensed\"},\"quantity\":1,\"schedule\":null,\"start\":1598285826,\"start_date\":1598285826,\"status\":\"canceled\",\"tax_percent\":null,\"transfer_data\":null,\"trial_end\":1598400000,\"trial_start\":1598285826}},\"livemode\":false,\"pending_webhooks\":3,\"request\":{\"id\":\"req_Cy95NEn0TVF3z7\",\"idempotency_key\":null},\"type\":\"customer.subscription.deleted\"}',	'2020-08-24 16:18:40'),
(43,	'',	'invoice.paid',	'{\"id\":\"evt_1HJiYVCHKNBUNpgk96iRWPlf\",\"object\":\"event\",\"api_version\":\"2018-10-31\",\"created\":1598286598,\"data\":{\"object\":{\"id\":\"in_1HJiYUCHKNBUNpgkdAZTCAVJ\",\"object\":\"invoice\",\"account_country\":\"DK\",\"account_name\":\"MealTicket\",\"amount_due\":0,\"amount_paid\":0,\"amount_remaining\":0,\"application_fee\":null,\"attempt_count\":0,\"attempted\":true,\"auto_advance\":false,\"billing\":\"charge_automatically\",\"billing_reason\":\"subscription_create\",\"charge\":null,\"closed\":true,\"collection_method\":\"charge_automatically\",\"created\":1598286598,\"currency\":\"dkk\",\"custom_fields\":null,\"customer\":\"cus_HtVZtaJn9OTm7t\",\"customer_address\":null,\"customer_email\":\"manish111@gmail.com\",\"customer_name\":\"manish\",\"customer_phone\":\"9926331376\",\"customer_shipping\":null,\"customer_tax_exempt\":\"none\",\"customer_tax_ids\":[],\"date\":1598286598,\"default_payment_method\":null,\"default_source\":null,\"default_tax_rates\":[],\"description\":null,\"discount\":null,\"discounts\":[],\"due_date\":null,\"ending_balance\":0,\"finalized_at\":1598286597,\"footer\":null,\"forgiven\":false,\"hosted_invoice_url\":\"https:\\/\\/pay.stripe.com\\/invoice\\/acct_1DTVcrCHKNBUNpgk\\/invst_HtVZookWJ7ETUxWfsB6s8zDwbV5epD5\",\"invoice_pdf\":\"https:\\/\\/pay.stripe.com\\/invoice\\/acct_1DTVcrCHKNBUNpgk\\/invst_HtVZookWJ7ETUxWfsB6s8zDwbV5epD5\\/pdf\",\"lines\":{\"object\":\"list\",\"data\":[{\"id\":\"sli_07f4381f5c74ce\",\"object\":\"line_item\",\"amount\":0,\"currency\":\"dkk\",\"description\":\"Trial period for Junior\",\"discount_amounts\":[],\"discountable\":true,\"discounts\":[],\"livemode\":false,\"metadata\":[],\"period\":{\"end\":1598400000,\"start\":1598286597},\"plan\":{\"id\":\"price_1HJZ6BCHKNBUNpgkKgGnC5xT\",\"object\":\"plan\",\"active\":true,\"aggregate_usage\":null,\"amount\":3800,\"amount_decimal\":\"3800\",\"billing_scheme\":\"per_unit\",\"created\":1598250247,\"currency\":\"dkk\",\"interval\":\"week\",\"interval_count\":1,\"livemode\":false,\"metadata\":[],\"nickname\":null,\"product\":\"prod_HtLnMRfxhVyUsI\",\"tiers\":null,\"tiers_mode\":null,\"transform_usage\":null,\"trial_period_days\":2,\"usage_type\":\"licensed\"},\"price\":{\"id\":\"price_1HJZ6BCHKNBUNpgkKgGnC5xT\",\"object\":\"price\",\"active\":true,\"billing_scheme\":\"per_unit\",\"created\":1598250247,\"currency\":\"dkk\",\"livemode\":false,\"lookup_key\":null,\"metadata\":[],\"nickname\":null,\"product\":\"prod_HtLnMRfxhVyUsI\",\"recurring\":{\"aggregate_usage\":null,\"interval\":\"week\",\"interval_count\":1,\"trial_period_days\":2,\"usage_type\":\"licensed\"},\"tiers_mode\":null,\"transform_quantity\":null,\"type\":\"recurring\",\"unit_amount\":3800,\"unit_amount_decimal\":\"3800\"},\"proration\":false,\"quantity\":1,\"subscription\":\"sub_HtVZ0x3m9jGmab\",\"subscription_item\":\"si_HtVZDc0DlFrO0b\",\"tax_amounts\":[],\"tax_rates\":[],\"type\":\"subscription\",\"unique_id\":\"il_1HJiYUCHKNBUNpgkAj1h9Z9c\"}],\"has_more\":false,\"total_count\":1,\"url\":\"\\/v1\\/invoices\\/in_1HJiYUCHKNBUNpgkdAZTCAVJ\\/lines\"},\"livemode\":false,\"metadata\":[],\"next_payment_attempt\":null,\"number\":\"7F745AE9-0001\",\"paid\":true,\"payment_intent\":null,\"period_end\":1598286597,\"period_start\":1598286597,\"post_payment_credit_notes_amount\":0,\"pre_payment_credit_notes_amount\":0,\"receipt_number\":null,\"starting_balance\":0,\"statement_descriptor\":null,\"status\":\"paid\",\"status_transitions\":{\"finalized_at\":1598286597,\"marked_uncollectible_at\":null,\"paid_at\":1598286597,\"voided_at\":null},\"subscription\":\"sub_HtVZ0x3m9jGmab\",\"subtotal\":0,\"tax\":null,\"tax_percent\":null,\"total\":0,\"total_discount_amounts\":[],\"total_tax_amounts\":[],\"transfer_data\":null,\"webhooks_delivered_at\":null}},\"livemode\":false,\"pending_webhooks\":2,\"request\":{\"id\":\"req_e2sezl4ujFdAMn\",\"idempotency_key\":null},\"type\":\"invoice.paid\"}',	'2020-08-24 16:30:02'),
(44,	'',	'customer.subscription.deleted',	'{\"id\":\"evt_1HJiYuCHKNBUNpgkiMcx7H2z\",\"object\":\"event\",\"api_version\":\"2018-10-31\",\"created\":1598286623,\"data\":{\"object\":{\"id\":\"sub_HtVZ0x3m9jGmab\",\"object\":\"subscription\",\"application_fee_percent\":null,\"billing\":\"charge_automatically\",\"billing_cycle_anchor\":1598400000,\"billing_thresholds\":null,\"cancel_at\":null,\"cancel_at_period_end\":false,\"canceled_at\":1598286623,\"collection_method\":\"charge_automatically\",\"created\":1598286597,\"current_period_end\":1598400000,\"current_period_start\":1598286597,\"customer\":\"cus_HtVZtaJn9OTm7t\",\"days_until_due\":null,\"default_payment_method\":null,\"default_source\":null,\"default_tax_rates\":[],\"discount\":null,\"ended_at\":1598286623,\"invoice_customer_balance_settings\":{\"consume_applied_balance_on_void\":true},\"items\":{\"object\":\"list\",\"data\":[{\"id\":\"si_HtVZDc0DlFrO0b\",\"object\":\"subscription_item\",\"billing_thresholds\":null,\"created\":1598286598,\"metadata\":[],\"plan\":{\"id\":\"price_1HJZ6BCHKNBUNpgkKgGnC5xT\",\"object\":\"plan\",\"active\":true,\"aggregate_usage\":null,\"amount\":3800,\"amount_decimal\":\"3800\",\"billing_scheme\":\"per_unit\",\"created\":1598250247,\"currency\":\"dkk\",\"interval\":\"week\",\"interval_count\":1,\"livemode\":false,\"metadata\":[],\"nickname\":null,\"product\":\"prod_HtLnMRfxhVyUsI\",\"tiers\":null,\"tiers_mode\":null,\"transform_usage\":null,\"trial_period_days\":2,\"usage_type\":\"licensed\"},\"price\":{\"id\":\"price_1HJZ6BCHKNBUNpgkKgGnC5xT\",\"object\":\"price\",\"active\":true,\"billing_scheme\":\"per_unit\",\"created\":1598250247,\"currency\":\"dkk\",\"livemode\":false,\"lookup_key\":null,\"metadata\":[],\"nickname\":null,\"product\":\"prod_HtLnMRfxhVyUsI\",\"recurring\":{\"aggregate_usage\":null,\"interval\":\"week\",\"interval_count\":1,\"trial_period_days\":2,\"usage_type\":\"licensed\"},\"tiers_mode\":null,\"transform_quantity\":null,\"type\":\"recurring\",\"unit_amount\":3800,\"unit_amount_decimal\":\"3800\"},\"quantity\":1,\"subscription\":\"sub_HtVZ0x3m9jGmab\",\"tax_rates\":[]}],\"has_more\":false,\"total_count\":1,\"url\":\"\\/v1\\/subscription_items?subscription=sub_HtVZ0x3m9jGmab\"},\"latest_invoice\":\"in_1HJiYUCHKNBUNpgkdAZTCAVJ\",\"livemode\":false,\"metadata\":[],\"next_pending_invoice_item_invoice\":null,\"pause_collection\":null,\"pending_invoice_item_interval\":null,\"pending_setup_intent\":null,\"pending_update\":null,\"plan\":{\"id\":\"price_1HJZ6BCHKNBUNpgkKgGnC5xT\",\"object\":\"plan\",\"active\":true,\"aggregate_usage\":null,\"amount\":3800,\"amount_decimal\":\"3800\",\"billing_scheme\":\"per_unit\",\"created\":1598250247,\"currency\":\"dkk\",\"interval\":\"week\",\"interval_count\":1,\"livemode\":false,\"metadata\":[],\"nickname\":null,\"product\":\"prod_HtLnMRfxhVyUsI\",\"tiers\":null,\"tiers_mode\":null,\"transform_usage\":null,\"trial_period_days\":2,\"usage_type\":\"licensed\"},\"quantity\":1,\"schedule\":null,\"start\":1598286597,\"start_date\":1598286597,\"status\":\"canceled\",\"tax_percent\":null,\"transfer_data\":null,\"trial_end\":1598400000,\"trial_start\":1598286597}},\"livemode\":false,\"pending_webhooks\":3,\"request\":{\"id\":\"req_yj9cS4hq0A00AJ\",\"idempotency_key\":null},\"type\":\"customer.subscription.deleted\"}',	'2020-08-24 16:30:27'),
(45,	'',	'invoice.paid',	'{\"id\":\"evt_1HJib4CHKNBUNpgkAVJsl0Hh\",\"object\":\"event\",\"api_version\":\"2018-10-31\",\"created\":1598286756,\"data\":{\"object\":{\"id\":\"in_1HJib2CHKNBUNpgkCNGzF4e2\",\"object\":\"invoice\",\"account_country\":\"DK\",\"account_name\":\"MealTicket\",\"amount_due\":0,\"amount_paid\":0,\"amount_remaining\":0,\"application_fee\":null,\"attempt_count\":0,\"attempted\":true,\"auto_advance\":false,\"billing\":\"charge_automatically\",\"billing_reason\":\"subscription_create\",\"charge\":null,\"closed\":true,\"collection_method\":\"charge_automatically\",\"created\":1598286756,\"currency\":\"dkk\",\"custom_fields\":null,\"customer\":\"cus_HtVcU6X2HKlVWp\",\"customer_address\":null,\"customer_email\":\"Vladimir@gmail.com\",\"customer_name\":\"Vladimir Ristic\",\"customer_phone\":\"28687766\",\"customer_shipping\":null,\"customer_tax_exempt\":\"none\",\"customer_tax_ids\":[],\"date\":1598286756,\"default_payment_method\":null,\"default_source\":null,\"default_tax_rates\":[],\"description\":null,\"discount\":null,\"discounts\":[],\"due_date\":null,\"ending_balance\":0,\"finalized_at\":1598286756,\"footer\":null,\"forgiven\":false,\"hosted_invoice_url\":\"https:\\/\\/pay.stripe.com\\/invoice\\/acct_1DTVcrCHKNBUNpgk\\/invst_HtVcO9zfI2cbbB0wDLyWBuE0hPun6jx\",\"invoice_pdf\":\"https:\\/\\/pay.stripe.com\\/invoice\\/acct_1DTVcrCHKNBUNpgk\\/invst_HtVcO9zfI2cbbB0wDLyWBuE0hPun6jx\\/pdf\",\"lines\":{\"object\":\"list\",\"data\":[{\"id\":\"sli_a5cab7eaf2a616\",\"object\":\"line_item\",\"amount\":0,\"currency\":\"dkk\",\"description\":\"Trial period for Junior\",\"discount_amounts\":[],\"discountable\":true,\"discounts\":[],\"livemode\":false,\"metadata\":[],\"period\":{\"end\":1598400000,\"start\":1598286756},\"plan\":{\"id\":\"price_1HJZ6BCHKNBUNpgkKgGnC5xT\",\"object\":\"plan\",\"active\":true,\"aggregate_usage\":null,\"amount\":3800,\"amount_decimal\":\"3800\",\"billing_scheme\":\"per_unit\",\"created\":1598250247,\"currency\":\"dkk\",\"interval\":\"week\",\"interval_count\":1,\"livemode\":false,\"metadata\":[],\"nickname\":null,\"product\":\"prod_HtLnMRfxhVyUsI\",\"tiers\":null,\"tiers_mode\":null,\"transform_usage\":null,\"trial_period_days\":2,\"usage_type\":\"licensed\"},\"price\":{\"id\":\"price_1HJZ6BCHKNBUNpgkKgGnC5xT\",\"object\":\"price\",\"active\":true,\"billing_scheme\":\"per_unit\",\"created\":1598250247,\"currency\":\"dkk\",\"livemode\":false,\"lookup_key\":null,\"metadata\":[],\"nickname\":null,\"product\":\"prod_HtLnMRfxhVyUsI\",\"recurring\":{\"aggregate_usage\":null,\"interval\":\"week\",\"interval_count\":1,\"trial_period_days\":2,\"usage_type\":\"licensed\"},\"tiers_mode\":null,\"transform_quantity\":null,\"type\":\"recurring\",\"unit_amount\":3800,\"unit_amount_decimal\":\"3800\"},\"proration\":false,\"quantity\":1,\"subscription\":\"sub_HtVcaOLV8e0OfM\",\"subscription_item\":\"si_HtVcE6bfff8LjB\",\"tax_amounts\":[],\"tax_rates\":[],\"type\":\"subscription\",\"unique_id\":\"il_1HJib2CHKNBUNpgkSPIBO2Hx\"}],\"has_more\":false,\"total_count\":1,\"url\":\"\\/v1\\/invoices\\/in_1HJib2CHKNBUNpgkCNGzF4e2\\/lines\"},\"livemode\":false,\"metadata\":[],\"next_payment_attempt\":null,\"number\":\"2718EA7B-0001\",\"paid\":true,\"payment_intent\":null,\"period_end\":1598286756,\"period_start\":1598286756,\"post_payment_credit_notes_amount\":0,\"pre_payment_credit_notes_amount\":0,\"receipt_number\":null,\"starting_balance\":0,\"statement_descriptor\":null,\"status\":\"paid\",\"status_transitions\":{\"finalized_at\":1598286756,\"marked_uncollectible_at\":null,\"paid_at\":1598286756,\"voided_at\":null},\"subscription\":\"sub_HtVcaOLV8e0OfM\",\"subtotal\":0,\"tax\":null,\"tax_percent\":null,\"total\":0,\"total_discount_amounts\":[],\"total_tax_amounts\":[],\"transfer_data\":null,\"webhooks_delivered_at\":null}},\"livemode\":false,\"pending_webhooks\":2,\"request\":{\"id\":\"req_zAy9hk30ZcQuzT\",\"idempotency_key\":null},\"type\":\"invoice.paid\"}',	'2020-08-24 16:32:40'),
(46,	'',	'customer.subscription.deleted',	'{\"id\":\"evt_1HJibGCHKNBUNpgkUgzT6suC\",\"object\":\"event\",\"api_version\":\"2018-10-31\",\"created\":1598286770,\"data\":{\"object\":{\"id\":\"sub_HtVcaOLV8e0OfM\",\"object\":\"subscription\",\"application_fee_percent\":null,\"billing\":\"charge_automatically\",\"billing_cycle_anchor\":1598400000,\"billing_thresholds\":null,\"cancel_at\":null,\"cancel_at_period_end\":false,\"canceled_at\":1598286770,\"collection_method\":\"charge_automatically\",\"created\":1598286756,\"current_period_end\":1598400000,\"current_period_start\":1598286756,\"customer\":\"cus_HtVcU6X2HKlVWp\",\"days_until_due\":null,\"default_payment_method\":null,\"default_source\":null,\"default_tax_rates\":[],\"discount\":null,\"ended_at\":1598286770,\"invoice_customer_balance_settings\":{\"consume_applied_balance_on_void\":true},\"items\":{\"object\":\"list\",\"data\":[{\"id\":\"si_HtVcE6bfff8LjB\",\"object\":\"subscription_item\",\"billing_thresholds\":null,\"created\":1598286756,\"metadata\":[],\"plan\":{\"id\":\"price_1HJZ6BCHKNBUNpgkKgGnC5xT\",\"object\":\"plan\",\"active\":true,\"aggregate_usage\":null,\"amount\":3800,\"amount_decimal\":\"3800\",\"billing_scheme\":\"per_unit\",\"created\":1598250247,\"currency\":\"dkk\",\"interval\":\"week\",\"interval_count\":1,\"livemode\":false,\"metadata\":[],\"nickname\":null,\"product\":\"prod_HtLnMRfxhVyUsI\",\"tiers\":null,\"tiers_mode\":null,\"transform_usage\":null,\"trial_period_days\":2,\"usage_type\":\"licensed\"},\"price\":{\"id\":\"price_1HJZ6BCHKNBUNpgkKgGnC5xT\",\"object\":\"price\",\"active\":true,\"billing_scheme\":\"per_unit\",\"created\":1598250247,\"currency\":\"dkk\",\"livemode\":false,\"lookup_key\":null,\"metadata\":[],\"nickname\":null,\"product\":\"prod_HtLnMRfxhVyUsI\",\"recurring\":{\"aggregate_usage\":null,\"interval\":\"week\",\"interval_count\":1,\"trial_period_days\":2,\"usage_type\":\"licensed\"},\"tiers_mode\":null,\"transform_quantity\":null,\"type\":\"recurring\",\"unit_amount\":3800,\"unit_amount_decimal\":\"3800\"},\"quantity\":1,\"subscription\":\"sub_HtVcaOLV8e0OfM\",\"tax_rates\":[]}],\"has_more\":false,\"total_count\":1,\"url\":\"\\/v1\\/subscription_items?subscription=sub_HtVcaOLV8e0OfM\"},\"latest_invoice\":\"in_1HJib2CHKNBUNpgkCNGzF4e2\",\"livemode\":false,\"metadata\":[],\"next_pending_invoice_item_invoice\":null,\"pause_collection\":null,\"pending_invoice_item_interval\":null,\"pending_setup_intent\":null,\"pending_update\":null,\"plan\":{\"id\":\"price_1HJZ6BCHKNBUNpgkKgGnC5xT\",\"object\":\"plan\",\"active\":true,\"aggregate_usage\":null,\"amount\":3800,\"amount_decimal\":\"3800\",\"billing_scheme\":\"per_unit\",\"created\":1598250247,\"currency\":\"dkk\",\"interval\":\"week\",\"interval_count\":1,\"livemode\":false,\"metadata\":[],\"nickname\":null,\"product\":\"prod_HtLnMRfxhVyUsI\",\"tiers\":null,\"tiers_mode\":null,\"transform_usage\":null,\"trial_period_days\":2,\"usage_type\":\"licensed\"},\"quantity\":1,\"schedule\":null,\"start\":1598286756,\"start_date\":1598286756,\"status\":\"canceled\",\"tax_percent\":null,\"transfer_data\":null,\"trial_end\":1598400000,\"trial_start\":1598286756}},\"livemode\":false,\"pending_webhooks\":3,\"request\":{\"id\":\"req_mAA2TibWV0zAYc\",\"idempotency_key\":null},\"type\":\"customer.subscription.deleted\"}',	'2020-08-24 16:32:53'),
(47,	'',	'customer.subscription.deleted',	'{\"id\":\"evt_1HJhq6CHKNBUNpgkaasd8lF7\",\"object\":\"event\",\"api_version\":\"2018-10-31\",\"created\":1598283846,\"data\":{\"object\":{\"id\":\"sub_HtUo9YfkZnQSky\",\"object\":\"subscription\",\"application_fee_percent\":null,\"billing\":\"charge_automatically\",\"billing_cycle_anchor\":1598400000,\"billing_thresholds\":null,\"cancel_at\":null,\"cancel_at_period_end\":false,\"canceled_at\":1598283846,\"collection_method\":\"charge_automatically\",\"created\":1598283755,\"current_period_end\":1598400000,\"current_period_start\":1598283755,\"customer\":\"cus_HtUoJU0tnbFpxy\",\"days_until_due\":null,\"default_payment_method\":null,\"default_source\":null,\"default_tax_rates\":[],\"discount\":null,\"ended_at\":1598283846,\"invoice_customer_balance_settings\":{\"consume_applied_balance_on_void\":true},\"items\":{\"object\":\"list\",\"data\":[{\"id\":\"si_HtUokgfU2eqZPa\",\"object\":\"subscription_item\",\"billing_thresholds\":null,\"created\":1598283756,\"metadata\":[],\"plan\":{\"id\":\"price_1HJZ6BCHKNBUNpgkKgGnC5xT\",\"object\":\"plan\",\"active\":true,\"aggregate_usage\":null,\"amount\":3800,\"amount_decimal\":\"3800\",\"billing_scheme\":\"per_unit\",\"created\":1598250247,\"currency\":\"dkk\",\"interval\":\"week\",\"interval_count\":1,\"livemode\":false,\"metadata\":[],\"nickname\":null,\"product\":\"prod_HtLnMRfxhVyUsI\",\"tiers\":null,\"tiers_mode\":null,\"transform_usage\":null,\"trial_period_days\":2,\"usage_type\":\"licensed\"},\"price\":{\"id\":\"price_1HJZ6BCHKNBUNpgkKgGnC5xT\",\"object\":\"price\",\"active\":true,\"billing_scheme\":\"per_unit\",\"created\":1598250247,\"currency\":\"dkk\",\"livemode\":false,\"lookup_key\":null,\"metadata\":[],\"nickname\":null,\"product\":\"prod_HtLnMRfxhVyUsI\",\"recurring\":{\"aggregate_usage\":null,\"interval\":\"week\",\"interval_count\":1,\"trial_period_days\":2,\"usage_type\":\"licensed\"},\"tiers_mode\":null,\"transform_quantity\":null,\"type\":\"recurring\",\"unit_amount\":3800,\"unit_amount_decimal\":\"3800\"},\"quantity\":1,\"subscription\":\"sub_HtUo9YfkZnQSky\",\"tax_rates\":[]}],\"has_more\":false,\"total_count\":1,\"url\":\"\\/v1\\/subscription_items?subscription=sub_HtUo9YfkZnQSky\"},\"latest_invoice\":\"in_1HJhoeCHKNBUNpgkxyBdQwQH\",\"livemode\":false,\"metadata\":[],\"next_pending_invoice_item_invoice\":null,\"pause_collection\":null,\"pending_invoice_item_interval\":null,\"pending_setup_intent\":null,\"pending_update\":null,\"plan\":{\"id\":\"price_1HJZ6BCHKNBUNpgkKgGnC5xT\",\"object\":\"plan\",\"active\":true,\"aggregate_usage\":null,\"amount\":3800,\"amount_decimal\":\"3800\",\"billing_scheme\":\"per_unit\",\"created\":1598250247,\"currency\":\"dkk\",\"interval\":\"week\",\"interval_count\":1,\"livemode\":false,\"metadata\":[],\"nickname\":null,\"product\":\"prod_HtLnMRfxhVyUsI\",\"tiers\":null,\"tiers_mode\":null,\"transform_usage\":null,\"trial_period_days\":2,\"usage_type\":\"licensed\"},\"quantity\":1,\"schedule\":null,\"start\":1598283755,\"start_date\":1598283755,\"status\":\"canceled\",\"tax_percent\":null,\"transfer_data\":null,\"trial_end\":1598400000,\"trial_start\":1598283755}},\"livemode\":false,\"pending_webhooks\":1,\"request\":{\"id\":\"req_fJdrnlYtOxGKym\",\"idempotency_key\":null},\"type\":\"customer.subscription.deleted\"}',	'2020-08-24 16:43:39'),
(48,	'',	'invoice.paid',	'{\"id\":\"evt_1HJiqACHKNBUNpgkCgxQltkV\",\"object\":\"event\",\"api_version\":\"2018-10-31\",\"created\":1598287693,\"data\":{\"object\":{\"id\":\"in_1HJiq8CHKNBUNpgkXXmfV0nf\",\"object\":\"invoice\",\"account_country\":\"DK\",\"account_name\":\"MealTicket\",\"amount_due\":0,\"amount_paid\":0,\"amount_remaining\":0,\"application_fee\":null,\"attempt_count\":0,\"attempted\":true,\"auto_advance\":false,\"billing\":\"charge_automatically\",\"billing_reason\":\"subscription_create\",\"charge\":null,\"closed\":true,\"collection_method\":\"charge_automatically\",\"created\":1598287692,\"currency\":\"dkk\",\"custom_fields\":null,\"customer\":\"cus_HtVrMAzsj1TxLx\",\"customer_address\":null,\"customer_email\":\"Lucas@gmail.com\",\"customer_name\":\"Lucas Castenborg\",\"customer_phone\":\"52396393\",\"customer_shipping\":null,\"customer_tax_exempt\":\"none\",\"customer_tax_ids\":[],\"date\":1598287692,\"default_payment_method\":null,\"default_source\":null,\"default_tax_rates\":[],\"description\":null,\"discount\":null,\"discounts\":[],\"due_date\":null,\"ending_balance\":0,\"finalized_at\":1598287692,\"footer\":null,\"forgiven\":false,\"hosted_invoice_url\":\"https:\\/\\/pay.stripe.com\\/invoice\\/acct_1DTVcrCHKNBUNpgk\\/invst_HtVr6eYboR1mD73fR2RXSdKGTX64gzD\",\"invoice_pdf\":\"https:\\/\\/pay.stripe.com\\/invoice\\/acct_1DTVcrCHKNBUNpgk\\/invst_HtVr6eYboR1mD73fR2RXSdKGTX64gzD\\/pdf\",\"lines\":{\"object\":\"list\",\"data\":[{\"id\":\"sli_f6474b273e5a2a\",\"object\":\"line_item\",\"amount\":0,\"currency\":\"dkk\",\"description\":\"Trial period for Junior\",\"discount_amounts\":[],\"discountable\":true,\"discounts\":[],\"livemode\":false,\"metadata\":[],\"period\":{\"end\":1598400000,\"start\":1598287692},\"plan\":{\"id\":\"price_1HJZ6BCHKNBUNpgkKgGnC5xT\",\"object\":\"plan\",\"active\":true,\"aggregate_usage\":null,\"amount\":3800,\"amount_decimal\":\"3800\",\"billing_scheme\":\"per_unit\",\"created\":1598250247,\"currency\":\"dkk\",\"interval\":\"week\",\"interval_count\":1,\"livemode\":false,\"metadata\":[],\"nickname\":null,\"product\":\"prod_HtLnMRfxhVyUsI\",\"tiers\":null,\"tiers_mode\":null,\"transform_usage\":null,\"trial_period_days\":2,\"usage_type\":\"licensed\"},\"price\":{\"id\":\"price_1HJZ6BCHKNBUNpgkKgGnC5xT\",\"object\":\"price\",\"active\":true,\"billing_scheme\":\"per_unit\",\"created\":1598250247,\"currency\":\"dkk\",\"livemode\":false,\"lookup_key\":null,\"metadata\":[],\"nickname\":null,\"product\":\"prod_HtLnMRfxhVyUsI\",\"recurring\":{\"aggregate_usage\":null,\"interval\":\"week\",\"interval_count\":1,\"trial_period_days\":2,\"usage_type\":\"licensed\"},\"tiers_mode\":null,\"transform_quantity\":null,\"type\":\"recurring\",\"unit_amount\":3800,\"unit_amount_decimal\":\"3800\"},\"proration\":false,\"quantity\":1,\"subscription\":\"sub_HtVrF1BRImH8P7\",\"subscription_item\":\"si_HtVrYta9QrJE6Q\",\"tax_amounts\":[],\"tax_rates\":[],\"type\":\"subscription\",\"unique_id\":\"il_1HJiq8CHKNBUNpgk49faJNb9\"}],\"has_more\":false,\"total_count\":1,\"url\":\"\\/v1\\/invoices\\/in_1HJiq8CHKNBUNpgkXXmfV0nf\\/lines\"},\"livemode\":false,\"metadata\":[],\"next_payment_attempt\":null,\"number\":\"15996E70-0001\",\"paid\":true,\"payment_intent\":null,\"period_end\":1598287692,\"period_start\":1598287692,\"post_payment_credit_notes_amount\":0,\"pre_payment_credit_notes_amount\":0,\"receipt_number\":null,\"starting_balance\":0,\"statement_descriptor\":null,\"status\":\"paid\",\"status_transitions\":{\"finalized_at\":1598287692,\"marked_uncollectible_at\":null,\"paid_at\":1598287692,\"voided_at\":null},\"subscription\":\"sub_HtVrF1BRImH8P7\",\"subtotal\":0,\"tax\":null,\"tax_percent\":null,\"total\":0,\"total_discount_amounts\":[],\"total_tax_amounts\":[],\"transfer_data\":null,\"webhooks_delivered_at\":null}},\"livemode\":false,\"pending_webhooks\":2,\"request\":{\"id\":\"req_hxbGeSMX8cJlBm\",\"idempotency_key\":null},\"type\":\"invoice.paid\"}',	'2020-08-24 16:48:16'),
(49,	'',	'customer.subscription.deleted',	'{\"id\":\"evt_1HJhvWCHKNBUNpgktVsIaVMh\",\"object\":\"event\",\"api_version\":\"2018-10-31\",\"created\":1598284182,\"data\":{\"object\":{\"id\":\"sub_HtUtvNnuzvEAZ8\",\"object\":\"subscription\",\"application_fee_percent\":null,\"billing\":\"charge_automatically\",\"billing_cycle_anchor\":1598400000,\"billing_thresholds\":null,\"cancel_at\":null,\"cancel_at_period_end\":false,\"canceled_at\":1598284182,\"collection_method\":\"charge_automatically\",\"created\":1598284087,\"current_period_end\":1598400000,\"current_period_start\":1598284087,\"customer\":\"cus_HrzodLJ1PikxBK\",\"days_until_due\":null,\"default_payment_method\":null,\"default_source\":null,\"default_tax_rates\":[],\"discount\":null,\"ended_at\":1598284182,\"invoice_customer_balance_settings\":{\"consume_applied_balance_on_void\":true},\"items\":{\"object\":\"list\",\"data\":[{\"id\":\"si_HtUtbiDNXs4TD8\",\"object\":\"subscription_item\",\"billing_thresholds\":null,\"created\":1598284088,\"metadata\":[],\"plan\":{\"id\":\"price_1HJZ6BCHKNBUNpgkKgGnC5xT\",\"object\":\"plan\",\"active\":true,\"aggregate_usage\":null,\"amount\":3800,\"amount_decimal\":\"3800\",\"billing_scheme\":\"per_unit\",\"created\":1598250247,\"currency\":\"dkk\",\"interval\":\"week\",\"interval_count\":1,\"livemode\":false,\"metadata\":[],\"nickname\":null,\"product\":\"prod_HtLnMRfxhVyUsI\",\"tiers\":null,\"tiers_mode\":null,\"transform_usage\":null,\"trial_period_days\":2,\"usage_type\":\"licensed\"},\"price\":{\"id\":\"price_1HJZ6BCHKNBUNpgkKgGnC5xT\",\"object\":\"price\",\"active\":true,\"billing_scheme\":\"per_unit\",\"created\":1598250247,\"currency\":\"dkk\",\"livemode\":false,\"lookup_key\":null,\"metadata\":[],\"nickname\":null,\"product\":\"prod_HtLnMRfxhVyUsI\",\"recurring\":{\"aggregate_usage\":null,\"interval\":\"week\",\"interval_count\":1,\"trial_period_days\":2,\"usage_type\":\"licensed\"},\"tiers_mode\":null,\"transform_quantity\":null,\"type\":\"recurring\",\"unit_amount\":3800,\"unit_amount_decimal\":\"3800\"},\"quantity\":1,\"subscription\":\"sub_HtUtvNnuzvEAZ8\",\"tax_rates\":[]}],\"has_more\":false,\"total_count\":1,\"url\":\"\\/v1\\/subscription_items?subscription=sub_HtUtvNnuzvEAZ8\"},\"latest_invoice\":\"in_1HJhu0CHKNBUNpgkA4uCmFOu\",\"livemode\":false,\"metadata\":[],\"next_pending_invoice_item_invoice\":null,\"pause_collection\":null,\"pending_invoice_item_interval\":null,\"pending_setup_intent\":null,\"pending_update\":null,\"plan\":{\"id\":\"price_1HJZ6BCHKNBUNpgkKgGnC5xT\",\"object\":\"plan\",\"active\":true,\"aggregate_usage\":null,\"amount\":3800,\"amount_decimal\":\"3800\",\"billing_scheme\":\"per_unit\",\"created\":1598250247,\"currency\":\"dkk\",\"interval\":\"week\",\"interval_count\":1,\"livemode\":false,\"metadata\":[],\"nickname\":null,\"product\":\"prod_HtLnMRfxhVyUsI\",\"tiers\":null,\"tiers_mode\":null,\"transform_usage\":null,\"trial_period_days\":2,\"usage_type\":\"licensed\"},\"quantity\":1,\"schedule\":null,\"start\":1598284087,\"start_date\":1598284087,\"status\":\"canceled\",\"tax_percent\":null,\"transfer_data\":null,\"trial_end\":1598400000,\"trial_start\":1598284087}},\"livemode\":false,\"pending_webhooks\":1,\"request\":{\"id\":\"req_k5b3NVrPOMaIba\",\"idempotency_key\":null},\"type\":\"customer.subscription.deleted\"}',	'2020-08-24 16:49:04'),
(50,	'',	'customer.subscription.deleted',	'{\"id\":\"evt_1HJirSCHKNBUNpgkryNvRv1C\",\"object\":\"event\",\"api_version\":\"2018-10-31\",\"created\":1598287774,\"data\":{\"object\":{\"id\":\"sub_HtVrF1BRImH8P7\",\"object\":\"subscription\",\"application_fee_percent\":null,\"billing\":\"charge_automatically\",\"billing_cycle_anchor\":1598400000,\"billing_thresholds\":null,\"cancel_at\":null,\"cancel_at_period_end\":false,\"canceled_at\":1598287774,\"collection_method\":\"charge_automatically\",\"created\":1598287692,\"current_period_end\":1598400000,\"current_period_start\":1598287692,\"customer\":\"cus_HtVrMAzsj1TxLx\",\"days_until_due\":null,\"default_payment_method\":null,\"default_source\":null,\"default_tax_rates\":[],\"discount\":null,\"ended_at\":1598287774,\"invoice_customer_balance_settings\":{\"consume_applied_balance_on_void\":true},\"items\":{\"object\":\"list\",\"data\":[{\"id\":\"si_HtVrYta9QrJE6Q\",\"object\":\"subscription_item\",\"billing_thresholds\":null,\"created\":1598287692,\"metadata\":[],\"plan\":{\"id\":\"price_1HJZ6BCHKNBUNpgkKgGnC5xT\",\"object\":\"plan\",\"active\":true,\"aggregate_usage\":null,\"amount\":3800,\"amount_decimal\":\"3800\",\"billing_scheme\":\"per_unit\",\"created\":1598250247,\"currency\":\"dkk\",\"interval\":\"week\",\"interval_count\":1,\"livemode\":false,\"metadata\":[],\"nickname\":null,\"product\":\"prod_HtLnMRfxhVyUsI\",\"tiers\":null,\"tiers_mode\":null,\"transform_usage\":null,\"trial_period_days\":2,\"usage_type\":\"licensed\"},\"price\":{\"id\":\"price_1HJZ6BCHKNBUNpgkKgGnC5xT\",\"object\":\"price\",\"active\":true,\"billing_scheme\":\"per_unit\",\"created\":1598250247,\"currency\":\"dkk\",\"livemode\":false,\"lookup_key\":null,\"metadata\":[],\"nickname\":null,\"product\":\"prod_HtLnMRfxhVyUsI\",\"recurring\":{\"aggregate_usage\":null,\"interval\":\"week\",\"interval_count\":1,\"trial_period_days\":2,\"usage_type\":\"licensed\"},\"tiers_mode\":null,\"transform_quantity\":null,\"type\":\"recurring\",\"unit_amount\":3800,\"unit_amount_decimal\":\"3800\"},\"quantity\":1,\"subscription\":\"sub_HtVrF1BRImH8P7\",\"tax_rates\":[]}],\"has_more\":false,\"total_count\":1,\"url\":\"\\/v1\\/subscription_items?subscription=sub_HtVrF1BRImH8P7\"},\"latest_invoice\":\"in_1HJiq8CHKNBUNpgkXXmfV0nf\",\"livemode\":false,\"metadata\":[],\"next_pending_invoice_item_invoice\":null,\"pause_collection\":null,\"pending_invoice_item_interval\":null,\"pending_setup_intent\":null,\"pending_update\":null,\"plan\":{\"id\":\"price_1HJZ6BCHKNBUNpgkKgGnC5xT\",\"object\":\"plan\",\"active\":true,\"aggregate_usage\":null,\"amount\":3800,\"amount_decimal\":\"3800\",\"billing_scheme\":\"per_unit\",\"created\":1598250247,\"currency\":\"dkk\",\"interval\":\"week\",\"interval_count\":1,\"livemode\":false,\"metadata\":[],\"nickname\":null,\"product\":\"prod_HtLnMRfxhVyUsI\",\"tiers\":null,\"tiers_mode\":null,\"transform_usage\":null,\"trial_period_days\":2,\"usage_type\":\"licensed\"},\"quantity\":1,\"schedule\":null,\"start\":1598287692,\"start_date\":1598287692,\"status\":\"canceled\",\"tax_percent\":null,\"transfer_data\":null,\"trial_end\":1598400000,\"trial_start\":1598287692}},\"livemode\":false,\"pending_webhooks\":3,\"request\":{\"id\":\"req_czvnw3jgYCFIAx\",\"idempotency_key\":null},\"type\":\"customer.subscription.deleted\"}',	'2020-08-24 16:49:36'),
(51,	'',	'invoice.paid',	'{\"id\":\"evt_1HJiwqCHKNBUNpgkBGMAHpxm\",\"object\":\"event\",\"api_version\":\"2018-10-31\",\"created\":1598288107,\"data\":{\"object\":{\"id\":\"in_1HJiwoCHKNBUNpgkzGwpDQwh\",\"object\":\"invoice\",\"account_country\":\"DK\",\"account_name\":\"MealTicket\",\"amount_due\":0,\"amount_paid\":0,\"amount_remaining\":0,\"application_fee\":null,\"attempt_count\":0,\"attempted\":true,\"auto_advance\":false,\"billing\":\"charge_automatically\",\"billing_reason\":\"subscription_create\",\"charge\":null,\"closed\":true,\"collection_method\":\"charge_automatically\",\"created\":1598288106,\"currency\":\"dkk\",\"custom_fields\":null,\"customer\":\"cus_HtVycqA76px8IS\",\"customer_address\":null,\"customer_email\":\"Hector@gmail.com\",\"customer_name\":\"Hector Foss\",\"customer_phone\":\"42921172\",\"customer_shipping\":null,\"customer_tax_exempt\":\"none\",\"customer_tax_ids\":[],\"date\":1598288106,\"default_payment_method\":null,\"default_source\":null,\"default_tax_rates\":[],\"description\":null,\"discount\":null,\"discounts\":[],\"due_date\":null,\"ending_balance\":0,\"finalized_at\":1598288106,\"footer\":null,\"forgiven\":false,\"hosted_invoice_url\":\"https:\\/\\/pay.stripe.com\\/invoice\\/acct_1DTVcrCHKNBUNpgk\\/invst_HtVyqSdYsTGRthM7M75cf2wQtDO9OlK\",\"invoice_pdf\":\"https:\\/\\/pay.stripe.com\\/invoice\\/acct_1DTVcrCHKNBUNpgk\\/invst_HtVyqSdYsTGRthM7M75cf2wQtDO9OlK\\/pdf\",\"lines\":{\"object\":\"list\",\"data\":[{\"id\":\"sli_0363905b9c77f3\",\"object\":\"line_item\",\"amount\":0,\"currency\":\"dkk\",\"description\":\"Trial period for Junior\",\"discount_amounts\":[],\"discountable\":true,\"discounts\":[],\"livemode\":false,\"metadata\":[],\"period\":{\"end\":1598400000,\"start\":1598288106},\"plan\":{\"id\":\"price_1HJZ6BCHKNBUNpgkKgGnC5xT\",\"object\":\"plan\",\"active\":true,\"aggregate_usage\":null,\"amount\":3800,\"amount_decimal\":\"3800\",\"billing_scheme\":\"per_unit\",\"created\":1598250247,\"currency\":\"dkk\",\"interval\":\"week\",\"interval_count\":1,\"livemode\":false,\"metadata\":[],\"nickname\":null,\"product\":\"prod_HtLnMRfxhVyUsI\",\"tiers\":null,\"tiers_mode\":null,\"transform_usage\":null,\"trial_period_days\":2,\"usage_type\":\"licensed\"},\"price\":{\"id\":\"price_1HJZ6BCHKNBUNpgkKgGnC5xT\",\"object\":\"price\",\"active\":true,\"billing_scheme\":\"per_unit\",\"created\":1598250247,\"currency\":\"dkk\",\"livemode\":false,\"lookup_key\":null,\"metadata\":[],\"nickname\":null,\"product\":\"prod_HtLnMRfxhVyUsI\",\"recurring\":{\"aggregate_usage\":null,\"interval\":\"week\",\"interval_count\":1,\"trial_period_days\":2,\"usage_type\":\"licensed\"},\"tiers_mode\":null,\"transform_quantity\":null,\"type\":\"recurring\",\"unit_amount\":3800,\"unit_amount_decimal\":\"3800\"},\"proration\":false,\"quantity\":1,\"subscription\":\"sub_HtVyrGCRYeQ8lT\",\"subscription_item\":\"si_HtVyXz4gnWhiTM\",\"tax_amounts\":[],\"tax_rates\":[],\"type\":\"subscription\",\"unique_id\":\"il_1HJiwoCHKNBUNpgkiQ0h8L9H\"}],\"has_more\":false,\"total_count\":1,\"url\":\"\\/v1\\/invoices\\/in_1HJiwoCHKNBUNpgkzGwpDQwh\\/lines\"},\"livemode\":false,\"metadata\":[],\"next_payment_attempt\":null,\"number\":\"89FE7DB2-0001\",\"paid\":true,\"payment_intent\":null,\"period_end\":1598288106,\"period_start\":1598288106,\"post_payment_credit_notes_amount\":0,\"pre_payment_credit_notes_amount\":0,\"receipt_number\":null,\"starting_balance\":0,\"statement_descriptor\":null,\"status\":\"paid\",\"status_transitions\":{\"finalized_at\":1598288106,\"marked_uncollectible_at\":null,\"paid_at\":1598288106,\"voided_at\":null},\"subscription\":\"sub_HtVyrGCRYeQ8lT\",\"subtotal\":0,\"tax\":null,\"tax_percent\":null,\"total\":0,\"total_discount_amounts\":[],\"total_tax_amounts\":[],\"transfer_data\":null,\"webhooks_delivered_at\":null}},\"livemode\":false,\"pending_webhooks\":2,\"request\":{\"id\":\"req_MyIv3bZbcgzKNn\",\"idempotency_key\":null},\"type\":\"invoice.paid\"}',	'2020-08-24 16:55:11'),
(52,	'',	'customer.subscription.deleted',	'{\"id\":\"evt_1HJizWCHKNBUNpgk5luNMMtt\",\"object\":\"event\",\"api_version\":\"2018-10-31\",\"created\":1598288274,\"data\":{\"object\":{\"id\":\"sub_HtVyrGCRYeQ8lT\",\"object\":\"subscription\",\"application_fee_percent\":null,\"billing\":\"charge_automatically\",\"billing_cycle_anchor\":1598400000,\"billing_thresholds\":null,\"cancel_at\":null,\"cancel_at_period_end\":false,\"canceled_at\":1598288274,\"collection_method\":\"charge_automatically\",\"created\":1598288106,\"current_period_end\":1598400000,\"current_period_start\":1598288106,\"customer\":\"cus_HtVycqA76px8IS\",\"days_until_due\":null,\"default_payment_method\":null,\"default_source\":null,\"default_tax_rates\":[],\"discount\":null,\"ended_at\":1598288274,\"invoice_customer_balance_settings\":{\"consume_applied_balance_on_void\":true},\"items\":{\"object\":\"list\",\"data\":[{\"id\":\"si_HtVyXz4gnWhiTM\",\"object\":\"subscription_item\",\"billing_thresholds\":null,\"created\":1598288107,\"metadata\":[],\"plan\":{\"id\":\"price_1HJZ6BCHKNBUNpgkKgGnC5xT\",\"object\":\"plan\",\"active\":true,\"aggregate_usage\":null,\"amount\":3800,\"amount_decimal\":\"3800\",\"billing_scheme\":\"per_unit\",\"created\":1598250247,\"currency\":\"dkk\",\"interval\":\"week\",\"interval_count\":1,\"livemode\":false,\"metadata\":[],\"nickname\":null,\"product\":\"prod_HtLnMRfxhVyUsI\",\"tiers\":null,\"tiers_mode\":null,\"transform_usage\":null,\"trial_period_days\":2,\"usage_type\":\"licensed\"},\"price\":{\"id\":\"price_1HJZ6BCHKNBUNpgkKgGnC5xT\",\"object\":\"price\",\"active\":true,\"billing_scheme\":\"per_unit\",\"created\":1598250247,\"currency\":\"dkk\",\"livemode\":false,\"lookup_key\":null,\"metadata\":[],\"nickname\":null,\"product\":\"prod_HtLnMRfxhVyUsI\",\"recurring\":{\"aggregate_usage\":null,\"interval\":\"week\",\"interval_count\":1,\"trial_period_days\":2,\"usage_type\":\"licensed\"},\"tiers_mode\":null,\"transform_quantity\":null,\"type\":\"recurring\",\"unit_amount\":3800,\"unit_amount_decimal\":\"3800\"},\"quantity\":1,\"subscription\":\"sub_HtVyrGCRYeQ8lT\",\"tax_rates\":[]}],\"has_more\":false,\"total_count\":1,\"url\":\"\\/v1\\/subscription_items?subscription=sub_HtVyrGCRYeQ8lT\"},\"latest_invoice\":\"in_1HJiwoCHKNBUNpgkzGwpDQwh\",\"livemode\":false,\"metadata\":[],\"next_pending_invoice_item_invoice\":null,\"pause_collection\":null,\"pending_invoice_item_interval\":null,\"pending_setup_intent\":null,\"pending_update\":null,\"plan\":{\"id\":\"price_1HJZ6BCHKNBUNpgkKgGnC5xT\",\"object\":\"plan\",\"active\":true,\"aggregate_usage\":null,\"amount\":3800,\"amount_decimal\":\"3800\",\"billing_scheme\":\"per_unit\",\"created\":1598250247,\"currency\":\"dkk\",\"interval\":\"week\",\"interval_count\":1,\"livemode\":false,\"metadata\":[],\"nickname\":null,\"product\":\"prod_HtLnMRfxhVyUsI\",\"tiers\":null,\"tiers_mode\":null,\"transform_usage\":null,\"trial_period_days\":2,\"usage_type\":\"licensed\"},\"quantity\":1,\"schedule\":null,\"start\":1598288106,\"start_date\":1598288106,\"status\":\"canceled\",\"tax_percent\":null,\"transfer_data\":null,\"trial_end\":1598400000,\"trial_start\":1598288106}},\"livemode\":false,\"pending_webhooks\":3,\"request\":{\"id\":\"req_ZCIXMDV00tzfcs\",\"idempotency_key\":null},\"type\":\"customer.subscription.deleted\"}',	'2020-08-24 16:57:56');

DROP TABLE IF EXISTS `websitesettings`;
CREATE TABLE `websitesettings` (
  `id` int(10) unsigned NOT NULL AUTO_INCREMENT,
  `website_name` varchar(191) COLLATE utf8mb4_unicode_ci NOT NULL,
  `website_logo` varchar(191) COLLATE utf8mb4_unicode_ci NOT NULL,
  `locktimeout` varchar(191) COLLATE utf8mb4_unicode_ci NOT NULL,
  `email` varchar(191) COLLATE utf8mb4_unicode_ci NOT NULL,
  `address` varchar(191) COLLATE utf8mb4_unicode_ci NOT NULL,
  `mobile` varchar(191) COLLATE utf8mb4_unicode_ci NOT NULL,
  `whatapps_no` varchar(12) COLLATE utf8mb4_unicode_ci NOT NULL,
  `sapport_no` varchar(12) COLLATE utf8mb4_unicode_ci NOT NULL,
  `near_by_distance` int(11) DEFAULT '0',
  `fb_link` varchar(191) COLLATE utf8mb4_unicode_ci NOT NULL,
  `twi_link` varchar(191) COLLATE utf8mb4_unicode_ci NOT NULL,
  `yout_link` varchar(191) COLLATE utf8mb4_unicode_ci NOT NULL,
  `shpping_charge` int(11) DEFAULT NULL,
  `created_at` timestamp NULL DEFAULT NULL,
  `updated_at` timestamp NULL DEFAULT NULL,
  PRIMARY KEY (`id`)
) ENGINE=MyISAM AUTO_INCREMENT=2 DEFAULT CHARSET=utf8mb4 COLLATE=utf8mb4_unicode_ci;

INSERT INTO `websitesettings` (`id`, `website_name`, `website_logo`, `locktimeout`, `email`, `address`, `mobile`, `whatapps_no`, `sapport_no`, `near_by_distance`, `fb_link`, `twi_link`, `yout_link`, `shpping_charge`, `created_at`, `updated_at`) VALUES
(1,	'Amigos',	'',	'10',	'manish09.chakravarti@gmail.com',	'BHOPAL',	'9926331375',	'9876543213',	'8987654323',	10000,	'',	'',	'',	10,	'2018-04-10 21:57:19',	'2020-10-26 10:36:14');

-- 2021-08-06 07:37:48
